{
    "cuspEmax_ctc": {
        "resolution": [
            0.5132036532121336,
            0.0007945742150001523,
            3.7317700028360255e-26
        ],
        "calibration": [
            0.042174733364437986,
            -0.42505785911029337
        ]
    }
}