{
    "C_60": 1796150.5214840453,
    "C_60_err": 1.5119070770628143e-05,
    "C_99_103": 6257.75864952979,
    "C_99_103_err": 2.2530207795062677e-05,
    "O_Am241": 287.02777177560347,
    "O_Am241_err": 1.0334072272612802e-06
}