{
    "C_60": 4581815.456908292,
    "C_60_err": 3.9996540174957323e-05,
    "C_99_103": 7940.8361936951915,
    "C_99_103_err": 1.67274982109468e-05,
    "O_Am241": 576.9940778461253,
    "O_Am241_err": 1.2154576724677602e-06
}