{
    "C_60": 567588.8188082993,
    "C_60_err": 4.436552742241324e-06,
    "C_99_103": 4616.46288301953,
    "C_99_103_err": 3.6872589150123552e-06,
    "O_Am241": 122.9488535250719,
    "O_Am241_err": 9.820634886226207e-08
}