{
    "C_60": 2213746.5488884794,
    "C_60_err": 1.9041960666937516e-05,
    "C_99_103": 6573.032505577159,
    "C_99_103_err": 2.7014947421448893e-06,
    "O_Am241": 336.79227160525,
    "O_Am241_err": 1.3845082791594036e-07
}