{
    "C_60": 3727975.5593220573,
    "C_60_err": 3.1997414535935714e-05,
    "C_99_103": 7506.153239176985,
    "C_99_103_err": 3.088525675967526e-06,
    "O_Am241": 496.65593554160006,
    "O_Am241_err": 2.0440140936100426e-07
}