{
    "C_60": 958518.6089702785,
    "C_60_err": 8.023497689059467e-06,
    "C_99_103": 5288.766362253671,
    "C_99_103_err": 2.9063650622009403e-05,
    "O_Am241": 181.23670877414796,
    "O_Am241_err": 9.959612759845463e-07
}