{
    "C_60": 3358251.302135934,
    "C_60_err": 2.8251543050163835e-05,
    "C_99_103": 7281.010865381288,
    "C_99_103_err": 1.3729543381364396e-05,
    "O_Am241": 461.234211049357,
    "O_Am241_err": 8.697416122707929e-07
}