{
    "C_60": 1064194.577750336,
    "C_60_err": 8.721276079427277e-06,
    "C_99_103": 5388.385919017376,
    "C_99_103_err": 8.05778320305873e-06,
    "O_Am241": 197.4978395653595,
    "O_Am241_err": 2.9534237070441374e-07
}