{
    "C_60": 2726785.7195642297,
    "C_60_err": 2.3567226536905933e-05,
    "C_99_103": 6949.08487987005,
    "C_99_103_err": 2.5784690168076792e-05,
    "O_Am241": 392.3949364128679,
    "O_Am241_err": 1.4559916134608214e-06
}