{
    "C_60": 2456890.4547838387,
    "C_60_err": 2.0605639332108017e-05,
    "C_99_103": 6793.255420121383,
    "C_99_103_err": 1.770722918140191e-05,
    "O_Am241": 361.6661383740431,
    "O_Am241_err": 9.427200882661635e-07
}