{
    "C_60": 630786.7002876365,
    "C_60_err": 5.681597102977741e-06,
    "C_99_103": 4714.348562115225,
    "C_99_103_err": 1.7812874397762405e-05,
    "O_Am241": 133.80145569987644,
    "O_Am241_err": 5.055619594505107e-07
}