{
    "C_60": 700552.5248837485,
    "C_60_err": 6.085159055730684e-06,
    "C_99_103": 4859.05992705611,
    "C_99_103_err": 7.188247740811196e-06,
    "O_Am241": 144.1744978247639,
    "O_Am241_err": 2.1328814393104243e-07
}