{
    "C_60": 1311757.7629098664,
    "C_60_err": 1.0668125842573477e-05,
    "C_99_103": 5769.353505086034,
    "C_99_103_err": 1.0396570439098613e-05,
    "O_Am241": 227.3665085270772,
    "O_Am241_err": 4.0972632239592046e-07
}