{
    "C_60": 1181890.4322833845,
    "C_60_err": 9.669099501671136e-06,
    "C_99_103": 5612.744657848422,
    "C_99_103_err": 4.264824369690077e-06,
    "O_Am241": 210.57263501747252,
    "O_Am241_err": 1.600121528484282e-07
}