{
    "C_60": 1993491.0384729127,
    "C_60_err": 1.7077024437872623e-05,
    "C_99_103": 6431.465099078464,
    "C_99_103_err": 6.131966627648177e-06,
    "O_Am241": 309.95908517929314,
    "O_Am241_err": 2.955369347708373e-07
}