{
    "C_60": 4134498.8527011313,
    "C_60_err": 3.7260029604416905e-05,
    "C_99_103": 7746.056188373401,
    "C_99_103_err": 1.5607649327443893e-06,
    "O_Am241": 533.7553397697903,
    "O_Am241_err": 1.076547126653432e-07
}