{
    "C_60": 1056494.6390773642,
    "C_60_err": 1504.6597210682025,
    "C_99_103": 39745.8789195836,
    "C_99_103_err": 385.50124238260577,
    "O_Am241": 26.58123729544217,
    "O_Am241_err": 0.2605800014726867
}