{
    "C_60": 1056494.6390773642,
    "C_60_err": 3.613610790745639e-06,
    "C_99_103": 39745.8789195836,
    "C_99_103_err": 2.2092920531247993e-05,
    "O_Am241": 26.58123729544217,
    "O_Am241_err": 1.4775576663333539e-08
}