{
    "C_60": 777153.4870488519,
    "C_60_err": 6.159309754913932e-06,
    "C_99_103": 5023.2752768766895,
    "C_99_103_err": 2.5365460854513377e-06,
    "O_Am241": 154.71051141200067,
    "O_Am241_err": 7.813202613452259e-08
}