{
    "C_60": 862676.3698830104,
    "C_60_err": 7.156353002877279e-06,
    "C_99_103": 5153.146747596306,
    "C_99_103_err": 9.588053030648195e-06,
    "O_Am241": 167.40768546624588,
    "O_Am241_err": 3.11485350160783e-07
}