{
    "C_60": 3027162.5704822238,
    "C_60_err": 2.6186347864796955e-05,
    "C_99_103": 7147.474138461012,
    "C_99_103_err": 2.3050930875345195e-06,
    "O_Am241": 423.52899945350896,
    "O_Am241_err": 1.3663916537311534e-07
}