{
    "C_60": 1457111.3569276666,
    "C_60_err": 1.2218961532878964e-05,
    "C_99_103": 5919.356653619645,
    "C_99_103_err": 1.6400180934235604e-05,
    "O_Am241": 246.16042624102624,
    "O_Am241_err": 6.820156744859477e-07
}