{
    "C_60": 1618255.2375880384,
    "C_60_err": 1.3367477437976547e-05,
    "C_99_103": 6104.681072416339,
    "C_99_103_err": 1.3196752173016424e-05,
    "O_Am241": 265.08432109582833,
    "O_Am241_err": 5.730483851133317e-07
}