{
    "C_79": 3464.536207800023,
    "C_79_err": 23.77697208265952,
    "C_81": 43012.5438628747,
    "C_81_err": 295.1933515167917,
    "C_356": 50295.92888631775,
    "C_356_err": 242.68598294467589,
    "C_161": 1107.2406957319909,
    "C_161_err": 59.21875680696559,
    "C_223": 570.3975436643125,
    "C_223_err": 43.77946576651269,
    "C_276": 7615.617410035106,
    "C_276_err": 108.15722786828974,
    "C_303": 17676.082992300355,
    "C_303_err": 126.79564333842244,
    "C_383": 6930.876700648601,
    "C_383_err": 92.79592673984067,
    "O_Ba133": 0.9240724070476033,
    "O_Ba133_err": 0.007385868836617209
}