{
    "C_79": 45503.775739245066,
    "C_79_err": 130.86585119897146,
    "C_81": 564933.6686117284,
    "C_81_err": 1624.7118884702495,
    "C_356": 641566.7132234179,
    "C_356_err": 1526.5198573167042,
    "C_161": 13888.58489843792,
    "C_161_err": 211.41051390246352,
    "C_223": 7895.068871065925,
    "C_223_err": 157.25639919507952,
    "C_276": 96772.90754962794,
    "C_276_err": 331.39231087850965,
    "C_303": 229878.59723872202,
    "C_303_err": 417.08096471086,
    "C_383": 88412.31802417435,
    "C_383_err": 253.90140950073774,
    "O_Ba133": 0.9514792955575238,
    "O_Ba133_err": 0.0034029444180481492
}