{
    "C_79": 10925.92944075721,
    "C_79_err": 63.750021056791454,
    "C_81": 135646.444755061,
    "C_81_err": 791.4625255729959,
    "C_356": 142491.3505794321,
    "C_356_err": 348.4406419077821,
    "C_161": 3152.948028222501,
    "C_161_err": 109.18901713573021,
    "C_223": 1723.872735674042,
    "C_223_err": 91.61690866348282,
    "C_276": 21662.61928136854,
    "C_276_err": 149.99565509845922,
    "C_303": 50874.320190461425,
    "C_303_err": 225.58391912431594,
    "C_383": 19321.021478696806,
    "C_383_err": 132.92455484328872,
    "O_Ba133": 1.0286405006324306,
    "O_Ba133_err": 0.006113864251838821
}