{
    "C_79": 18537.069435716523,
    "C_79_err": 68.02734764496692,
    "C_81": 230139.4658245673,
    "C_81_err": 844.5659386865705,
    "C_356": 471761.48168161866,
    "C_356_err": 891.9602161677196,
    "C_161": 9657.594578757842,
    "C_161_err": 180.40359388595647,
    "C_223": 5891.037147779658,
    "C_223_err": 160.57073170140757,
    "C_276": 72098.0961759001,
    "C_276_err": 305.5099874640944,
    "C_303": 170155.01909527802,
    "C_303_err": 378.8894233404783,
    "C_383": 64019.973843789434,
    "C_383_err": 271.3729030718238,
    "O_Ba133": 0.5271234403747064,
    "O_Ba133_err": 0.0020540271676293526
}