{
    "C_79": 47243.08358281887,
    "C_79_err": 114.92884813467685,
    "C_81": 586527.3395753453,
    "C_81_err": 1426.8524919361769,
    "C_356": 649467.1391644414,
    "C_356_err": 1593.5337928166757,
    "C_161": 14038.964953630579,
    "C_161_err": 194.4287641826209,
    "C_223": 8068.988166843679,
    "C_223_err": 174.19290350530247,
    "C_276": 97885.83307895674,
    "C_276_err": 324.5444667038552,
    "C_303": 232703.42477179458,
    "C_303_err": 494.70776508916066,
    "C_383": 89564.31223016242,
    "C_383_err": 335.979197665654,
    "O_Ba133": 0.9758313930609769,
    "O_Ba133_err": 0.003254323707319635
}