{
    "C_79": 17371.14471596624,
    "C_79_err": 109.09493588996372,
    "C_81": 215664.40043595852,
    "C_81_err": 1354.4239210489836,
    "C_356": 165074.68934218073,
    "C_356_err": 434.9424425342846,
    "C_161": 3629.89741395327,
    "C_161_err": 113.21407174057043,
    "C_223": NaN,
    "C_223_err": NaN,
    "C_276": 24895.161894253954,
    "C_276_err": 155.53541737752903,
    "C_303": 58932.56656201332,
    "C_303_err": 242.17960226640628,
    "C_383": 22484.512097735234,
    "C_383_err": 190.93516017550618,
    "O_Ba133": 1.4116976144590467,
    "O_Ba133_err": 0.009032863592868269
}