{
    "C_79": 6836.548296948106,
    "C_79_err": 38.85711308827456,
    "C_81": 84876.39206399945,
    "C_81_err": 482.4147247563144,
    "C_356": 121685.15927412613,
    "C_356_err": 379.9672534674455,
    "C_161": 2490.11673232491,
    "C_161_err": 90.2325888416803,
    "C_223": 1589.300971508975,
    "C_223_err": 85.59493010968079,
    "C_276": 18471.607675428833,
    "C_276_err": 135.69695141522146,
    "C_303": 43502.34649156192,
    "C_303_err": 196.67389204493531,
    "C_383": 16513.326006044514,
    "C_383_err": 140.0328856646238,
    "O_Ba133": 0.7536904328188561,
    "O_Ba133_err": 0.004621414462751731
}