{
    "C_79": 61715.99001027242,
    "C_79_err": 149.18145252378812,
    "C_81": 766209.8382407401,
    "C_81_err": 1852.1018068047658,
    "C_356": 707258.2336090619,
    "C_356_err": 1989.0652136922563,
    "C_161": 15337.134436205266,
    "C_161_err": 171.31970333936428,
    "C_223": 8791.108022650864,
    "C_223_err": 178.53956046220807,
    "C_276": 106148.28384182716,
    "C_276_err": 341.19807158422424,
    "C_303": 252576.36709484688,
    "C_303_err": 594.0720023623638,
    "C_383": 5167.283204053049,
    "C_383_err": 5314672.993510547,
    "O_Ba133": 1.1706132059095262,
    "O_Ba133_err": 0.0042119600374855015
}