{
    "C_79": 15692.793677005802,
    "C_79_err": 98.85161777636964,
    "C_81": 194827.51395226063,
    "C_81_err": 1227.2521603179478,
    "C_356": 160052.25892966628,
    "C_356_err": 453.5511587773059,
    "C_161": 3446.0044294688587,
    "C_161_err": 93.52384289590448,
    "C_223": 2044.302842465665,
    "C_223_err": 109.94725128427369,
    "C_276": 24137.528664853806,
    "C_276_err": 166.654494999816,
    "C_303": 57168.57682317927,
    "C_303_err": 238.45289562747595,
    "C_383": 21798.014224087874,
    "C_383_err": 149.6599660308918,
    "O_Ba133": 1.3153223143309583,
    "O_Ba133_err": 0.008548090785161543
}