{
    "C_79": 53980.73205271509,
    "C_79_err": 130.76949473507125,
    "C_81": 670175.8809563818,
    "C_81_err": 1623.5156138806958,
    "C_356": 678003.0662135938,
    "C_356_err": 1636.4826644532934,
    "C_161": 14465.722498496198,
    "C_161_err": 205.78034098464988,
    "C_223": 8409.414797374102,
    "C_223_err": 131.76406351776004,
    "C_276": 102093.23607668595,
    "C_276_err": 352.4947171551541,
    "C_303": 242573.88096218588,
    "C_303_err": 427.04955764290145,
    "C_383": 93735.37419011234,
    "C_383_err": 318.7307708798895,
    "O_Ba133": 1.0680727700145283,
    "O_Ba133_err": 0.0035237915827525976
}