{
    "C_79": 80273.97801336413,
    "C_79_err": 183.7337292538201,
    "C_81": 996609.0100527335,
    "C_81_err": 2281.071582056861,
    "C_356": 766088.0901074063,
    "C_356_err": 2601.091847104235,
    "C_161": 17435.863350792923,
    "C_161_err": 218.61194074664473,
    "C_223": 9437.156358405058,
    "C_223_err": 175.36132206300337,
    "C_276": 114423.50229242674,
    "C_276_err": 387.4185401661949,
    "C_303": 272753.62801569933,
    "C_303_err": 513.3787066048768,
    "C_383": 107243.13696269946,
    "C_383_err": 560.2841214807984,
    "O_Ba133": 1.405690810197973,
    "O_Ba133_err": 0.005630480763943405
}