{
    "C_79": 10370.765986912787,
    "C_79_err": 58.51783598362296,
    "C_81": 128754.03810167214,
    "C_81_err": 726.5044542872434,
    "C_356": 140053.77931968754,
    "C_356_err": 392.75387732023194,
    "C_161": 2878.673056143273,
    "C_161_err": 82.61104397252812,
    "C_223": 1781.0325934306074,
    "C_223_err": 74.53470003941536,
    "C_276": 21208.07723860657,
    "C_276_err": 130.931605062818,
    "C_303": 50057.0280283599,
    "C_303_err": 212.22914096974074,
    "C_383": 18990.06418783686,
    "C_383_err": 106.67286452865713,
    "O_Ba133": 0.9933670106182417,
    "O_Ba133_err": 0.00590280254836101
}