{
    "C_79": 13480.02430354315,
    "C_79_err": 67.9195731372922,
    "C_81": 167355.77342889746,
    "C_81_err": 843.2279080063826,
    "C_356": 191033.66236173623,
    "C_356_err": 716.4291040098051,
    "C_161": 4186.711774960408,
    "C_161_err": 101.76216107091315,
    "C_223": 2277.671889021258,
    "C_223_err": 68.6106118091939,
    "C_276": 28428.753786790898,
    "C_276_err": 171.6889464451135,
    "C_303": 67462.25718058774,
    "C_303_err": 293.5519113210056,
    "C_383": 25943.037936815243,
    "C_383_err": 153.20538231995494,
    "O_Ba133": 0.9466174468770576,
    "O_Ba133_err": 0.005675658399890842
}