{
    "C_79": 13460.981255828974,
    "C_79_err": 71.86363026388388,
    "C_81": 167119.35219500918,
    "C_81_err": 892.193749313879,
    "C_356": 189853.42214116585,
    "C_356_err": 730.7551688306098,
    "C_161": 4219.897447927094,
    "C_161_err": 75.36946019408433,
    "C_223": 2287.225006088232,
    "C_223_err": 89.70905725420845,
    "C_276": 27836.582305089723,
    "C_276_err": 206.15662987874293,
    "C_303": 66824.21235665501,
    "C_303_err": 301.0300660647251,
    "C_383": 25906.679980000197,
    "C_383_err": 160.81959675368836,
    "O_Ba133": 0.9511565891952547,
    "O_Ba133_err": 0.005969149517926108
}