{
    "C_79": 8878.041634601283,
    "C_79_err": 49.914541984061174,
    "C_81": 110221.7244446705,
    "C_81_err": 619.6937476511746,
    "C_356": 132816.53355580324,
    "C_356_err": 355.47277510700474,
    "C_161": 2944.9906417407083,
    "C_161_err": 90.86866922611509,
    "C_223": 1607.2268897660551,
    "C_223_err": 77.63527878405803,
    "C_276": 20206.571298623476,
    "C_276_err": 132.10785023718424,
    "C_303": 47498.51168502104,
    "C_303_err": 238.08939161576052,
    "C_383": 18033.840150933713,
    "C_383_err": 126.50162255086245,
    "O_Ba133": 0.8967239461134685,
    "O_Ba133_err": 0.005260309697968711
}