{
    "C_79": 12772.299206954163,
    "C_79_err": 75.020697605765,
    "C_81": 158569.29958822683,
    "C_81_err": 931.3890381998749,
    "C_356": 149742.43678930833,
    "C_356_err": 418.7367183103713,
    "C_161": 3196.677433887493,
    "C_161_err": 77.9097786556973,
    "C_223": 1937.2670064724575,
    "C_223_err": 89.81117326567276,
    "C_276": 22649.31945366973,
    "C_276_err": 157.39647176131172,
    "C_303": 53426.17755107772,
    "C_303_err": 224.41326975915857,
    "C_383": 20384.354494564363,
    "C_383_err": 142.2177094250047,
    "O_Ba133": 1.1442420897441603,
    "O_Ba133_err": 0.007012628966545074
}