{
    "C_79": 18273.05945309183,
    "C_79_err": 114.86487230650323,
    "C_81": 226861.75698367332,
    "C_81_err": 1426.0582259939458,
    "C_356": 167752.50235004612,
    "C_356_err": 461.78441727483107,
    "C_161": 3645.4113798175795,
    "C_161_err": 95.98027726383658,
    "C_223": NaN,
    "C_223_err": NaN,
    "C_276": 25328.700537915312,
    "C_276_err": 168.6791438435228,
    "C_303": 59902.32184750799,
    "C_303_err": 205.7156701658237,
    "C_383": 22881.73400300899,
    "C_383_err": 176.46118335693123,
    "O_Ba133": 1.461288582898434,
    "O_Ba133_err": 0.009429556348404497
}