{
    "C_79": 8428.732177301386,
    "C_79_err": 49.92251380086978,
    "C_81": 104643.50514461225,
    "C_81_err": 619.7927185089117,
    "C_356": 130542.08816837631,
    "C_356_err": 369.9993271509648,
    "C_161": 2728.8272220098124,
    "C_161_err": 90.39738172692694,
    "C_223": 1641.6867990073765,
    "C_223_err": 85.32608484408564,
    "C_276": 19794.79844315145,
    "C_276_err": 133.20472456854202,
    "C_303": 46697.08912943228,
    "C_303_err": 256.9224790968561,
    "C_383": 17725.27927520302,
    "C_383_err": 128.1164974941,
    "O_Ba133": 0.8661745718060704,
    "O_Ba133_err": 0.0053586715981235305
}