{
    "C_79": 11511.35785784295,
    "C_79_err": 67.7167800943556,
    "C_81": 142914.59378227708,
    "C_81_err": 840.7102132469055,
    "C_356": 144888.02026611872,
    "C_356_err": 430.08176851382245,
    "C_161": 3145.0811739521077,
    "C_161_err": 104.33502322249112,
    "C_223": 1846.094661515956,
    "C_223_err": 100.24308685881856,
    "C_276": 21870.325330305575,
    "C_276_err": 122.19133903740429,
    "C_303": 51780.44908956648,
    "C_303_err": 250.40949476616424,
    "C_383": 19663.820050171198,
    "C_383_err": 136.39716446833575,
    "O_Ba133": 1.0658296756107428,
    "O_Ba133_err": 0.006625462221488055
}