{
    "C_79": 9345.866877418406,
    "C_79_err": 58.85070400607991,
    "C_81": 116029.81896870439,
    "C_81_err": 730.6370421886902,
    "C_356": 135206.31237338952,
    "C_356_err": 338.20379833597286,
    "C_161": 2883.2618846646724,
    "C_161_err": 87.73624892627463,
    "C_223": 1629.5988223212207,
    "C_223_err": 87.97361310437918,
    "C_276": 20458.84860538958,
    "C_276_err": 134.01969657896225,
    "C_303": 48362.86844278189,
    "C_303_err": 230.58233831900282,
    "C_383": 18344.713621168532,
    "C_383_err": 143.86148441905667,
    "O_Ba133": 0.9272916600216254,
    "O_Ba133_err": 0.005896728814580681
}