{
    "C_79": 6495.980322753039,
    "C_79_err": 35.24018188045018,
    "C_81": 80648.20853531493,
    "C_81_err": 437.5101825912495,
    "C_356": 119503.99208061349,
    "C_356_err": 396.6819534754176,
    "C_161": 2525.7917125651165,
    "C_161_err": 85.07630104917837,
    "C_223": 1478.9062829158331,
    "C_223_err": 71.73127804242496,
    "C_276": 18148.258442745573,
    "C_276_err": 138.00700073573518,
    "C_303": 42755.10933152404,
    "C_303_err": 193.098862993412,
    "C_383": 16233.449581331683,
    "C_383_err": 108.51447648269773,
    "O_Ba133": 0.7292157135577809,
    "O_Ba133_err": 0.004398791556081297
}