{
    "C_79": 31665.53355106594,
    "C_79_err": 95.07555766041044,
    "C_81": 393130.5863509617,
    "C_81_err": 1180.3720177462276,
    "C_356": 568722.5774389466,
    "C_356_err": 1241.0640215022147,
    "C_161": 12019.625583282854,
    "C_161_err": 170.43527697251378,
    "C_223": 7061.807227424065,
    "C_223_err": 145.64721953449063,
    "C_276": 86061.40930967598,
    "C_276_err": 311.1502523152513,
    "C_303": 204231.5774672204,
    "C_303_err": 406.9718029892566,
    "C_383": 77707.77651552953,
    "C_383_err": 290.2810926691594,
    "O_Ba133": 0.746930290362229,
    "O_Ba133_err": 0.0026442944189102365
}