{
    "C_79": 12121.63134312012,
    "C_79_err": 71.17687061512417,
    "C_81": 150491.1966749635,
    "C_81_err": 883.6675634858813,
    "C_356": 147264.16248768233,
    "C_356_err": 449.24557606229604,
    "C_161": 3096.6804800699547,
    "C_161_err": 86.17920689651082,
    "C_223": 1755.1665488723054,
    "C_223_err": 89.77003649392381,
    "C_276": 22297.015298597275,
    "C_276_err": 145.0792430033199,
    "C_303": 52608.204617189374,
    "C_303_err": 219.2881529259609,
    "C_383": 20043.73101660992,
    "C_383_err": 139.257675665697,
    "O_Ba133": 1.1042253951750487,
    "O_Ba133_err": 0.00689837240772976
}