{
    "C_79": 16523.660991151326,
    "C_79_err": 103.53476593599412,
    "C_81": 205142.81004109036,
    "C_81_err": 1285.3938865261155,
    "C_356": 162613.93260532685,
    "C_356_err": 402.5529085771284,
    "C_161": 3564.3716128454125,
    "C_161_err": 103.85834415989831,
    "C_223": 2000.3930061648077,
    "C_223_err": 88.7865690470096,
    "C_276": 24472.19878092579,
    "C_276_err": 155.56717937673048,
    "C_303": 57996.03598580759,
    "C_303_err": 228.9981069982689,
    "C_383": 22153.583293059008,
    "C_383_err": 134.53313440726205,
    "O_Ba133": 1.3631456264589497,
    "O_Ba133_err": 0.008618283742072913
}