{
    "C_79": 13480.014396758708,
    "C_79_err": 68.00930888401908,
    "C_81": 167355.6504352273,
    "C_81_err": 844.3419857676332,
    "C_356": 191034.61435841062,
    "C_356_err": 712.7500059494488,
    "C_161": 4192.537835551578,
    "C_161_err": 101.2766438838894,
    "C_223": 2281.658244204821,
    "C_223_err": 68.33828944923849,
    "C_276": 28426.328123610263,
    "C_276_err": 171.53952495339183,
    "C_303": 67461.75741162579,
    "C_303_err": 283.0954389255222,
    "C_383": 25943.715096151773,
    "C_383_err": 152.1966380071131,
    "O_Ba133": 0.946612033841732,
    "O_Ba133_err": 0.005668807473607711
}