{
    "C_79": 90552.4298165332,
    "C_79_err": 217.98709662342893,
    "C_81": 1124216.9588543177,
    "C_81_err": 2706.330369400306,
    "C_356": 788729.3872390091,
    "C_356_err": 2819.2199404707803,
    "C_161": 18152.589815407944,
    "C_161_err": 187.29450385646027,
    "C_223": 9544.858782480751,
    "C_223_err": 137.84909812294734,
    "C_276": 117179.68308020335,
    "C_276_err": 335.784087000764,
    "C_303": 280140.132597919,
    "C_303_err": 488.5099289029939,
    "C_383": 111199.46738351678,
    "C_383_err": 1671.9209318100393,
    "O_Ba133": 1.5401599183760837,
    "O_Ba133_err": 0.006492782553685813
}