{
    "C_79": 14158.851210151539,
    "C_79_err": 84.24124106730235,
    "C_81": 175783.47351471087,
    "C_81_err": 1045.862955137452,
    "C_356": 154765.3506949387,
    "C_356_err": 369.5309976144095,
    "C_161": 3364.615989586814,
    "C_161_err": 105.82378657644456,
    "C_223": 1845.9721050692826,
    "C_223_err": 94.5712081052905,
    "C_276": 23404.207877575853,
    "C_276_err": 164.03658837059004,
    "C_303": 55340.777477068084,
    "C_303_err": 249.1771682075139,
    "C_383": 21092.413019397274,
    "C_383_err": 117.258947408347,
    "O_Ba133": 1.2272923097577686,
    "O_Ba133_err": 0.007385825150418234
}