{
    "C_79": 3619.6556966830613,
    "C_79_err": 24.35415940064745,
    "C_81": 44938.36695127173,
    "C_81_err": 302.3591865212457,
    "C_356": 53126.620027496305,
    "C_356_err": 265.85395176738314,
    "C_161": 1163.9880412708835,
    "C_161_err": 57.327183987870725,
    "C_223": 592.5191964908972,
    "C_223_err": 50.770148047039434,
    "C_276": 8238.242528707447,
    "C_276_err": 112.31269517972359,
    "C_303": 18699.54567566936,
    "C_303_err": 136.4907821509738,
    "C_383": 7294.0166112239585,
    "C_383_err": 93.99373432132187,
    "O_Ba133": 0.9140054952267436,
    "O_Ba133_err": 0.00731579537717433
}