{
    "C_79": 14915.286877313267,
    "C_79_err": 87.69491779719787,
    "C_81": 185174.69368438356,
    "C_81_err": 1088.7406775576642,
    "C_356": 157324.14893333864,
    "C_356_err": 390.1028345718295,
    "C_161": 3273.4533614205884,
    "C_161_err": 71.52376211134882,
    "C_223": 1928.0654467829145,
    "C_223_err": 97.68149819752803,
    "C_276": 23794.850663872865,
    "C_276_err": 161.4489781552973,
    "C_303": 56281.119853058124,
    "C_303_err": 283.08011388063545,
    "C_383": 21434.119308005313,
    "C_383_err": 179.13268476372048,
    "O_Ba133": 1.2718325947943245,
    "O_Ba133_err": 0.00762546343911359
}