{
    "C_79": 7590.223625110957,
    "C_79_err": 45.0201104361371,
    "C_81": 94233.34236458501,
    "C_81_err": 558.9289182448719,
    "C_356": 125950.31155919237,
    "C_356_err": 365.054626810246,
    "C_161": 2702.231443420434,
    "C_161_err": 89.33203456448491,
    "C_223": 1605.2495116963587,
    "C_223_err": 91.69516879874922,
    "C_276": 19169.386689708877,
    "C_276_err": 161.76600779087445,
    "C_303": 45031.60824035344,
    "C_303_err": 232.723182067311,
    "C_383": 17109.822145853803,
    "C_383_err": 124.5272864627263,
    "O_Ba133": 0.8084423510285829,
    "O_Ba133_err": 0.005031047172066264
}