{
    "C_79": 70430.56373168009,
    "C_79_err": 170.8391519075193,
    "C_81": 874402.0931216286,
    "C_81_err": 2120.9841878329757,
    "C_356": 736952.7008625991,
    "C_356_err": 2276.5355596901045,
    "C_161": 16536.109134438077,
    "C_161_err": 192.55108857757952,
    "C_223": 9068.592818330211,
    "C_223_err": 144.02265639034616,
    "C_276": 110385.0981468468,
    "C_276_err": 315.153308881155,
    "C_303": 262912.72193271044,
    "C_303_err": 480.57251898234114,
    "C_383": 102587.20160043212,
    "C_383_err": 348.21498742209724,
    "O_Ba133": 1.282080458823731,
    "O_Ba133_err": 0.004901271088143799
}