{
    "C_79": 13445.591465595931,
    "C_79_err": 84.79862463379618,
    "C_81": 166928.2864973945,
    "C_81_err": 1052.7829246988279,
    "C_356": 152276.30328571206,
    "C_356_err": 416.71803466764413,
    "C_161": 3199.259007402509,
    "C_161_err": 100.37491946208768,
    "C_223": 1923.9277406778451,
    "C_223_err": 99.12821970375919,
    "C_276": 22986.318234635237,
    "C_276_err": 145.45605808748536,
    "C_303": 54390.87667012744,
    "C_303_err": 232.75459372265436,
    "C_383": 20736.207187111097,
    "C_383_err": 135.37025950738945,
    "O_Ba133": 1.184517052693088,
    "O_Ba133_err": 0.007656111737391064
}