{
    "C_79": 3472.2854019453557,
    "C_79_err": 23.55658794377124,
    "C_81": 43108.7508392442,
    "C_81_err": 292.4572616415373,
    "C_356": 50641.5681563949,
    "C_356_err": 224.15981878713072,
    "C_161": 1134.5020854515762,
    "C_161_err": 63.93854829554172,
    "C_223": 574.371923299862,
    "C_223_err": 35.409497275122774,
    "C_276": 7808.39359887141,
    "C_276_err": 109.19567650246984,
    "C_303": 17821.343043513298,
    "C_303_err": 133.8377921411482,
    "C_383": 6956.840190968624,
    "C_383_err": 77.56937661968401,
    "O_Ba133": 0.9198182034437538,
    "O_Ba133_err": 0.00708127659473447
}