{
    "C_79": 9848.812322935248,
    "C_79_err": 59.01371052862604,
    "C_81": 122273.93412247876,
    "C_81_err": 732.6607835440742,
    "C_356": 137595.61308110124,
    "C_356_err": 385.68287317425404,
    "C_161": 2929.8177168437383,
    "C_161_err": 77.66678739879033,
    "C_223": 1614.3505276947872,
    "C_223_err": 83.56689646439044,
    "C_276": 20877.15272276135,
    "C_276_err": 155.51916453022884,
    "C_303": 49189.98679707931,
    "C_303_err": 223.64491026689558,
    "C_383": 18660.558815889515,
    "C_383_err": 107.26788187826575,
    "O_Ba133": 0.9602249918210587,
    "O_Ba133_err": 0.005981731945414372
}