{
    "C_79": 36193.93663931472,
    "C_79_err": 104.2574283017996,
    "C_81": 449351.1378994162,
    "C_81_err": 1294.3658079732859,
    "C_356": 594694.2152044852,
    "C_356_err": 1288.322020630209,
    "C_161": 12703.774357930082,
    "C_161_err": 161.35343102940809,
    "C_223": 7510.802642458555,
    "C_223_err": 197.73800202141052,
    "C_276": 89939.13672921405,
    "C_276_err": 360.3267312331519,
    "C_303": 213411.96768352573,
    "C_303_err": 505.7441756675107,
    "C_383": 81427.0800740275,
    "C_383_err": 297.4132437960318,
    "O_Ba133": 0.8164617413871708,
    "O_Ba133_err": 0.0028100651563113194
}