{
    "C_79": 3471.8937837023605,
    "C_79_err": 23.909364779870423,
    "C_81": 43103.88886181439,
    "C_81_err": 296.8370193425422,
    "C_356": 50643.59098250484,
    "C_356_err": 220.9299259701575,
    "C_161": 1138.0245816571332,
    "C_161_err": 62.15525364092405,
    "C_223": 575.1194381826188,
    "C_223_err": 33.45588735061156,
    "C_276": 7810.0114619296055,
    "C_276_err": 107.48328025678789,
    "C_303": 17819.93299318491,
    "C_303_err": 137.46217469202813,
    "C_383": 6955.438011881299,
    "C_383_err": 79.06683685897197,
    "O_Ba133": 0.9196777270712628,
    "O_Ba133_err": 0.007118578883816541
}