{
    "C_79": 7202.758621679901,
    "C_79_err": 37.76830145081446,
    "C_81": 89422.92779368469,
    "C_81_err": 468.89702555916824,
    "C_356": 123780.52943100747,
    "C_356_err": 295.0215194423909,
    "C_161": 2623.0324423777624,
    "C_161_err": 107.54898768651572,
    "C_223": 1515.0716674235973,
    "C_223_err": 68.54852212063392,
    "C_276": 18840.745183119125,
    "C_276_err": 160.01126049748947,
    "C_303": 44300.67371443609,
    "C_303_err": 224.15798760470346,
    "C_383": 16809.845611259287,
    "C_383_err": 120.71700112592325,
    "O_Ba133": 0.7806210464564349,
    "O_Ba133_err": 0.004231394248709807
}