{
    "C_79": 3635.1182855096977,
    "C_79_err": 24.147845477056123,
    "C_81": 45130.33645029049,
    "C_81_err": 299.7977796962817,
    "C_356": 53433.746246840186,
    "C_356_err": 239.18910825636775,
    "C_161": 1159.4095593618526,
    "C_161_err": 58.0802743418747,
    "C_223": NaN,
    "C_223_err": NaN,
    "C_276": 8272.58214142003,
    "C_276_err": 111.56581421671551,
    "C_303": 18804.52466962102,
    "C_303_err": 140.02896365794803,
    "C_383": 7340.71758908423,
    "C_383_err": 78.28942112071718,
    "O_Ba133": 0.9126340217757788,
    "O_Ba133_err": 0.006955079353999207
}