{
    "C_79": 41322.361647845915,
    "C_79_err": 109.6659473201338,
    "C_81": 513021.0181939987,
    "C_81_err": 1361.513081823548,
    "C_356": 621562.1828068467,
    "C_356_err": 1410.612024344141,
    "C_161": 13283.23594900153,
    "C_161_err": 141.91649978810318,
    "C_223": 7660.975717720292,
    "C_223_err": 142.7081373943703,
    "C_276": 93955.91150803347,
    "C_276_err": 309.99391115141225,
    "C_303": 222870.99665923015,
    "C_303_err": 557.8175777503084,
    "C_383": 85422.28572135876,
    "C_383_err": 250.98190425620749,
    "O_Ba133": 0.8918550632191686,
    "O_Ba133_err": 0.0029876396386216844
}