{
    "C_79": 7993.883462204159,
    "C_79_err": 47.08149298504761,
    "C_81": 99244.81732320946,
    "C_81_err": 584.5211770596477,
    "C_356": 128211.69745474771,
    "C_356_err": 368.45989267601453,
    "C_161": 2573.372254725271,
    "C_161_err": 86.9981779221681,
    "C_223": 1687.2501838774238,
    "C_223_err": 84.89470902027439,
    "C_276": 19508.84268700955,
    "C_276_err": 163.02699159184053,
    "C_303": 45915.39927028092,
    "C_303_err": 252.98234581347012,
    "C_383": 17413.871797299234,
    "C_383_err": 117.13878970816965,
    "O_Ba133": 0.8364190078932813,
    "O_Ba133_err": 0.005166967757424342
}