{
    "cuspEmax_ctc": {
        "resolution": [
            0.3367846723201432,
            0.0016051099355158403,
            1.959088923677296e-24
        ],
        "calibration": [
            0.11593878059884805,
            0.22713902926488244
        ]
    }
}