{
    "C_60": 630305.9168886434,
    "C_60_err": 6.228837174148197e-06,
    "C_99_103": 4687.397784937961,
    "C_99_103_err": 1.5432308700935966e-05,
    "O_Am241": 134.4681944668764,
    "O_Am241_err": 4.4271131467347947e-07
}