{
    "C_60": 1181858.5471611628,
    "C_60_err": 1.1436438084174924e-05,
    "C_99_103": 5573.5709914066465,
    "C_99_103_err": 2.3462058815922795e-05,
    "O_Am241": 212.04691731447522,
    "O_Am241_err": 8.926181075302687e-07
}