{
    "C_60": 2212544.771409398,
    "C_60_err": 2.24681850584732e-05,
    "C_99_103": 6577.614521968891,
    "C_99_103_err": 1.706940206087258e-05,
    "O_Am241": 336.3749523508277,
    "O_Am241_err": 8.729248645052386e-07
}