{
    "C_60": 2726610.077935179,
    "C_60_err": 2.812799891459966e-05,
    "C_99_103": 6903.3536265206485,
    "C_99_103_err": 1.3753421765469943e-05,
    "O_Am241": 394.9689130019861,
    "O_Am241_err": 7.868996957246575e-07
}