{
    "C_60": 3024192.752913869,
    "C_60_err": 2.9836053836926335e-05,
    "C_99_103": 7106.750084853254,
    "C_99_103_err": 9.99505469674016e-06,
    "O_Am241": 425.53807532354153,
    "O_Am241_err": 5.984987418872682e-07
}