{
    "C_60": 1993971.804351245,
    "C_60_err": 2.1028127642278016e-05,
    "C_99_103": 6408.8720220893565,
    "C_99_103_err": 9.643380750872998e-06,
    "O_Am241": 311.1267938380817,
    "O_Am241_err": 4.681616067292232e-07
}