{
    "C_60": 1064107.2352215964,
    "C_60_err": 1.0227133467712382e-05,
    "C_99_103": 5392.957134503855,
    "C_99_103_err": 2.0757669973868604e-05,
    "O_Am241": 197.31423942042753,
    "O_Am241_err": 7.594713863637412e-07
}