{
    "C_60": 777071.4837623459,
    "C_60_err": 7.646560746918558e-06,
    "C_99_103": 4993.0156983066945,
    "C_99_103_err": 5.046878185124262e-06,
    "O_Am241": 155.63169249114875,
    "O_Am241_err": 1.573180339820771e-07
}