{
    "C_60": 862680.995754645,
    "C_60_err": 8.665977721026251e-06,
    "C_99_103": 5116.147356390094,
    "C_99_103_err": 4.165178073521252e-06,
    "O_Am241": 168.61926282814198,
    "O_Am241_err": 1.372874293298146e-07
}