{
    "C_60": 934495.6479768056,
    "C_60_err": 4.290210974845776e-06,
    "C_99_103": 37730.056573384274,
    "C_99_103_err": 2.0895312975608912e-05,
    "O_Am241": 24.767936569594813,
    "O_Am241_err": 1.3717222167339036e-08
}