{
    "C_60": 934495.6479768056,
    "C_60_err": 1489.4673101594256,
    "C_99_103": 37730.056573384274,
    "C_99_103_err": 375.18287126966686,
    "O_Am241": 24.767936569594813,
    "O_Am241_err": 0.24943295795506193
}