{
    "C_60": 1618409.9227533273,
    "C_60_err": 1.6293889467276432e-05,
    "C_99_103": 6066.449196601341,
    "C_99_103_err": 1.8119425916229288e-05,
    "O_Am241": 266.78042958968865,
    "O_Am241_err": 7.9683115021931e-07
}