{
    "C_60": 958155.002714167,
    "C_60_err": 9.17364340389474e-06,
    "C_99_103": 5268.368244482047,
    "C_99_103_err": 1.638832474570161e-05,
    "O_Am241": 181.8694059052751,
    "O_Am241_err": 5.657442427125861e-07
}