{
    "C_60": 4133061.544024367,
    "C_60_err": 4.203554550634078e-05,
    "C_99_103": 7708.197718139706,
    "C_99_103_err": 6.1082413370885e-07,
    "O_Am241": 536.1903904330361,
    "O_Am241_err": 4.283810122284922e-08
}