{
    "C_60": 1311785.5343379315,
    "C_60_err": 1.317177479601573e-05,
    "C_99_103": 5725.119060718268,
    "C_99_103_err": 1.3035549699913599e-05,
    "O_Am241": 229.1280793334901,
    "O_Am241_err": 5.217078418128239e-07
}