{
    "C_60": 1794906.256189687,
    "C_60_err": 1.777167125035714e-05,
    "C_99_103": 6236.784555939921,
    "C_99_103_err": 1.6035772412699114e-05,
    "O_Am241": 287.7935320822035,
    "O_Am241_err": 7.399687705861938e-07
}