{
    "C_60": 3725415.8283910146,
    "C_60_err": 3.846814015388139e-05,
    "C_99_103": 7475.776935984206,
    "C_99_103_err": 1.4243856838015178e-05,
    "O_Am241": 498.33159286213424,
    "O_Am241_err": 9.495023948248179e-07
}