{
    "C_60": 2454589.614533732,
    "C_60_err": 2.4474253733511656e-05,
    "C_99_103": 6731.26226419571,
    "C_99_103_err": 1.4704132323331186e-05,
    "O_Am241": 364.65517434819793,
    "O_Am241_err": 7.965807274940062e-07
}