{
    "C_60": 3358583.8287336845,
    "C_60_err": 3.435210185809279e-05,
    "C_99_103": 7247.829299540268,
    "C_99_103_err": 1.0189490651046925e-05,
    "O_Am241": 463.3916845898565,
    "O_Am241_err": 6.514847415016854e-07
}