{
    "C_60": 4584529.945109274,
    "C_60_err": 4.733279910233701e-05,
    "C_99_103": 7926.272772270183,
    "C_99_103_err": 9.519334857245354e-06,
    "O_Am241": 578.3966912100361,
    "O_Am241_err": 6.946714288538524e-07
}