{
    "C_60": 1457410.0609237645,
    "C_60_err": 1.4424023097349414e-05,
    "C_99_103": 5881.527688857685,
    "C_99_103_err": 1.9930880387346474e-05,
    "O_Am241": 247.7944741609852,
    "O_Am241_err": 8.397109304913101e-07
}