{
    "C_60": 700274.058281451,
    "C_60_err": 7.243918560106543e-06,
    "C_99_103": 4860.012766014327,
    "C_99_103_err": 3.9893762014065934e-06,
    "O_Am241": 144.08893391770704,
    "O_Am241_err": 1.1828582217616313e-07
}