{
    "C_60": 567835.2914752912,
    "C_60_err": 5.590249132442302e-06,
    "C_99_103": 4583.716568365756,
    "C_99_103_err": 1.2236128234707157e-05,
    "O_Am241": 123.8809780242898,
    "O_Am241_err": 3.306997320891703e-07
}