{
    "C_79": 51659.11420598524,
    "C_79_err": 130.36451530720805,
    "C_81": 641352.7763686329,
    "C_81_err": 1618.4877560781679,
    "C_356": 994233.8401442496,
    "C_356_err": 2358.164309506955,
    "C_161": 16687.31711903861,
    "C_161_err": 204.6112842586637,
    "C_223": 10775.579797119899,
    "C_223_err": 196.4350599861914,
    "C_276": 139463.62806408628,
    "C_276_err": 414.58491252728675,
    "C_303": 340506.36057778524,
    "C_303_err": 591.6285331257595,
    "C_383": 139961.18202301077,
    "C_383_err": 446.25012422236136,
    "O_Ba133": 0.6970310832249199,
    "O_Ba133_err": 0.0023238743832138388
}