{
    "C_79": 80011.84683047557,
    "C_79_err": 183.74497715446103,
    "C_81": 993354.6266878305,
    "C_81_err": 2281.211225804441,
    "C_356": 1108535.4297285601,
    "C_356_err": 3255.5629187641116,
    "C_161": 19731.683075776713,
    "C_161_err": 258.85839888965916,
    "C_223": 11991.591332398712,
    "C_223_err": 146.2597190546274,
    "C_276": 154570.72955807653,
    "C_276_err": 372.57584570825276,
    "C_303": 379670.70891587797,
    "C_303_err": 678.8301824361124,
    "C_383": 158202.22349665535,
    "C_383_err": 481.6326872025542,
    "O_Ba133": 0.968274395867649,
    "O_Ba133_err": 0.0035140526049715405
}