{
    "C_79": 101774.45362570256,
    "C_79_err": 294.56979423831496,
    "C_81": 1263539.4431265881,
    "C_81_err": 3657.11178507191,
    "C_356": 1160306.7582194437,
    "C_356_err": 3845.0267108352873,
    "C_161": 21500.974997782887,
    "C_161_err": 229.4608563545077,
    "C_223": 12731.880771744829,
    "C_223_err": 213.74074495101232,
    "C_276": 161034.61367516103,
    "C_276_err": 466.2439558136289,
    "C_303": 396034.42161159037,
    "C_303_err": 476.1414078228046,
    "C_383": 167201.58304305116,
    "C_383_err": 2715.6734300495727,
    "O_Ba133": 1.1766835684448154,
    "O_Ba133_err": 0.00502027038568674
}