{
    "C_79": 90777.57144153901,
    "C_79_err": 230.41001343400006,
    "C_81": 1127012.1133685387,
    "C_81_err": 2860.562053576831,
    "C_356": 1141082.907279613,
    "C_356_err": 3632.696379632523,
    "C_161": 20712.635096161383,
    "C_161_err": 187.57430044111288,
    "C_223": 12263.29000160301,
    "C_223_err": 226.9995305729436,
    "C_276": 158875.45732862578,
    "C_276_err": 433.48610963719653,
    "C_303": 390161.4214887532,
    "C_303_err": 495.7326050404948,
    "C_383": 163581.64488034215,
    "C_383_err": 957.5175678418805,
    "O_Ba133": 1.0672227907727905,
    "O_Ba133_err": 0.0042271319424433615
}