{
    "C_79": 47833.5442291563,
    "C_79_err": 96.16413880170651,
    "C_81": 593857.9642034898,
    "C_81_err": 1193.8868553117527,
    "C_356": 974470.933966922,
    "C_356_err": 2011.793719945714,
    "C_161": 16266.135558863609,
    "C_161_err": 203.08663669665975,
    "C_223": 10321.955777980971,
    "C_223_err": 214.23050899430098,
    "C_276": 136731.2740694962,
    "C_276_err": 395.31013346972264,
    "C_303": 333863.33063742873,
    "C_303_err": 548.3784037462304,
    "C_383": 136981.71702692198,
    "C_383_err": 385.2784475488983,
    "O_Ba133": 0.6585024612488115,
    "O_Ba133_err": 0.001832742249661115
}