{
    "C_79": 47850.16360225546,
    "C_79_err": 109.11561644383814,
    "C_81": 594064.295288377,
    "C_81_err": 1354.6806720763302,
    "C_356": 974463.1514033382,
    "C_356_err": 2177.9316428386574,
    "C_161": 16131.71638104977,
    "C_161_err": 199.27433959628445,
    "C_223": 10437.178116531924,
    "C_223_err": 172.6448902881663,
    "C_276": 136560.84315668026,
    "C_276_err": 336.8631778715196,
    "C_303": 334048.1148902441,
    "C_303_err": 620.529411025588,
    "C_383": NaN,
    "C_383_err": NaN,
    "O_Ba133": 0.6587365135010004,
    "O_Ba133_err": 0.002027992351567284
}