{
    "C_79": 22278.932787588896,
    "C_79_err": 66.19590907906196,
    "C_81": 276595.0523440237,
    "C_81_err": 821.8284561136371,
    "C_356": 794894.8045065431,
    "C_356_err": 1270.7299661239726,
    "C_161": 12454.260643491689,
    "C_161_err": 213.6413703601498,
    "C_223": NaN,
    "C_223_err": NaN,
    "C_276": 111588.37987868089,
    "C_276_err": 301.48414061801293,
    "C_303": 272146.42540332326,
    "C_303_err": 503.1672129015027,
    "C_383": 110210.04414659039,
    "C_383_err": 335.2558666416701,
    "O_Ba133": 0.37599187142397844,
    "O_Ba133_err": 0.0011988034802132047
}