{
    "C_79": 54375.071016850074,
    "C_79_err": 116.58625208241527,
    "C_81": 675071.6363978748,
    "C_81_err": 1447.4293183062123,
    "C_356": 1007336.1392643781,
    "C_356_err": 2467.094210467938,
    "C_161": 16905.426523465547,
    "C_161_err": 205.50061353501022,
    "C_223": 10859.601724171362,
    "C_223_err": 189.41948877007965,
    "C_276": 141271.0580368714,
    "C_276_err": 423.29803754878907,
    "C_303": 344913.25810116634,
    "C_303_err": 687.5048335211202,
    "C_383": NaN,
    "C_383_err": NaN,
    "O_Ba133": 0.7241343569261934,
    "O_Ba133_err": 0.002285461516670437
}