{
    "C_79": 61864.600783078095,
    "C_79_err": 133.19960077917438,
    "C_81": 768054.8550050224,
    "C_81_err": 1653.6856096735237,
    "C_356": 1040502.5875445954,
    "C_356_err": 2508.216285839825,
    "C_161": 17940.227713145676,
    "C_161_err": 308.43680503307195,
    "C_223": 11437.746281666405,
    "C_223_err": 185.0119183201557,
    "C_276": 145789.74644078838,
    "C_276_err": 404.30760294075384,
    "C_303": 356347.9946975078,
    "C_303_err": 672.9540813897163,
    "C_383": 147261.16215782773,
    "C_383_err": 377.2161873117822,
    "O_Ba133": 0.7976140239560247,
    "O_Ba133_err": 0.0024978260996167813
}