{
    "C_79": 14612.24561188485,
    "C_79_err": 63.96765528838985,
    "C_81": 181412.40778529143,
    "C_81_err": 794.1644750898212,
    "C_356": 280745.5656715681,
    "C_356_err": 1297.9714461171036,
    "C_161": 5160.137624556244,
    "C_161_err": 141.22335095028677,
    "C_223": 2819.828258106143,
    "C_223_err": 89.42734980979104,
    "C_276": 38804.87805026851,
    "C_276_err": 232.3590597621437,
    "C_303": 94234.22709333408,
    "C_303_err": 427.06044833415694,
    "C_383": 39261.90112138936,
    "C_383_err": 318.17451740661113,
    "O_Ba133": 0.6982288497710305,
    "O_Ba133_err": 0.004298212116704455
}