{
    "C_79": 80009.12797301395,
    "C_79_err": 189.37381998231018,
    "C_81": 993320.8718159269,
    "C_81_err": 2351.093840535096,
    "C_356": 1108628.1845397635,
    "C_356_err": 3224.715366678757,
    "C_161": 19894.30385857536,
    "C_161_err": 260.511105020157,
    "C_223": 11781.931871409348,
    "C_223_err": 190.9469799019626,
    "C_276": 154707.19170655592,
    "C_276_err": 294.48263692510386,
    "C_303": 379621.4118546249,
    "C_303_err": 597.75380165932,
    "C_383": 158282.2287236872,
    "C_383_err": 541.9661278657301,
    "O_Ba133": 0.9681604840621327,
    "O_Ba133_err": 0.003529481512566894
}