{
    "C_79": 70373.16593402757,
    "C_79_err": 160.08695988951487,
    "C_81": 873689.4940488469,
    "C_81_err": 1987.494709571713,
    "C_356": 1074055.461025179,
    "C_356_err": 2942.5762644980355,
    "C_161": 18845.222174960003,
    "C_161_err": 259.6665926442418,
    "C_223": 11603.401090515077,
    "C_223_err": 165.75846490933566,
    "C_276": 150326.3601477974,
    "C_276_err": 391.644150362273,
    "C_303": 367954.7117390147,
    "C_303_err": 685.0998643807242,
    "C_383": NaN,
    "C_383_err": NaN,
    "O_Ba133": 0.8789701223452397,
    "O_Ba133_err": 0.0030406205160764723
}