{
    "C_79": 22240.00870252339,
    "C_79_err": 67.91750608436406,
    "C_81": 276111.806155862,
    "C_81_err": 843.2022453492747,
    "C_356": 794724.5595280305,
    "C_356_err": 1121.2400114850705,
    "C_161": 12496.724930419836,
    "C_161_err": 205.48554681859372,
    "C_223": NaN,
    "C_223_err": NaN,
    "C_276": 111693.35704361397,
    "C_276_err": 391.29630287461515,
    "C_303": 272171.6064700606,
    "C_303_err": 555.2847133524646,
    "C_383": 110088.49724830675,
    "C_383_err": 318.69020677563583,
    "O_Ba133": 0.37541537037130196,
    "O_Ba133_err": 0.0011889317614566229
}