{
    "C_79": 61902.01229275694,
    "C_79_err": 143.4711415914109,
    "C_81": 768519.3224270747,
    "C_81_err": 1781.2077578707242,
    "C_356": 1040272.3459612541,
    "C_356_err": 2529.7421813051433,
    "C_161": 17771.108484036056,
    "C_161_err": 305.9808127430182,
    "C_223": 11027.867441699133,
    "C_223_err": 199.58562588548932,
    "C_276": 145531.77335061427,
    "C_276_err": 386.5384667842244,
    "C_303": 356708.3998792927,
    "C_303_err": 555.3535511477617,
    "C_383": 147123.64780709363,
    "C_383_err": 398.1497391535382,
    "O_Ba133": 0.7982730079712812,
    "O_Ba133_err": 0.0025921541750487816
}