{
    "C_79": 101771.04710252455,
    "C_79_err": 290.582717183554,
    "C_81": 1263497.1508200536,
    "C_81_err": 3607.611847297708,
    "C_356": 1160109.9162995366,
    "C_356_err": 3903.2203674487305,
    "C_161": 22188.695719741536,
    "C_161_err": 230.17826304297805,
    "C_223": 12609.771067776734,
    "C_223_err": 172.47228940823078,
    "C_276": 161358.325609098,
    "C_276_err": 392.9089157105503,
    "C_303": 395748.922019381,
    "C_303_err": 750.7766989622278,
    "C_383": 167161.4555799586,
    "C_383_err": 2679.342729808428,
    "O_Ba133": 1.1768438306927378,
    "O_Ba133_err": 0.00504092107737397
}