{
    "C_79": 51678.35250573133,
    "C_79_err": 111.62502762118767,
    "C_81": 641591.6216749409,
    "C_81_err": 1385.835248580028,
    "C_356": 993959.991460272,
    "C_356_err": 2195.020999877229,
    "C_161": 16844.37735157928,
    "C_161_err": 207.4531169037853,
    "C_223": 10669.798207476797,
    "C_223_err": 171.0017432727567,
    "C_276": 139043.88729501757,
    "C_276_err": 396.4799420025817,
    "C_303": 340821.05268977437,
    "C_303_err": 491.02756843590754,
    "C_383": 139881.4922690628,
    "C_383_err": 339.7123563177468,
    "O_Ba133": 0.6974827761046575,
    "O_Ba133_err": 0.002080640548635388
}