{
    "C_79": 14662.822546891535,
    "C_79_err": 63.808571559554466,
    "C_81": 182040.32520480425,
    "C_81_err": 792.1894355884309,
    "C_356": 281871.6386943367,
    "C_356_err": 1301.1607419733366,
    "C_161": 5180.862897996799,
    "C_161_err": 142.61244739163126,
    "C_223": 2825.1825428872216,
    "C_223_err": 90.22342815901341,
    "C_276": 38961.03782970908,
    "C_276_err": 232.0110453470412,
    "C_303": 94588.86792369575,
    "C_303_err": 428.9092323971589,
    "C_383": 39413.96688220154,
    "C_383_err": 320.4036503209186,
    "O_Ba133": 0.6978465398748467,
    "O_Ba133_err": 0.004281017624059583
}