{
    "C_79": 90781.47772515408,
    "C_79_err": 211.33980242488994,
    "C_81": 1127060.6102481643,
    "C_81_err": 2623.8035848222185,
    "C_356": 1141250.960145922,
    "C_356_err": 3672.6615320106375,
    "C_161": 20948.43394358186,
    "C_161_err": 256.48367910221384,
    "C_223": 12118.610270474992,
    "C_223_err": 185.32792214876326,
    "C_276": 158941.31036711106,
    "C_276_err": 442.55812276612124,
    "C_303": 390392.01148438477,
    "C_303_err": 557.3611280732919,
    "C_383": 163404.03507171883,
    "C_383_err": 936.6488906180348,
    "O_Ba133": 1.067111556092451,
    "O_Ba133_err": 0.004136765180609677
}