{
    "C_79": 54388.0781488264,
    "C_79_err": 121.9881606632602,
    "C_81": 675233.1211684513,
    "C_81_err": 1514.4945229514192,
    "C_356": 1006976.7322954717,
    "C_356_err": 2522.1440886556616,
    "C_161": 16784.80513055177,
    "C_161_err": 235.01994591008074,
    "C_223": 10777.8547989028,
    "C_223_err": 168.4313752728596,
    "C_276": 140990.57975157592,
    "C_276_err": 425.94002868576905,
    "C_303": 345201.31401570473,
    "C_303_err": 592.9069497201775,
    "C_383": NaN,
    "C_383_err": NaN,
    "O_Ba133": 0.7245660956376386,
    "O_Ba133_err": 0.002360125120638002
}