{
    "C_79": 70403.4300509101,
    "C_79_err": 148.6682068485076,
    "C_81": 874065.2259150721,
    "C_81_err": 1845.7298133267548,
    "C_356": 1073933.8044802188,
    "C_356_err": 2887.3584865046296,
    "C_161": 18672.777540803952,
    "C_161_err": 228.2152620172183,
    "C_223": 11484.574758285156,
    "C_223_err": 229.34598374243728,
    "C_276": 150260.49029327586,
    "C_276_err": 354.44617541907195,
    "C_303": 368239.43229187676,
    "C_303_err": 653.3751358000541,
    "C_383": 152614.57020414306,
    "C_383_err": 400.6134733778388,
    "O_Ba133": 0.8794477387953186,
    "O_Ba133_err": 0.0029263745979155762
}