{
    "C_60": 2178505.1857028813,
    "C_60_err": 0.00048022690205290486,
    "C_99_103": 5385.5187306092175,
    "C_99_103_err": 1.6020178373176106e-06,
    "O_Am241": 404.51167188800133,
    "O_Am241_err": 1.4976782287354954e-07
}