{
    "C_60": 2084291.8751725405,
    "C_60_err": 7.520679935868468e-05,
    "C_99_103": 5073.872101568579,
    "C_99_103_err": 2.837513358297129e-05,
    "O_Am241": 410.789202693577,
    "O_Am241_err": 2.2973462644291193e-06
}