{
    "C_60": 6595817.321748652,
    "C_60_err": 0.0016609629690139682,
    "C_99_103": 7513.255566388007,
    "C_99_103_err": 4.788082766189934e-06,
    "O_Am241": 877.890717741096,
    "O_Am241_err": 6.015604284533985e-07
}