{
    "C_60": 894271.5211813134,
    "C_60_err": 0.00020151939993315326,
    "C_99_103": 4135.146695631216,
    "C_99_103_err": 1.001160055230184e-05,
    "O_Am241": 216.26113582043212,
    "O_Am241_err": 5.258527186131825e-07
}