{
    "C_60": 1834557.3289985657,
    "C_60_err": 0.0003580597682953379,
    "C_99_103": 4489.945001482661,
    "C_99_103_err": 9.043221222087965e-06,
    "O_Am241": 408.59238329038817,
    "O_Am241_err": 8.268028897121531e-07
}