{
    "C_60": 4731734.641213696,
    "C_60_err": 0.0011446694101974186,
    "C_99_103": 6780.613110775476,
    "C_99_103_err": 2.5539626924982902e-06,
    "O_Am241": 697.8328602312105,
    "O_Am241_err": 3.12386208396614e-07
}