{
    "C_60": 999480.4236336149,
    "C_60_err": 0.00021436759174507658,
    "C_99_103": 4217.707251955875,
    "C_99_103_err": 1.1846660917273216e-06,
    "O_Am241": 236.97245065316622,
    "O_Am241_err": 8.374700272867049e-08
}