{
    "C_60": 5904935.887410921,
    "C_60_err": 0.0014560504249017114,
    "C_99_103": 7286.161167927273,
    "C_99_103_err": 2.477189135421514e-05,
    "O_Am241": 810.4316870458034,
    "O_Am241_err": 2.762587541496505e-06
}