{
    "C_60": 1560442.6287732548,
    "C_60_err": 0.00034476165559460537,
    "C_99_103": 4825.883102209604,
    "C_99_103_err": 6.543702235739632e-07,
    "O_Am241": 323.3486173875166,
    "O_Am241_err": 8.382155889212053e-08
}