{
    "C_60": 5286487.64355683,
    "C_60_err": 0.0013143138724985848,
    "C_99_103": 7012.19122650317,
    "C_99_103_err": 7.2628290625537596e-06,
    "O_Am241": 753.8995262388314,
    "O_Am241_err": 8.030267223479725e-07
}