{
    "C_60": 2433789.8366411286,
    "C_60_err": 0.0005542837462021999,
    "C_99_103": 5531.840051318925,
    "C_99_103_err": 2.706219311857836e-06,
    "O_Am241": 439.96026892730816,
    "O_Am241_err": 2.3741232500590866e-07
}