{
    "C_60": 1396312.0881729072,
    "C_60_err": 0.0003200934358622842,
    "C_99_103": 4667.575472335883,
    "C_99_103_err": 9.546022930318593e-07,
    "O_Am241": 299.15147520349024,
    "O_Am241_err": 9.190303701439302e-08
}