{
    "C_60": 800110.4427074904,
    "C_60_err": 0.0001699529772956898,
    "C_99_103": 3967.037328897128,
    "C_99_103_err": 6.4061340786109315e-06,
    "O_Am241": 201.68966822652214,
    "O_Am241_err": 3.28502254027914e-07
}