{
    "C_60": 715674.9828960837,
    "C_60_err": 0.00014979500521650202,
    "C_99_103": 3829.091149941809,
    "C_99_103_err": 6.537797372762065e-07,
    "O_Am241": 186.90466088981975,
    "O_Am241_err": 5.048542830255182e-08
}