{
    "C_60": 3038720.1974826218,
    "C_60_err": 0.0007115522478481906,
    "C_99_103": 5904.814893896167,
    "C_99_103_err": 1.5775410647792996e-05,
    "O_Am241": 514.6173507697524,
    "O_Am241_err": 1.380131903397452e-06
}