{
    "C_60": 4235089.141345045,
    "C_60_err": 0.0010043473739959619,
    "C_99_103": 6557.162600142581,
    "C_99_103_err": 2.8262382009749186e-06,
    "O_Am241": 645.8722163231022,
    "O_Am241_err": 3.1773628783472515e-07
}