{
    "C_60": 1248946.6002003409,
    "C_60_err": 0.0002713292069295159,
    "C_99_103": 4519.442892011874,
    "C_99_103_err": 6.216224658006695e-06,
    "O_Am241": 276.349680711279,
    "O_Am241_err": 3.848145742374601e-07
}