{
    "C_60": 3394116.770911991,
    "C_60_err": 0.000801168834189403,
    "C_99_103": 6112.786158243583,
    "C_99_103_err": 1.4765509512083998e-06,
    "O_Am241": 555.2487332367667,
    "O_Am241_err": 1.8752687754247483e-07
}