{
    "C_60": 1117608.460147919,
    "C_60_err": 0.00024261390340785116,
    "C_99_103": 4372.881296035266,
    "C_99_103_err": 2.907392739236685e-05,
    "O_Am241": 255.57713198417122,
    "O_Am241_err": 1.7001583519338272e-06
}