{
    "C_60": 2719525.341555384,
    "C_60_err": 0.00062177715115741,
    "C_99_103": 5748.080263596408,
    "C_99_103_err": 1.1864363730692846e-05,
    "O_Am241": 473.1188878448011,
    "O_Am241_err": 9.825169937233626e-07
}