{
    "C_60": 3791530.3585983356,
    "C_60_err": 0.0008958083761534397,
    "C_99_103": 6316.013270839385,
    "C_99_103_err": 3.7676665362271447e-06,
    "O_Am241": 600.3043685964975,
    "O_Am241_err": 3.851619451573214e-07
}