{
    "C_60": 1949261.4507432287,
    "C_60_err": 0.00043684230055032747,
    "C_99_103": 5169.058068616538,
    "C_99_103_err": 5.110930788423774e-06,
    "O_Am241": 377.101867471366,
    "O_Am241_err": 3.8231876133272513e-07
}