{
    "C_60": 1743853.2971217793,
    "C_60_err": 0.0003873011147560723,
    "C_99_103": 5023.872079953158,
    "C_99_103_err": 3.686854101579153e-05,
    "O_Am241": 347.11339567747086,
    "O_Am241_err": 2.5485170591242974e-06
}