{
    "C_60": 4630119.884604819,
    "C_60_err": 5.417716757022406e-05,
    "C_99_103": 8052.356186750374,
    "C_99_103_err": 4.463067837489835e-05,
    "O_Am241": 575.0018723989606,
    "O_Am241_err": 3.1869902701893485e-06
}