{
    "C_60": 2904877.0962419664,
    "C_60_err": 3.426018459644353e-05,
    "C_99_103": 6797.080732840993,
    "C_99_103_err": 5.962095101048267e-05,
    "O_Am241": 427.3712804684913,
    "O_Am241_err": 3.74871304465962e-06
}