{
    "C_60": 594296.655748956,
    "C_60_err": 6.740506999338217e-06,
    "C_99_103": 4252.501277683989,
    "C_99_103_err": 4.84113774080285e-05,
    "O_Am241": 139.75225801051934,
    "O_Am241_err": 1.5909701660593447e-06
}