{
    "C_60": 122461.0048320489,
    "C_60_err": 1.849221900730811e-06,
    "C_99_103": 3219.7702793973,
    "C_99_103_err": 2.179497686337841e-06,
    "O_Am241": 38.03408138016978,
    "O_Am241_err": 2.575209061063741e-08
}