{
    "C_60": 1013065.3672356892,
    "C_60_err": 1.7465808180802157e-05,
    "C_99_103": 4955.508204072104,
    "C_99_103_err": 4.409316003782954e-05,
    "O_Am241": 204.43218445349765,
    "O_Am241_err": 1.8190017200660704e-06
}