{
    "C_60": 3506517.746601394,
    "C_60_err": 4.1554511145906053e-05,
    "C_99_103": 7336.586162258695,
    "C_99_103_err": 3.709887685419943e-05,
    "O_Am241": 477.9495079932179,
    "O_Am241_err": 2.4168514129068225e-06
}