{
    "C_60": 2980688.7541255457,
    "C_60_err": 3.6423125372693835e-05,
    "C_99_103": 6901.806327115094,
    "C_99_103_err": 8.151410303169147e-05,
    "O_Am241": 431.87081944263315,
    "O_Am241_err": 5.100633029441515e-06
}