{
    "C_60": 2544022.556609497,
    "C_60_err": 3.114644937417081e-05,
    "C_99_103": 6256.2812946678,
    "C_99_103_err": 4.4728961097212885e-05,
    "O_Am241": 406.63493803863264,
    "O_Am241_err": 2.907219822096735e-06
}