{
    "C_60": 3782512.9564651176,
    "C_60_err": 6.154006178569343e-05,
    "C_99_103": 7570.969135738594,
    "C_99_103_err": 4.050042894043362e-05,
    "O_Am241": 499.6074992050685,
    "O_Am241_err": 2.6726316327192843e-06
}