{
    "C_60": 3064980.7779145604,
    "C_60_err": 3.6101903373953956e-05,
    "C_99_103": 6942.746583952512,
    "C_99_103_err": 1.4895250875094284e-08,
    "O_Am241": 441.4651666818673,
    "O_Am241_err": 5.285499180519539e-09
}