{
    "C_60": 1632470.7856697077,
    "C_60_err": 2.1530072786732878e-05,
    "C_99_103": 5560.274393985992,
    "C_99_103_err": 7.379023879769174e-05,
    "O_Am241": 293.595364184795,
    "O_Am241_err": 3.896297412008061e-06
}