{
    "C_60": 4021712.582615014,
    "C_60_err": 5.1804647060831044e-05,
    "C_99_103": 7492.8358282487425,
    "C_99_103_err": 9.851899304760473e-05,
    "O_Am241": 536.7410516927055,
    "O_Am241_err": 7.057303072981055e-06
}