{
    "C_60": 2718023.429832554,
    "C_60_err": 3.1579023146571794e-05,
    "C_99_103": 6523.849741418196,
    "C_99_103_err": 1.8519665914580846e-08,
    "O_Am241": 416.62876025125814,
    "O_Am241_err": 4.98294408591141e-09
}