{
    "C_60": 2497656.7533664024,
    "C_60_err": 4.0005081723510846e-05,
    "C_99_103": 6182.918077721125,
    "C_99_103_err": 7.143503979216041e-05,
    "O_Am241": 403.96083563943625,
    "O_Am241_err": 4.667211458346566e-06
}