{
    "C_60": 3262784.2784799966,
    "C_60_err": 3.7317926573337407e-05,
    "C_99_103": 7135.4582096363265,
    "C_99_103_err": 3.524896338694987e-05,
    "O_Am241": 457.26345563535875,
    "O_Am241_err": 2.2588746977585677e-06
}