{
    "C_60": 3359775.687584004,
    "C_60_err": 5.2301981850431944e-05,
    "C_99_103": 7262.102272961495,
    "C_99_103_err": 5.4569397955730854e-05,
    "O_Am241": 462.64505253433765,
    "O_Am241_err": 3.476447344210482e-06
}