{
    "C_60": 3158724.2704800703,
    "C_60_err": 3.803086004966309e-05,
    "C_99_103": 7100.399819821032,
    "C_99_103_err": 8.934196281582682e-05,
    "O_Am241": 444.8656907548182,
    "O_Am241_err": 5.5975991782524994e-06
}