{
    "C_60": 779862.0723598604,
    "C_60_err": 1.4070505649041876e-05,
    "C_99_103": 4559.129083127847,
    "C_99_103_err": 5.556022573424391e-05,
    "O_Am241": 171.05505418697786,
    "O_Am241_err": 2.084579678715914e-06
}