{
    "C_60": 318229.8998067048,
    "C_60_err": 2.8834354181379255e-06,
    "C_99_103": 3689.701749631582,
    "C_99_103_err": 5.4943420201312174e-05,
    "O_Am241": 86.24813640790347,
    "O_Am241_err": 1.2843229071200677e-06
}