{
    "C_60": 1228862.1401423619,
    "C_60_err": 2.755515504434397e-06,
    "C_99_103": 44589.79314997261,
    "C_99_103_err": 0.0001465140326237127,
    "O_Am241": 27.559269808882632,
    "O_Am241_err": 9.055482007960838e-08
}