{
    "C_60": 3981429.636382365,
    "C_60_err": 4.506158925627474e-05,
    "C_99_103": 7653.672805369124,
    "C_99_103_err": 0.0001018002489541206,
    "O_Am241": 520.1985684035715,
    "O_Am241_err": 6.9190784983389835e-06
}