{
    "C_60": 2666892.6745630987,
    "C_60_err": 3.234452898833416e-05,
    "C_99_103": 6439.191159340728,
    "C_99_103_err": 7.622493204336952e-05,
    "O_Am241": 414.1657870638751,
    "O_Am241_err": 4.9027548276757405e-06
}