{
    "C_60": 439541.2311240654,
    "C_60_err": 4.808668072023726e-06,
    "C_99_103": 4042.3491262949015,
    "C_99_103_err": 3.475025197722455e-05,
    "O_Am241": 108.73410915076897,
    "O_Am241_err": 9.347388444872118e-07
}