{
    "C_60": 2568738.962713316,
    "C_60_err": 4.038766155447723e-05,
    "C_99_103": 6349.733259601249,
    "C_99_103_err": 3.446057147179669e-05,
    "O_Am241": 404.54281427163886,
    "O_Am241_err": 2.195499322230495e-06
}