{
    "C_60": 83570.93568100117,
    "C_60_err": 1.4919619397828774e-06,
    "C_99_103": 2937.3943015055747,
    "C_99_103_err": 3.980047761043239e-05,
    "O_Am241": 28.45070395832337,
    "O_Am241_err": 3.8549560343391157e-07
}