{
    "C_60": 164903.67209621912,
    "C_60_err": 1.0866722614046075e-06,
    "C_99_103": 3402.0800644833444,
    "C_99_103_err": 2.3498430431679636e-07,
    "O_Am241": 48.47142600133432,
    "O_Am241_err": 3.363161358155432e-09
}