{
    "C_60": 4585921.2936713435,
    "C_60_err": 7.632580034219044e-05,
    "C_99_103": 7913.048488551286,
    "C_99_103_err": 4.120098413922664e-05,
    "O_Am241": 579.5391371993135,
    "O_Am241_err": 3.0175102330694123e-06
}