{
    "C_60": 2608871.9558568075,
    "C_60_err": 4.142569350451715e-05,
    "C_99_103": 6410.344178883385,
    "C_99_103_err": 2.5185805533472123e-05,
    "O_Am241": 406.9784528030203,
    "O_Am241_err": 1.5990036717518217e-06
}