{
    "C_60": 1292233.9299098956,
    "C_60_err": 2.16524000605468e-05,
    "C_99_103": 5251.370817568084,
    "C_99_103_err": 4.6242826555732464e-05,
    "O_Am241": 246.07554385358196,
    "O_Am241_err": 2.1669102581822176e-06
}