{
    "C_60": 4153521.551330034,
    "C_60_err": 6.323129540623806e-05,
    "C_99_103": 7816.427172374274,
    "C_99_103_err": 4.06675683701459e-05,
    "O_Am241": 531.383643669053,
    "O_Am241_err": 2.7647124051183567e-06
}