{
    "C_60": 2920256.14459116,
    "C_60_err": 4.906794534814511e-05,
    "C_99_103": 6737.934946266855,
    "C_99_103_err": 9.445525613561439e-06,
    "O_Am241": 433.40521508138403,
    "O_Am241_err": 6.076096235190397e-07
}