{
    "C_60": 2000524.7966763335,
    "C_60_err": 3.541369680986478e-05,
    "C_99_103": 5929.998737458252,
    "C_99_103_err": 6.490931374028229e-05,
    "O_Am241": 337.3566985840218,
    "O_Am241_err": 3.6926855125091407e-06
}