{
    "C_60": 2773728.511503151,
    "C_60_err": 3.39853661891331e-05,
    "C_99_103": 6631.544957044112,
    "C_99_103_err": 1.9929994253817266e-05,
    "O_Am241": 418.2627923764373,
    "O_Am241_err": 1.2570290001352838e-06
}