{
    "C_60": 2834983.6727029206,
    "C_60_err": 3.471693175559169e-05,
    "C_99_103": 6719.878722811,
    "C_99_103_err": 6.221149252454494e-05,
    "O_Am241": 421.88018409906886,
    "O_Am241_err": 3.905698296509807e-06
}