{
    "C_60": 226853.69835807945,
    "C_60_err": 1.940693593345923e-06,
    "C_99_103": 3535.571688746354,
    "C_99_103_err": 2.7744521243043716e-05,
    "O_Am241": 64.1632296921456,
    "O_Am241_err": 5.035053178876931e-07
}