{
    "C_60": 2433584.4508196763,
    "C_60_err": 4.0859295558914877e-05,
    "C_99_103": 6328.29258558929,
    "C_99_103_err": 4.4036969299133955e-05,
    "O_Am241": 384.55624766171604,
    "O_Am241_err": 2.676036345464857e-06
}