{
    "C_60": 669223.9038846252,
    "C_60_err": 3.960015279840662e-07,
    "C_99_103": 43230.60648157416,
    "C_99_103_err": 3.555599192331876e-05,
    "O_Am241": 15.480326517507061,
    "O_Am241_err": 1.2732148629794078e-08
}