{
    "C_60": 98489.21323311319,
    "C_60_err": 1.8196830676525883e-06,
    "C_99_103": 3083.8606088887345,
    "C_99_103_err": 3.5490082377646514e-05,
    "O_Am241": 31.936986045748565,
    "O_Am241_err": 3.675418153103021e-07
}