{
    "C_60": 4390565.63225113,
    "C_60_err": 5.2027361122208154e-05,
    "C_99_103": 7908.550821885643,
    "C_99_103_err": 4.7746856287194674e-05,
    "O_Am241": 555.1668986056138,
    "O_Am241_err": 3.3517550532641914e-06
}