{
    "C_60": 72882.75608516953,
    "C_60_err": 1.4825291286914071e-06,
    "C_99_103": 2869.060555016295,
    "C_99_103_err": 6.512486058697523e-06,
    "O_Am241": 25.403003766421232,
    "O_Am241_err": 5.766464223091134e-08
}