{
    "C_60": 3470725.7313306406,
    "C_60_err": 4.391601652194502e-05,
    "C_99_103": 7139.4914178759345,
    "C_99_103_err": 7.668734576287983e-06,
    "O_Am241": 486.13066788491415,
    "O_Am241_err": 5.222032635240854e-07
}