{
    "C_60": 3649503.843789565,
    "C_60_err": 4.207383949151114e-05,
    "C_99_103": 7407.301541308045,
    "C_99_103_err": 6.638106042477621e-05,
    "O_Am241": 492.69006040020133,
    "O_Am241_err": 4.41528072682579e-06
}