{
    "C_60": 56353.32406821042,
    "C_60_err": 9.496018775869211e-07,
    "C_99_103": 2654.754690457828,
    "C_99_103_err": 3.6993362351075695e-05,
    "O_Am241": 21.22731876913718,
    "O_Am241_err": 2.9579775184218737e-07
}