{
    "C_60": 63921.533864197954,
    "C_60_err": 1.2990981555508689e-06,
    "C_99_103": 2717.2651614083325,
    "C_99_103_err": 1.5212431898912707e-06,
    "O_Am241": 23.524216470308712,
    "O_Am241_err": 1.3178554175898692e-08
}