{
    "cuspEmax_ctc": {
        "resolution": [
            0.3974773598929829,
            6.2059618112306475e-22,
            9.410836404705876e-06
        ],
        "calibration": [
            0.06079349855140979,
            0.08237321219030971
        ]
    }
}