{
    "cuspEmax_ctc": {
        "resolution": [
            0.33069491461407435,
            0.001296558323757426,
            2.3442325024071953e-06
        ],
        "calibration": [
            0.059840405248575396,
            1.0511730841796263
        ]
    }
}