{
    "Obs": 0.0787280195689297,
    "Obs_err": 0.008340836576581384
}