{
    "Obs": 0.09923429702810271,
    "Obs_err": 0.006301532562782458
}