{
    "Obs": 0.09274834559503124,
    "Obs_err": 0.009124781931744775
}