{
    "Obs": 0.08223010026034454,
    "Obs_err": 0.008529467545034934
}