{
    "Obs": 0.08918374512594016,
    "Obs_err": 0.008941357375094343
}