{
    "Obs": 0.11104513615067031,
    "Obs_err": 0.010046445925296422
}