{
    "Obs": 0.10762057490336395,
    "Obs_err": 0.009880718626657325
}