{
    "Obs": 0.10016940209392096,
    "Obs_err": 0.009513199390712096
}