{
    "Obs": 0.10364983788791107,
    "Obs_err": 0.009695405672338599
}