{
    "Obs": 0.08582565163578594,
    "Obs_err": 0.008730864116093333
}