{
    "Obs": 0.09632760263014306,
    "Obs_err": 0.009313754414987248
}