{
    "cuspEmax_ctc": {
        "resolution": [
            0.2713864863512126,
            0.001846099619550283,
            2.651454717457129e-28
        ],
        "calibration": [
            0.0663986921528019,
            -0.19424919028014861
        ]
    }
}