{
    "C_79": 13589.70785436844,
    "C_79_err": 81.04303437073409,
    "C_81": 168717.50505989508,
    "C_81_err": 1006.1569172819442,
    "C_356": 170944.85267167992,
    "C_356_err": 387.57186023247675,
    "C_161": 3466.181031807415,
    "C_161_err": 94.76651146109948,
    "C_223": 185.33809944306753,
    "C_223_err": 1497418.9395579963,
    "C_276": 25494.909356534037,
    "C_276_err": 187.01266440167316,
    "C_303": 60517.84864142457,
    "C_303_err": 233.90329516173858,
    "C_383": 23314.969568757126,
    "C_383_err": 162.41736705464137,
    "O_Ba133": 1.0664679869852902,
    "O_Ba133_err": 0.00638078865032888
}