{
    "C_79": 19441.65556420374,
    "C_79_err": 116.63817441465316,
    "C_81": 241369.98794803896,
    "C_81_err": 1448.0739389592788,
    "C_356": 190279.6374188627,
    "C_356_err": 475.03997313885395,
    "C_161": 4089.2057334389488,
    "C_161_err": 114.54388334134828,
    "C_223": 2337.523753502544,
    "C_223_err": 87.9443571524501,
    "C_276": 28395.917715751195,
    "C_276_err": 195.50788332170214,
    "C_303": 67311.04621483099,
    "C_303_err": 244.34610739049506,
    "C_383": 26017.716924718196,
    "C_383_err": 235.27196008905136,
    "O_Ba133": 1.3706755333894076,
    "O_Ba133_err": 0.008366671906025542
}