{
    "C_79": 5937.668477152502,
    "C_79_err": 34.59062394654807,
    "C_81": 73716.71430125195,
    "C_81_err": 429.4458595628044,
    "C_356": 131569.91598759283,
    "C_356_err": 372.33516632295135,
    "C_161": 2664.0282244432005,
    "C_161_err": 93.0044857169089,
    "C_223": 1570.3719581755188,
    "C_223_err": 64.41387859088272,
    "C_276": 19702.007009284593,
    "C_276_err": 136.5066036049214,
    "C_303": 46552.77951910215,
    "C_303_err": 254.3008492728283,
    "C_383": 17784.826818820322,
    "C_383_err": 128.28368977439567,
    "O_Ba133": 0.6054148638805541,
    "O_Ba133_err": 0.0036957077859620835
}