{
    "C_79": 14310.681056441976,
    "C_79_err": 89.02146127412567,
    "C_81": 177668.45537997363,
    "C_81_err": 1105.2098399693336,
    "C_356": 173681.21450467652,
    "C_356_err": 456.23541341546814,
    "C_161": 3526.8010825324736,
    "C_161_err": 134.02909849727948,
    "C_223": 2171.138528071116,
    "C_223_err": 93.58995190626341,
    "C_276": 25815.2907656049,
    "C_276_err": 162.85146780975523,
    "C_303": 61389.88389724345,
    "C_303_err": 280.55546245824917,
    "C_383": 23706.437802529843,
    "C_383_err": 113.88194804212237,
    "O_Ba133": 1.1053534890570815,
    "O_Ba133_err": 0.007013343440224401
}