{
    "C_79": 15057.219545880218,
    "C_79_err": 84.82522395503618,
    "C_81": 186936.80115451303,
    "C_81_err": 1053.1131577813926,
    "C_356": 176430.70782138404,
    "C_356_err": 491.0707792540001,
    "C_161": 3653.9014024222674,
    "C_161_err": 90.70758640642147,
    "C_223": NaN,
    "C_223_err": NaN,
    "C_276": 26305.0787354905,
    "C_276_err": 178.84831871727928,
    "C_303": 62481.18495821237,
    "C_303_err": 286.3432551008694,
    "C_383": 24123.38025735695,
    "C_383_err": 133.20673654194738,
    "O_Ba133": 1.14489151687182,
    "O_Ba133_err": 0.006783415846954959
}