{
    "C_79": 15173.233425221217,
    "C_79_err": 90.83844019852687,
    "C_81": 188377.12441123163,
    "C_81_err": 1127.767804728881,
    "C_356": 231348.34709702685,
    "C_356_err": 582.135949340007,
    "C_161": 4789.204137748243,
    "C_161_err": 131.46112705156173,
    "C_223": 2584.7813119315742,
    "C_223_err": 104.58246516068023,
    "C_276": 34727.568954543094,
    "C_276_err": 206.99296543884734,
    "C_303": 79954.32969115379,
    "C_303_err": 286.42296285964704,
    "C_383": 31322.203967149348,
    "C_383_err": 171.68457515547445,
    "O_Ba133": 0.8798435795656858,
    "O_Ba133_err": 0.0053683275085925075
}