{
    "C_79": 17566.048338386427,
    "C_79_err": 103.33468300738556,
    "C_81": 218084.14729543374,
    "C_81_err": 1282.9098380916926,
    "C_356": 184827.93649030844,
    "C_356_err": 492.90239953447707,
    "C_161": 3884.744060502385,
    "C_161_err": 109.26352187890213,
    "C_223": 2322.6515985440833,
    "C_223_err": 95.33803898012837,
    "C_276": 27455.283315208515,
    "C_276_err": 172.00451178521973,
    "C_303": 65375.53683867487,
    "C_303_err": 267.5917143744278,
    "C_383": 25229.38714145861,
    "C_383_err": 158.76303643569804,
    "O_Ba133": 1.2749706570801684,
    "O_Ba133_err": 0.007749340076460341
}