{
    "C_79": 9456.60713024252,
    "C_79_err": 45.33127865758293,
    "C_81": 117404.66965471162,
    "C_81_err": 562.7921010696144,
    "C_356": 152869.62792881962,
    "C_356_err": 410.34159041632296,
    "C_161": 3070.5064247588552,
    "C_161_err": 111.89813202509993,
    "C_223": 1821.1568319194432,
    "C_223_err": 88.4803815853157,
    "C_276": 22907.25273385839,
    "C_276_err": 146.766741350446,
    "C_303": 54134.55789739108,
    "C_303_err": 207.60129641946145,
    "C_383": 20780.03736109752,
    "C_383_err": 134.49586186299862,
    "O_Ba133": 0.829865804632064,
    "O_Ba133_err": 0.004313187500912505
}