{
    "C_79": 12238.524401273236,
    "C_79_err": 69.89559643312322,
    "C_81": 151942.43501958152,
    "C_81_err": 867.7604236414165,
    "C_356": 165744.5702674799,
    "C_356_err": 402.87200707642296,
    "C_161": 3427.09537194051,
    "C_161_err": 124.54796634603896,
    "C_223": 2026.6789433563463,
    "C_223_err": 91.66210982196318,
    "C_276": 24677.271988426986,
    "C_276_err": 168.9357586379285,
    "C_303": 58517.93046111667,
    "C_303_err": 213.43537000519888,
    "C_383": 22540.069644594132,
    "C_383_err": 154.39733859310746,
    "O_Ba133": 0.9905661413577423,
    "O_Ba133_err": 0.005778049147594539
}