{
    "C_79": 6242.833346791738,
    "C_79_err": 30.965461851955265,
    "C_81": 77505.3649469581,
    "C_81_err": 384.43913016201066,
    "C_356": 133756.21002134806,
    "C_356_err": 357.1979171225931,
    "C_161": 2628.807528221099,
    "C_161_err": 80.31873928264334,
    "C_223": 1674.2259108562932,
    "C_223_err": 86.10525982334813,
    "C_276": 20049.989801860014,
    "C_276_err": 129.2755571026957,
    "C_303": 47309.703850977465,
    "C_303_err": 190.89609093136082,
    "C_383": 18140.30066841183,
    "C_383_err": 91.59341395845061,
    "O_Ba133": 0.6261256825412687,
    "O_Ba133_err": 0.0033332173039246206
}