{
    "C_79": 4818.118419437387,
    "C_79_err": 26.14495267995501,
    "C_81": 59817.394716790186,
    "C_81_err": 324.59205402661127,
    "C_356": 122590.79564975867,
    "C_356_err": 351.5546064729067,
    "C_161": 2339.491980051031,
    "C_161_err": 107.14682313311272,
    "C_223": 1500.5634857073874,
    "C_223_err": 64.85001975674113,
    "C_276": 18468.134703328265,
    "C_276_err": 118.41124196527552,
    "C_303": 43485.68919711718,
    "C_303_err": 206.25732006059764,
    "C_383": 16537.190996945046,
    "C_383_err": 108.08589201510081,
    "O_Ba133": 0.5272460529654358,
    "O_Ba133_err": 0.0030565126141333995
}