{
    "C_79": 8519.50309236543,
    "C_79_err": 45.01343416943538,
    "C_81": 105770.43461842384,
    "C_81_err": 558.8460317639336,
    "C_356": 147949.54121490076,
    "C_356_err": 441.94453080657115,
    "C_161": 2946.9171544563014,
    "C_161_err": 90.81228046482939,
    "C_223": NaN,
    "C_223_err": NaN,
    "C_276": 22186.7087524667,
    "C_276_err": 150.1348597384426,
    "C_303": 52374.99729509586,
    "C_303_err": 195.78144977136128,
    "C_383": 20125.867613768638,
    "C_383_err": 139.80552225227297,
    "O_Ba133": 0.772492680763234,
    "O_Ba133_err": 0.0044367885975795125
}