{
    "C_79": 4565.535602417083,
    "C_79_err": 24.736510907358376,
    "C_81": 56681.55521491288,
    "C_81_err": 307.1061165479587,
    "C_356": 120361.82075669819,
    "C_356_err": 345.8292162472109,
    "C_161": 2378.5293552823478,
    "C_161_err": 69.09553499816084,
    "C_223": 1516.3091850513208,
    "C_223_err": 82.16709753693792,
    "C_276": 18172.292178043437,
    "C_276_err": 108.15218492353418,
    "C_303": 42845.77303141312,
    "C_303_err": 200.78661351921673,
    "C_383": 16259.513603239893,
    "C_383_err": 106.68930609139873,
    "O_Ba133": 0.5088581282027634,
    "O_Ba133_err": 0.0029479106834932652
}