{
    "C_79": 5630.818751986092,
    "C_79_err": 27.904897923172463,
    "C_81": 69907.14601522523,
    "C_81_err": 346.44194025372605,
    "C_356": 129229.19754666145,
    "C_356_err": 383.47480569435794,
    "C_161": 2541.5690851900567,
    "C_161_err": 99.93876280656403,
    "C_223": 1662.9866312209292,
    "C_223_err": 80.16753650233511,
    "C_276": 19399.73088224772,
    "C_276_err": 128.34077180526657,
    "C_303": 45801.641759152044,
    "C_303_err": 241.43647244661256,
    "C_383": 17502.732289567237,
    "C_383_err": 130.2435574265293,
    "O_Ba133": 0.584527074386084,
    "O_Ba133_err": 0.003200324219531864
}