{
    "C_79": 15937.142516215812,
    "C_79_err": 92.7917169800575,
    "C_81": 197861.12784283046,
    "C_81_err": 1152.017920242978,
    "C_356": 244141.24742381644,
    "C_356_err": 713.4305327905375,
    "C_161": 5006.649344265421,
    "C_161_err": 127.81464694789068,
    "C_223": 2693.9183437485062,
    "C_223_err": 104.15682368691066,
    "C_276": 36559.785781309016,
    "C_276_err": 205.62711136483424,
    "C_303": 84293.6422889826,
    "C_303_err": 277.59442012079614,
    "C_383": 33068.82501692631,
    "C_383_err": 187.7117310233547,
    "O_Ba133": 0.8757154827996093,
    "O_Ba133_err": 0.0053813312085540625
}