{
    "C_79": 7299.271625266326,
    "C_79_err": 31.917656889566786,
    "C_81": 90621.14583821036,
    "C_81_err": 396.26072138367823,
    "C_356": 140790.7710843068,
    "C_356_err": 368.8279787603801,
    "C_161": 2832.113906426346,
    "C_161_err": 97.72945353473673,
    "C_223": 1712.1371206242225,
    "C_223_err": 69.73933196906104,
    "C_276": 21035.66220556927,
    "C_276_err": 137.5244743646891,
    "C_303": 49745.45319962181,
    "C_303_err": 219.44802581229845,
    "C_383": 19117.483265410727,
    "C_383_err": 126.04506093676181,
    "O_Ba133": 0.6955030980321931,
    "O_Ba133_err": 0.003360460944726782
}