{
    "C_79": 17125.916505649868,
    "C_79_err": 103.09162775844278,
    "C_81": 212619.86907014297,
    "C_81_err": 1279.8922842463273,
    "C_356": 183453.3486356389,
    "C_356_err": 467.37685775099766,
    "C_161": 3831.210292694623,
    "C_161_err": 101.5597258074416,
    "C_223": 2228.175466954054,
    "C_223_err": 88.75836412352209,
    "C_276": 27295.063385450216,
    "C_276_err": 184.32448792327452,
    "C_303": 64873.64260660828,
    "C_303_err": 275.7219477089433,
    "C_383": 25025.586031542993,
    "C_383_err": 136.27782345483408,
    "O_Ba133": 1.2523390130757246,
    "O_Ba133_err": 0.007692147511099896
}