{
    "C_79": 5077.141820516556,
    "C_79_err": 26.32043292235867,
    "C_81": 63033.19467735795,
    "C_81_err": 326.77065779079254,
    "C_356": 124784.01016835739,
    "C_356_err": 370.95427530056617,
    "C_161": 2550.321584720905,
    "C_161_err": 85.23815736970805,
    "C_223": 1553.5333208834481,
    "C_223_err": 74.31929159928941,
    "C_276": 18835.907912543276,
    "C_276_err": 138.95763663016402,
    "C_303": 44338.17363449058,
    "C_303_err": 206.88975494537465,
    "C_383": 16835.644588878065,
    "C_383_err": 113.59800703547815,
    "O_Ba133": 0.5458258346240091,
    "O_Ba133_err": 0.0030878647374608962
}