{
    "C_79": 4345.184818333194,
    "C_79_err": 22.80643541680391,
    "C_81": 53945.879442701495,
    "C_81_err": 283.1440472501316,
    "C_356": 118329.1941324237,
    "C_356_err": 350.38883398409337,
    "C_161": 2246.3397532137283,
    "C_161_err": 94.70125209124946,
    "C_223": NaN,
    "C_223_err": NaN,
    "C_276": 17804.816134074146,
    "C_276_err": 138.5071559532994,
    "C_303": 42031.02762407781,
    "C_303_err": 251.42852634222336,
    "C_383": 15920.715941966946,
    "C_383_err": 123.24651878629923,
    "O_Ba133": 0.4926177744082363,
    "O_Ba133_err": 0.002809040729353917
}