{
    "C_79": 4116.8684561797,
    "C_79_err": 22.741978018450038,
    "C_81": 51111.310267288776,
    "C_81_err": 282.3438025686816,
    "C_356": 116196.89209952472,
    "C_356_err": 321.9644320032775,
    "C_161": 2203.7410709335722,
    "C_161_err": 94.73249483975103,
    "C_223": 148.31638457832364,
    "C_223_err": 721693.5581469211,
    "C_276": 17453.86329676197,
    "C_276_err": 162.01513969372542,
    "C_303": 41348.87588787555,
    "C_303_err": 178.73142794431942,
    "C_383": 15667.714551172716,
    "C_383_err": 89.81761108401317,
    "O_Ba133": 0.47529824357233713,
    "O_Ba133_err": 0.002770745957121736
}