{
    "C_79": 16687.199938429836,
    "C_79_err": 102.67766458825892,
    "C_81": 207173.16149975194,
    "C_81_err": 1274.7528924353655,
    "C_356": 182078.0702607894,
    "C_356_err": 464.10613404529954,
    "C_161": 3854.6525304671836,
    "C_161_err": 82.36165044591681,
    "C_223": 2204.1910382765213,
    "C_223_err": 80.26425462140485,
    "C_276": 27122.800985599028,
    "C_276_err": 180.5537099584895,
    "C_303": 64399.06214689087,
    "C_303_err": 283.0158328303973,
    "C_383": 24807.265168575886,
    "C_383_err": 182.5223096869113,
    "O_Ba133": 1.2294745936045337,
    "O_Ba133_err": 0.007691224895897842
}