{
    "C_79": 9961.199736828128,
    "C_79_err": 55.40844781557288,
    "C_81": 123669.23446854838,
    "C_81_err": 687.9011068423953,
    "C_356": 155361.1797921094,
    "C_356_err": 451.70301079736174,
    "C_161": 3160.3069340879697,
    "C_161_err": 90.88307823789322,
    "C_223": 1872.431483593045,
    "C_223_err": 69.09890909832646,
    "C_276": 23268.014007040867,
    "C_276_err": 179.34255325895978,
    "C_303": 54996.104133545356,
    "C_303_err": 208.9915342977166,
    "C_383": 21113.841761235555,
    "C_383_err": 163.49822125639537,
    "O_Ba133": 0.8601275710199223,
    "O_Ba133_err": 0.0050976504078152785
}