{
    "C_79": 11618.71172715589,
    "C_79_err": 63.116336317266445,
    "C_81": 144247.40219751684,
    "C_81_err": 783.5952697502137,
    "C_356": 163218.0409605425,
    "C_356_err": 424.8951770119054,
    "C_161": 3384.6097833055032,
    "C_161_err": 114.83973738873115,
    "C_223": 1978.2619978783418,
    "C_223_err": 97.63244677654201,
    "C_276": 24323.466898914878,
    "C_276_err": 170.4363263979282,
    "C_303": 57651.21935324446,
    "C_303_err": 231.67935372393433,
    "C_383": 22170.805368704823,
    "C_383_err": 144.92657965748393,
    "O_Ba133": 0.9549564068248615,
    "O_Ba133_err": 0.005420181344089037
}