{
    "C_79": 8096.654269550519,
    "C_79_err": 37.45992603473941,
    "C_81": 100520.72659178049,
    "C_81_err": 465.0685156765761,
    "C_356": 145485.70759982846,
    "C_356_err": 422.7431706460434,
    "C_161": 2900.1769776226733,
    "C_161_err": 87.9287025101858,
    "C_223": 1780.2633710451587,
    "C_223_err": 119.01662245180256,
    "C_276": 21771.6202818625,
    "C_276_err": 176.58228913724864,
    "C_303": 51478.59460259813,
    "C_303_err": 230.70645269787352,
    "C_383": 19799.94581784089,
    "C_383_err": 125.49194250138794,
    "O_Ba133": 0.7465845453361845,
    "O_Ba133_err": 0.0038718395258582968
}