{
    "C_79": 11034.830668903283,
    "C_79_err": 59.64987341480983,
    "C_81": 136998.4637761893,
    "C_81_err": 740.5588057914127,
    "C_356": 160527.44107269525,
    "C_356_err": 411.41201166266404,
    "C_161": 3197.673707494871,
    "C_161_err": 92.07581425818238,
    "C_223": NaN,
    "C_223_err": NaN,
    "C_276": 23924.959110236232,
    "C_276_err": 145.30279783861042,
    "C_303": 56754.774648699786,
    "C_303_err": 279.6634577295228,
    "C_383": 21832.319211085403,
    "C_383_err": 132.9450300917463,
    "O_Ba133": 0.9221681567705009,
    "O_Ba133_err": 0.005196743964466617
}