{
    "C_79": 10218.903501097378,
    "C_79_err": 56.49745218347533,
    "C_81": 126868.65101362662,
    "C_81_err": 701.4211988061654,
    "C_356": 156657.36071012166,
    "C_356_err": 384.0182055412284,
    "C_161": 3242.1481845415483,
    "C_161_err": 112.90362418607667,
    "C_223": 1938.3898623778284,
    "C_223_err": 101.64744594508427,
    "C_276": 23372.342409851844,
    "C_276_err": 164.0868297371189,
    "C_303": 55447.060694897395,
    "C_303_err": 281.14023279034745,
    "C_383": 21302.581373112684,
    "C_383_err": 115.42916250881682,
    "O_Ba133": 0.8750789231563171,
    "O_Ba133_err": 0.004977835370137622
}