{
    "C_79": 10484.547390474372,
    "C_79_err": 55.15851017663864,
    "C_81": 130166.64496097757,
    "C_81_err": 684.7981074760044,
    "C_356": 157950.23635380925,
    "C_356_err": 376.9415633712711,
    "C_161": 3244.8116154215077,
    "C_161_err": 112.22689735462815,
    "C_223": 1967.8655466612258,
    "C_223_err": 84.3009484002959,
    "C_276": 23603.97594670604,
    "C_276_err": 157.33003626816847,
    "C_303": 55889.52607488766,
    "C_303_err": 241.97651681378767,
    "C_383": 21491.79224464948,
    "C_383_err": 127.46923208482978,
    "O_Ba133": 0.8904778846699074,
    "O_Ba133_err": 0.004840947840513552
}