{
    "C_79": 13240.286672866629,
    "C_79_err": 72.98127975940326,
    "C_81": 164379.4081272849,
    "C_81_err": 906.0694732393839,
    "C_356": 169600.63657228873,
    "C_356_err": 412.7185636991719,
    "C_161": 3508.3132360614745,
    "C_161_err": 114.17295612122092,
    "C_223": NaN,
    "C_223_err": NaN,
    "C_276": 25247.804713836114,
    "C_276_err": 189.35682574776374,
    "C_303": 60001.4810503008,
    "C_303_err": 292.49244052545936,
    "C_383": 23112.674307123078,
    "C_383_err": 146.91553764916242,
    "O_Ba133": 1.047282005480238,
    "O_Ba133_err": 0.005934737678067958
}