{
    "C_79": 6934.934852607099,
    "C_79_err": 37.78236839716493,
    "C_81": 86097.87043425444,
    "C_81_err": 469.07166802517975,
    "C_356": 138452.4043655952,
    "C_356_err": 389.26992223968045,
    "C_161": 2891.8678908447173,
    "C_161_err": 118.27129827772367,
    "C_223": 1663.519292330932,
    "C_223_err": 73.46440503905755,
    "C_276": 20756.98052026761,
    "C_276_err": 151.22395830803717,
    "C_303": 48896.575889249994,
    "C_303_err": 203.3196351685368,
    "C_383": 18787.83104899004,
    "C_383_err": 127.98090509362905,
    "O_Ba133": 0.6719479211151913,
    "O_Ba133_err": 0.003888698152408023
}