{
    "C_79": 12899.61530851478,
    "C_79_err": 70.49195949875556,
    "C_81": 160149.94100004513,
    "C_81_err": 875.1643273619087,
    "C_356": 168238.4984719061,
    "C_356_err": 471.3772033087956,
    "C_161": 3357.9664230427065,
    "C_161_err": 115.48393474012326,
    "C_223": NaN,
    "C_223_err": NaN,
    "C_276": 25084.98264376584,
    "C_276_err": 153.5370007545746,
    "C_303": 59529.08701057864,
    "C_303_err": 238.72885931818394,
    "C_383": 22931.76229947085,
    "C_383_err": 113.06777206549641,
    "O_Ba133": 1.028596652254699,
    "O_Ba133_err": 0.005961653188415391
}