{
    "C_79": 18482.219599698263,
    "C_79_err": 115.69979531710106,
    "C_81": 229458.49993587146,
    "C_81_err": 1436.4238739368398,
    "C_356": 187545.42338052482,
    "C_356_err": 608.2574081300965,
    "C_161": 3834.929999788885,
    "C_161_err": 118.15254575489188,
    "C_223": 2266.4094727567012,
    "C_223_err": 88.98296938384973,
    "C_276": 28006.674749855676,
    "C_276_err": 202.29855348039723,
    "C_303": 66256.17788890327,
    "C_303_err": 281.2182682847663,
    "C_383": 25583.834055300133,
    "C_383_err": 193.56047694012807,
    "O_Ba133": 1.3220302317508672,
    "O_Ba133_err": 0.008799213793391098
}