{
    "C_79": 8978.357332797144,
    "C_79_err": 46.65924645883039,
    "C_81": 111467.1533015191,
    "C_81_err": 579.278946602083,
    "C_356": 150349.82498490522,
    "C_356_err": 415.1570565616031,
    "C_161": 3117.7492031592155,
    "C_161_err": 124.22554441881476,
    "C_223": 1884.2305149160136,
    "C_223_err": 98.18668555701672,
    "C_276": 22516.532992618606,
    "C_276_err": 173.45386226164038,
    "C_303": 53189.748926211745,
    "C_303_err": 224.2782459788727,
    "C_383": 20430.318787045988,
    "C_383_err": 143.8278011984636,
    "O_Ba133": 0.8011017681358038,
    "O_Ba133_err": 0.00445355636494559
}