{
    "C_79": 15857.328621048306,
    "C_79_err": 91.3158768116751,
    "C_81": 196870.23080471365,
    "C_81_err": 1133.695225322306,
    "C_356": 179274.77657935335,
    "C_356_err": 492.3125454768286,
    "C_161": 3782.0605777416645,
    "C_161_err": 137.9913223765796,
    "C_223": 2153.3942242572734,
    "C_223_err": 91.78638663302853,
    "C_276": 26690.07159122335,
    "C_276_err": 192.46722987210157,
    "C_303": 63479.560180439774,
    "C_303_err": 302.5763286518317,
    "C_383": 24498.73161570243,
    "C_383_err": 123.34627745339287,
    "O_Ba133": 1.1866006109989558,
    "O_Ba133_err": 0.007132177327879454
}