{
    "C_79": 7696.387770262125,
    "C_79_err": 37.16542946244793,
    "C_81": 95551.38024212421,
    "C_81_err": 461.4123129488819,
    "C_356": 143152.30129883075,
    "C_356_err": 366.0395636678584,
    "C_161": 2936.9906342695117,
    "C_161_err": 79.96262724026965,
    "C_223": 1859.4765934943905,
    "C_223_err": 94.7549902051136,
    "C_276": 21415.445061492654,
    "C_276_err": 138.10674830611384,
    "C_303": 50634.9180534405,
    "C_303_err": 225.26510598853724,
    "C_383": 19452.351008064205,
    "C_383_err": 147.65327444278518,
    "O_Ba133": 0.721244206873464,
    "O_Ba133_err": 0.003722597205851798
}