{
    "C_79": 6586.420372723273,
    "C_79_err": 33.57903905489754,
    "C_81": 81771.0302877716,
    "C_81_err": 416.8869377004261,
    "C_356": 136127.39437764225,
    "C_356_err": 315.11835814801793,
    "C_161": 2703.3366490937606,
    "C_161_err": 97.68359375538388,
    "C_223": 1706.094709882657,
    "C_223_err": 82.95044775780654,
    "C_276": 20320.9857439011,
    "C_276_err": 145.0462570604851,
    "C_303": 48144.34276237502,
    "C_303_err": 243.0698545765066,
    "C_383": 18445.593371702835,
    "C_383_err": 110.25419368801133,
    "O_Ba133": 0.6490791296230586,
    "O_Ba133_err": 0.0034201219175219923
}