{
    "C_79": 5349.3153848743805,
    "C_79_err": 28.710946017196505,
    "C_81": 66412.25515560995,
    "C_81_err": 356.4491033833076,
    "C_356": 126986.21163754274,
    "C_356_err": 348.2380137678891,
    "C_161": 2559.928985606789,
    "C_161_err": 80.67228862997457,
    "C_223": NaN,
    "C_223_err": NaN,
    "C_276": 19177.45663043608,
    "C_276_err": 138.53802976565254,
    "C_303": 45020.36236861613,
    "C_303_err": 233.1239052310516,
    "C_383": 17129.89682103872,
    "C_383_err": 126.22906671071107,
    "O_Ba133": 0.5651130907449516,
    "O_Ba133_err": 0.003214337651318523
}