{
    "C_79": 62368.63277390899,
    "C_79_err": 104.06316112734588,
    "C_81": 774312.4597213615,
    "C_81_err": 1291.9539626753506,
    "C_356": 1111603.300192329,
    "C_356_err": 2752.7558853379937,
    "C_161": 18198.738596245174,
    "C_161_err": 297.83961954383375,
    "C_223": 11134.818258748634,
    "C_223_err": 175.0017493488946,
    "C_276": 151725.10170903962,
    "C_276_err": 449.2176033079793,
    "C_303": 373728.4132734365,
    "C_303_err": 691.3336075780331,
    "C_383": 158713.56316778803,
    "C_383_err": 451.50030214809874,
    "O_Ba133": 0.752679568646934,
    "O_Ba133_err": 0.002198586770429775
}