{
    "C_79": 17486.541753276742,
    "C_79_err": 70.71585405546247,
    "C_81": 217097.06554069076,
    "C_81_err": 877.9439994055529,
    "C_356": 272066.68541653175,
    "C_356_err": 1301.7604969160682,
    "C_161": 4371.346512502571,
    "C_161_err": 106.12923143088375,
    "C_223": 2520.603454224657,
    "C_223_err": 104.30415600035619,
    "C_276": 36856.171758158365,
    "C_276_err": 206.30591709981255,
    "C_303": 89522.23225086993,
    "C_303_err": 440.23165942578345,
    "C_383": 38184.792211846965,
    "C_383_err": 239.53714738459158,
    "O_Ba133": 0.8622283427859682,
    "O_Ba133_err": 0.005244100448739643
}