{
    "C_79": 22666.795285570282,
    "C_79_err": 62.60728471923966,
    "C_81": 281410.4018472631,
    "C_81_err": 777.2753461369754,
    "C_356": 860687.5627379075,
    "C_356_err": 1258.9437111283519,
    "C_161": 12710.688077969835,
    "C_161_err": 254.19214342623903,
    "C_223": NaN,
    "C_223_err": NaN,
    "C_276": 117481.15504390416,
    "C_276_err": 357.5578704334397,
    "C_303": 288764.02124813944,
    "C_303_err": 585.2148776058962,
    "C_383": 120613.6323349674,
    "C_383_err": 370.12096855511976,
    "O_Ba133": 0.35329567928871014,
    "O_Ba133_err": 0.0010430292458667714
}