{
    "C_79": 48202.25221309689,
    "C_79_err": 86.71996274491057,
    "C_81": 598435.5086078935,
    "C_81_err": 1076.6365186066257,
    "C_356": 1044618.9793145459,
    "C_356_err": 2243.0806321234513,
    "C_161": 16451.752519486243,
    "C_161_err": 183.6398685597095,
    "C_223": 10795.021846905902,
    "C_223_err": 150.21771582976712,
    "C_276": 142524.85738704848,
    "C_276_err": 356.50735138334295,
    "C_303": 350877.8996517245,
    "C_303_err": 480.7980841979166,
    "C_383": 148105.27683114176,
    "C_383_err": 348.7181766556728,
    "O_Ba133": 0.6190178176212141,
    "O_Ba133_err": 0.001684013637265268
}