{
    "C_79": 54854.576879213426,
    "C_79_err": 94.30323727163848,
    "C_81": 681024.7469155176,
    "C_81_err": 1170.7835872592098,
    "C_356": 1077992.5208545586,
    "C_356_err": 2680.537974652366,
    "C_161": 17021.032158513794,
    "C_161_err": 261.0040629678363,
    "C_223": 10865.688630043505,
    "C_223_err": 185.47867431587693,
    "C_276": 147171.24553259285,
    "C_276_err": 449.82226020817967,
    "C_303": 362456.13859040063,
    "C_303_err": 590.9611759694299,
    "C_383": 153412.10541095803,
    "C_383_err": 511.31004988887645,
    "O_Ba133": 0.6826386172061532,
    "O_Ba133_err": 0.0020170659483951118
}