{
    "C_79": 102676.60479328672,
    "C_79_err": 237.96616333823758,
    "C_81": 1274739.734980807,
    "C_81_err": 2954.3723674822704,
    "C_356": 1233386.5631291019,
    "C_356_err": 3930.085608502469,
    "C_161": 22399.128036982554,
    "C_161_err": 272.9686930196633,
    "C_223": 12442.871320548953,
    "C_223_err": 177.0453970832466,
    "C_276": 167626.08548361642,
    "C_276_err": 361.3381774262576,
    "C_303": 413076.8495328041,
    "C_303_err": 594.4480611956128,
    "C_383": 179314.71557934812,
    "C_383_err": 2894.65564628689,
    "O_Ba133": 1.1167758600187667,
    "O_Ba133_err": 0.004293935030384191
}