{
    "C_79": 80702.04896515064,
    "C_79_err": 137.88939638900567,
    "C_81": 1001923.5513032115,
    "C_81_err": 1711.9098646031268,
    "C_356": 1181175.5062257538,
    "C_356_err": 3315.377943587363,
    "C_161": 20058.57188216405,
    "C_161_err": 186.2920821585131,
    "C_223": 11807.668801577012,
    "C_223_err": 187.5146808363291,
    "C_276": 161101.60669619247,
    "C_276_err": 451.8174970753161,
    "C_303": 396769.42908947833,
    "C_303_err": 652.486214513761,
    "C_383": 170056.0074747686,
    "C_383_err": 564.7456667564319,
    "O_Ba133": 0.9165662465586581,
    "O_Ba133_err": 0.0029551242560265055
}