{
    "C_79": 70979.38302683369,
    "C_79_err": 108.78801131289589,
    "C_81": 881215.7364463527,
    "C_81_err": 1350.6134234695378,
    "C_356": 1146147.6295094576,
    "C_356_err": 2985.280709250972,
    "C_161": 18733.119140498962,
    "C_161_err": 178.4879399280767,
    "C_223": 11751.137755272854,
    "C_223_err": 212.34323398562825,
    "C_276": 156462.99972241386,
    "C_276_err": 354.56149278816685,
    "C_303": 385489.0351921516,
    "C_303_err": 737.8423190258733,
    "C_383": 164358.61379439477,
    "C_383_err": 452.25323882489135,
    "O_Ba133": 0.830778771388044,
    "O_Ba133_err": 0.0024657513483358896
}