{
    "C_79": 74731.83193297686,
    "C_79_err": 124.28027259857295,
    "C_81": 927802.7436207323,
    "C_81_err": 1542.9513088653018,
    "C_356": 1160176.1408097069,
    "C_356_err": 3249.9391486397535,
    "C_161": 19040.740526298672,
    "C_161_err": 227.49557323083553,
    "C_223": 11636.936208427496,
    "C_223_err": 252.08726060272505,
    "C_276": 158427.0753536315,
    "C_276_err": 390.1470789631265,
    "C_303": 390033.34845274617,
    "C_303_err": 685.0050641104756,
    "C_383": 166682.26219626368,
    "C_383_err": 460.5385437794252,
    "O_Ba133": 0.8641227312725317,
    "O_Ba133_err": 0.0027639806633233156
}