{
    "C_79": 91584.17185528194,
    "C_79_err": 162.8892657910258,
    "C_81": 1137026.1335995623,
    "C_81_err": 2022.2856017074525,
    "C_356": 1214393.8924719472,
    "C_356_err": 3848.8351196029134,
    "C_161": 21118.51395695718,
    "C_161_err": 230.597660906084,
    "C_223": 12303.375834349456,
    "C_223_err": 193.5738058405749,
    "C_276": 165404.26791502032,
    "C_276_err": 346.4811531578537,
    "C_303": 407362.5515054719,
    "C_303_err": 575.9425399128836,
    "C_383": 175368.225743291,
    "C_383_err": 963.7470756839023,
    "O_Ba133": 1.0117065913053622,
    "O_Ba133_err": 0.003615578427135038
}