{
    "cuspEmax_ctc": {
        "resolution": [
            0.3469603722223524,
            0.0023253160218684225,
            3.4892748831607423e-22
        ],
        "calibration": [
            0.08358689082132988,
            0.09790898329308105
        ]
    }
}