{
    "C_60": 4243681.788589406,
    "C_60_err": 0.001218126776947881,
    "C_99_103": 7793.764726186882,
    "C_99_103_err": 8.186101209113443e-07,
    "O_Am241": 544.4970354738482,
    "O_Am241_err": 1.6642990977915618e-07
}