{
    "C_60": 4228320.037769251,
    "C_60_err": 0.00120751680746628,
    "C_99_103": 7722.091420375227,
    "C_99_103_err": 8.056105111058521e-07,
    "O_Am241": 547.5615099055368,
    "O_Am241_err": 1.6647923975262486e-07
}