{
    "C_60": 3891065.1730468594,
    "C_60_err": 0.0011307689157530332,
    "C_99_103": 7473.3497442822745,
    "C_99_103_err": 9.91739499749079e-07,
    "O_Am241": 520.6587816960987,
    "O_Am241_err": 1.6633590607957847e-07
}