{
    "C_60": 2011317.9596651527,
    "C_60_err": 0.0006149165243321542,
    "C_99_103": 6409.297830746701,
    "C_99_103_err": 8.691774572571354e-07,
    "O_Am241": 313.81252873231335,
    "O_Am241_err": 1.04956244696744e-07
}