{
    "C_60": 4252020.625746414,
    "C_60_err": 0.0012167024396636528,
    "C_99_103": 7716.539736827731,
    "C_99_103_err": 6.112504491082547e-07,
    "O_Am241": 551.026855399104,
    "O_Am241_err": 1.6360463438881156e-07
}