{
    "C_60": NaN,
    "C_60_err": NaN,
    "C_99_103": 4732.973397944418,
    "C_99_103_err": 3.617556378824986e-07,
    "O_Am241": NaN,
    "O_Am241_err": NaN
}