{
    "C_60": 3519535.900305617,
    "C_60_err": 0.001015369698084967,
    "C_99_103": 7279.260764576307,
    "C_99_103_err": 5.746770401465328e-07,
    "O_Am241": 483.50182994309495,
    "O_Am241_err": 1.4461653341473116e-07
}