{
    "C_60": 3840864.4669091334,
    "C_60_err": 0.001113585507569459,
    "C_99_103": 7438.220918070254,
    "C_99_103_err": 8.156862777548238e-07,
    "O_Am241": 516.3687001522393,
    "O_Am241_err": 1.6006230225544386e-07
}