{
    "C_60": 2082165.1637467912,
    "C_60_err": 0.0006036462424185984,
    "C_99_103": 6411.775497686751,
    "C_99_103_err": 4.278614025934619e-07,
    "O_Am241": 324.74080923419694,
    "O_Am241_err": 9.660827570238361e-08
}