{
    "C_60": 814764.0657401307,
    "C_60_err": 0.00023357913594306,
    "C_99_103": 5018.162280339464,
    "C_99_103_err": 2.746805909483764e-07,
    "O_Am241": 162.36303655070603,
    "O_Am241_err": 4.7387594192108366e-08
}