{
    "C_60": 2852875.0896889884,
    "C_60_err": 0.0008428083485265137,
    "C_99_103": 6914.75012220748,
    "C_99_103_err": 8.626340575721998e-07,
    "O_Am241": 412.57818999513324,
    "O_Am241_err": 1.3230753239545053e-07
}