{
    "C_60": 1634655.441694768,
    "C_60_err": 0.000498379299260221,
    "C_99_103": 6077.540187772444,
    "C_99_103_err": 6.771918313814348e-07,
    "O_Am241": 268.9666199136901,
    "O_Am241_err": 8.730835662443151e-08
}