{
    "C_60": 1236492.7979129776,
    "C_60_err": 0.0003539327704143308,
    "C_99_103": 5587.241961013116,
    "C_99_103_err": 5.424601269479051e-07,
    "O_Am241": 221.30647044481466,
    "O_Am241_err": 6.689139374920994e-08
}