{
    "C_60": 815852.8557122216,
    "C_60_err": 0.00024110491332662853,
    "C_99_103": 4988.441819366788,
    "C_99_103_err": 6.03140689758733e-07,
    "O_Am241": 163.54863607806547,
    "O_Am241_err": 5.2221384225956605e-08
}