{
    "C_60": 596503.2728374327,
    "C_60_err": 0.0001770051111232851,
    "C_99_103": 4612.702490455033,
    "C_99_103_err": 3.881911996716928e-07,
    "O_Am241": 129.31752569600235,
    "O_Am241_err": 3.9886808917415353e-08
}