{
    "C_60": 3519112.7430969295,
    "C_60_err": 0.0010193427212970563,
    "C_99_103": 7321.417037772192,
    "C_99_103_err": 7.271932963366819e-07,
    "O_Am241": 480.6600586937399,
    "O_Am241_err": 1.4718531812199762e-07
}