{
    "C_60": 4644973.300246376,
    "C_60_err": 0.0013413436277559532,
    "C_99_103": 7883.981376892032,
    "C_99_103_err": 5.669201962738013e-07,
    "O_Am241": 589.1659401759628,
    "O_Am241_err": 1.7533075411307618e-07
}