{
    "C_60": 1238255.046482709,
    "C_60_err": 0.0003593070725387698,
    "C_99_103": 5603.265860759082,
    "C_99_103_err": 6.686896933145049e-07,
    "O_Am241": 220.98809466716273,
    "O_Am241_err": 6.933594813703332e-08
}