{
    "C_60": 1876739.0024407257,
    "C_60_err": 0.0005492101087310741,
    "C_99_103": 6239.279430355518,
    "C_99_103_err": 6.132324336326732e-07,
    "O_Am241": 300.7941900005251,
    "O_Am241_err": 9.285660377014456e-08
}