{
    "C_60": 734219.5840819321,
    "C_60_err": 0.00021099702445098734,
    "C_99_103": 4861.883701751533,
    "C_99_103_err": 5.110957947807677e-07,
    "O_Am241": 151.01545596769898,
    "O_Am241_err": 4.621067058720728e-08
}