{
    "C_60": 1238247.7208757936,
    "C_60_err": 0.0003678230214295558,
    "C_99_103": 5557.892844730789,
    "C_99_103_err": 6.568544854996389e-07,
    "O_Am241": 222.7908589583057,
    "O_Am241_err": 7.122582909916571e-08
}