{
    "C_60": 4670469.955241982,
    "C_60_err": 0.0013259040483806772,
    "C_99_103": 7930.911175713092,
    "C_99_103_err": 1.0013916997941678e-06,
    "O_Am241": 588.8944979669434,
    "O_Am241_err": 1.8297166818233297e-07
}