{
    "C_60": 815874.7527390608,
    "C_60_err": 0.00024370260238999741,
    "C_99_103": 5050.125205888396,
    "C_99_103_err": 3.379405822453302e-07,
    "O_Am241": 161.55535149658448,
    "O_Am241_err": 4.9452883871549137e-08
}