{
    "C_60": 595666.3677240624,
    "C_60_err": 0.000175406223311865,
    "C_99_103": 4591.173589469606,
    "C_99_103_err": 3.9754330199124905e-07,
    "O_Am241": 129.74163492539097,
    "O_Am241_err": 3.98225481400439e-08
}