{
    "C_60": 2847413.2017486137,
    "C_60_err": 0.0008375122660914114,
    "C_99_103": 6890.07654767504,
    "C_99_103_err": 7.318237874845337e-07,
    "O_Am241": 413.2629270583987,
    "O_Am241_err": 1.2923601250261138e-07
}