{
    "C_60": 905042.9977180867,
    "C_60_err": 0.0002680027314393152,
    "C_99_103": 5124.447867134468,
    "C_99_103_err": 6.245873457262673e-07,
    "O_Am241": 176.6127827199804,
    "O_Am241_err": 5.655571469275831e-08
}