{
    "C_60": 661996.6395217497,
    "C_60_err": 0.0001886294711772596,
    "C_99_103": 4768.52013103639,
    "C_99_103_err": 3.1211691806933527e-07,
    "O_Am241": 138.82643279894708,
    "O_Am241_err": 4.0587471291700154e-08
}