{
    "C_60": 2311654.8225016645,
    "C_60_err": 0.0006573703817379373,
    "C_99_103": 6553.042500648497,
    "C_99_103_err": 1.0839819458664454e-06,
    "O_Am241": 352.76054172896033,
    "O_Am241_err": 1.1605242806377637e-07
}