{
    "C_60": 1114100.4560624063,
    "C_60_err": 0.0003354957116045998,
    "C_99_103": 5416.751796160893,
    "C_99_103_err": 6.270310743392883e-07,
    "O_Am241": 205.6768517346543,
    "O_Am241_err": 6.63551670757289e-08
}