{
    "C_60": 4664517.049491028,
    "C_60_err": 0.0013349225484304839,
    "C_99_103": 7973.410269891156,
    "C_99_103_err": 5.036652408747615e-07,
    "O_Am241": 585.0090352311324,
    "O_Am241_err": 1.714515806954937e-07
}