{
    "C_60": 2853602.3605631716,
    "C_60_err": 0.0008326812634645853,
    "C_99_103": 6976.910850754527,
    "C_99_103_err": 4.7019916106288626e-07,
    "O_Am241": 409.0065677497606,
    "O_Am241_err": 1.2248989240310543e-07
}