{
    "C_60": 596570.3380042771,
    "C_60_err": 0.00017708461547544935,
    "C_99_103": 4578.580159499484,
    "C_99_103_err": 7.382940850857297e-07,
    "O_Am241": 130.2959252043525,
    "O_Am241_err": 4.401497649945813e-08
}