{
    "C_60": 1372392.5618613814,
    "C_60_err": 0.0004017391159827355,
    "C_99_103": 5736.052899764718,
    "C_99_103_err": 4.0819570003530585e-07,
    "O_Am241": 239.25730564961742,
    "O_Am241_err": 7.207741785988814e-08
}