{
    "C_60": 735243.3043832502,
    "C_60_err": 0.00022149972395354295,
    "C_99_103": 4884.560626676254,
    "C_99_103_err": 4.0740378221058686e-07,
    "O_Am241": 150.5239387075749,
    "O_Am241_err": 4.7052754696899764e-08
}