{
    "C_60": 1693960.232411984,
    "C_60_err": 0.0004906176587134159,
    "C_99_103": 6078.200291853877,
    "C_99_103_err": 6.43231305766899e-07,
    "O_Am241": 278.6943751561235,
    "O_Am241_err": 8.593702069750507e-08
}