{
    "C_60": 1879963.2907588016,
    "C_60_err": 0.0005483336706044173,
    "C_99_103": 6273.91627564417,
    "C_99_103_err": 6.383005184454858e-07,
    "O_Am241": 299.6474941906645,
    "O_Am241_err": 9.256326369245762e-08
}