{
    "C_60": 3877203.2249102104,
    "C_60_err": 0.0011261290309705352,
    "C_99_103": 7545.86145154371,
    "C_99_103_err": 6.85203624069047e-07,
    "O_Am241": 513.8185016790924,
    "O_Am241_err": 1.5636139037944486e-07
}