{
    "C_60": 2568992.6092639943,
    "C_60_err": 0.0007348957202595041,
    "C_99_103": 6777.385194010035,
    "C_99_103_err": 8.286712896540989e-07,
    "O_Am241": 379.0536520684279,
    "O_Am241_err": 1.1792312815008377e-07
}