{
    "C_60": 1115538.381680447,
    "C_60_err": 0.0003376970129698176,
    "C_99_103": 5456.239682732199,
    "C_99_103_err": 6.322917318391831e-07,
    "O_Am241": 204.45186548730274,
    "O_Am241_err": 6.62718054660578e-08
}