{
    "C_60": 2569176.9763656068,
    "C_60_err": 0.0007511963284298484,
    "C_99_103": 6731.239601380912,
    "C_99_103_err": 5.761146969825593e-07,
    "O_Am241": 381.67962047266013,
    "O_Am241_err": 1.1628146346067075e-07
}