{
    "C_60": 735072.5460718353,
    "C_60_err": 0.0002264878623706862,
    "C_99_103": 4856.32893752753,
    "C_99_103_err": 4.358346786736359e-07,
    "O_Am241": 151.36382965979192,
    "O_Am241_err": 4.857575675040636e-08
}