{
    "C_60": 1691158.1809168556,
    "C_60_err": 0.00048729003470110444,
    "C_99_103": 6055.238925584883,
    "C_99_103_err": 7.994841214021501e-07,
    "O_Am241": 279.2884313402224,
    "O_Am241_err": 8.852031756630316e-08
}