{
    "C_60": 1526384.8992303018,
    "C_60_err": 0.0004466107120953966,
    "C_99_103": 5882.516174506009,
    "C_99_103_err": 6.839553797724929e-07,
    "O_Am241": 259.4782324348614,
    "O_Am241_err": 8.169635714673793e-08
}