{
    "C_60": 1523841.3417603883,
    "C_60_err": 0.00044779211402196095,
    "C_99_103": 5899.733191776215,
    "C_99_103_err": 7.670694202467198e-07,
    "O_Am241": 258.28987383438096,
    "O_Am241_err": 8.299781790929246e-08
}