{
    "C_60": 69830.90118023746,
    "C_60_err": 5.24847319897416e-06,
    "C_99_103": 3639.7000809848137,
    "C_99_103_err": 3.547221740217779e-05,
    "O_Am241": 19.185894339223392,
    "O_Am241_err": 1.8698970726116684e-07
}