{
    "C_60": 903769.7977963022,
    "C_60_err": 0.00026972520161434865,
    "C_99_103": 5141.5018659383895,
    "C_99_103_err": 7.91472762733678e-07,
    "O_Am241": 175.77933867604514,
    "O_Am241_err": 5.9027867311827846e-08
}