{
    "C_60": 1005053.5180023884,
    "C_60_err": 0.00029609185948457906,
    "C_99_103": 5305.120790917032,
    "C_99_103_err": 5.285647192436634e-07,
    "O_Am241": 189.4496954194057,
    "O_Am241_err": 5.891784822466208e-08
}