{
    "C_60": 1374968.758541978,
    "C_60_err": 0.0004035956918439776,
    "C_99_103": 5726.109798304826,
    "C_99_103_err": 5.642170384059005e-07,
    "O_Am241": 240.12266739087465,
    "O_Am241_err": 7.434862562610639e-08
}