{
    "C_60": 697975.3754891127,
    "C_60_err": 5.018778282371572e-05,
    "C_99_103": 32702.451902478035,
    "C_99_103_err": 0.00016100849779079974,
    "O_Am241": 21.343212355163605,
    "O_Am241_err": 1.0509319105758129e-07
}