{
    "C_60": 1004879.1109629278,
    "C_60_err": 0.0002943816138709088,
    "C_99_103": 5274.350083123313,
    "C_99_103_err": 4.42064567821596e-07,
    "O_Am241": 190.52188328914798,
    "O_Am241_err": 5.8053185068842245e-08
}