{
    "C_60": 2232073.504064378,
    "C_60_err": 0.0006778038142109255,
    "C_99_103": 6559.950875763767,
    "C_99_103_err": 8.46960747557992e-07,
    "O_Am241": 340.2576553295455,
    "O_Am241_err": 1.1227593721707219e-07
}