{
    "C_60": 1115760.6938378776,
    "C_60_err": 0.00032022915730844925,
    "C_99_103": 5430.794977145854,
    "C_99_103_err": 4.3409646699184117e-07,
    "O_Am241": 205.45071182640444,
    "O_Am241_err": 6.120955365961555e-08
}