{
    "C_60": 2563997.4904798428,
    "C_60_err": 0.0007326366619526958,
    "C_99_103": 6703.762528508819,
    "C_99_103_err": 6.675596001058225e-07,
    "O_Am241": 382.47140759775345,
    "O_Am241_err": 1.15733785392397e-07
}