{
    "C_60": 2085612.1459557035,
    "C_60_err": 0.0006132875042376418,
    "C_99_103": 6460.258941317652,
    "C_99_103_err": 3.32094658476393e-07,
    "O_Am241": 322.83723685080594,
    "O_Am241_err": 9.637202199856233e-08
}