{
    "C_60": 1880191.545150624,
    "C_60_err": 0.000555408328073298,
    "C_99_103": 6261.082013457863,
    "C_99_103_err": 6.404146234086257e-07,
    "O_Am241": 300.2981818652514,
    "O_Am241_err": 9.387539055799899e-08
}