{
    "C_60": 2315410.696738479,
    "C_60_err": 0.0006667252105513333,
    "C_99_103": 6604.7996586709005,
    "C_99_103_err": 4.598887499290827e-07,
    "O_Am241": 350.56486440111263,
    "O_Am241_err": 1.0385488593682541e-07
}