{
    "C_60": 1526236.732563663,
    "C_60_err": 0.00045642981292129403,
    "C_99_103": 5879.289871041257,
    "C_99_103_err": 6.494187613061489e-07,
    "O_Am241": 259.5954215629374,
    "O_Am241_err": 8.275983673846512e-08
}