{
    "C_60": 905257.3721728994,
    "C_60_err": 0.00026756608741330956,
    "C_99_103": 2678.4567159710064,
    "C_99_103_err": 3.851800568516889e-07,
    "O_Am241": 337.9772265032558,
    "O_Am241_err": 1.1109196325416249e-07
}