{
    "C_60": 67471.03093618437,
    "C_60_err": 6.266567247918339e-06,
    "C_99_103": 2535.4007324806275,
    "C_99_103_err": 2.0086661357858124e-05,
    "O_Am241": 26.611584540393714,
    "O_Am241_err": 2.1084423116441394e-07
}