{
    "C_60": 3160989.272011337,
    "C_60_err": 0.000911605962317652,
    "C_99_103": 7119.363807038422,
    "C_99_103_err": 8.170298870454912e-07,
    "O_Am241": 443.9988400208296,
    "O_Am241_err": 1.3781178647630392e-07
}