{
    "C_60": 3035843.132704651,
    "C_60_err": 0.0009039337440674977,
    "C_99_103": 7119.073686538122,
    "C_99_103_err": 1.0827175102182465e-06,
    "O_Am241": 426.43794212234474,
    "O_Am241_err": 1.4257812105355785e-07
}