{
    "cuspEmax_ctc": {
        "resolution": [
            0.22694794673529528,
            0.0018221575418972684,
            8.659845818732361e-25
        ],
        "calibration": [
            0.11638148437160145,
            0.4408492318612483
        ]
    }
}