{
    "C_60": 3457776.384211702,
    "C_60_err": 10146.615172717458,
    "C_99_103": 6702.19151550204,
    "C_99_103_err": 98.89323604611671,
    "O_Am241": 515.9172751500657,
    "O_Am241_err": 7.7616233753277415
}