{
    "C_60": 1322669.6526829037,
    "C_60_err": 4443.396828873394,
    "C_99_103": 4925.718595545191,
    "C_99_103_err": 71.12526190382609,
    "O_Am241": 268.5231864197689,
    "O_Am241_err": 3.980912831425729
}