{
    "C_60": 5954523.587710722,
    "C_60_err": 14901.08810959094,
    "C_99_103": 7954.962501211363,
    "C_99_103_err": 87.73175381472309,
    "O_Am241": 748.5294351549717,
    "O_Am241_err": 8.465053020814866
}