{
    "C_60": 2786047.7571041607,
    "C_60_err": 8440.330240651652,
    "C_99_103": 6252.650948236034,
    "C_99_103_err": 81.15765838403966,
    "O_Am241": 445.5786481876373,
    "O_Am241_err": 5.938929870150775
}