{
    "C_60": 2019109.9342263704,
    "C_60_err": 6224.7515868293585,
    "C_99_103": 5653.935584540495,
    "C_99_103_err": 65.37953035113283,
    "O_Am241": 357.1158362233918,
    "O_Am241_err": 4.273766914341605
}