{
    "C_60": 5338771.037377057,
    "C_60_err": 14297.5250547975,
    "C_99_103": 7652.331220834925,
    "C_99_103_err": 91.89365092262713,
    "O_Am241": 697.6659639145308,
    "O_Am241_err": 8.583787709077694
}