{
    "C_60": 2248222.3494358812,
    "C_60_err": 7482.315525882519,
    "C_99_103": 5825.402778737363,
    "C_99_103_err": 81.88354929598226,
    "O_Am241": 385.93423233185877,
    "O_Am241_err": 5.574786932466864
}