{
    "C_60": 4294188.849082456,
    "C_60_err": 11671.556202710004,
    "C_99_103": 7114.402491220967,
    "C_99_103_err": 80.22320684674186,
    "O_Am241": 603.5909346401754,
    "O_Am241_err": 7.001120320412642
}