{
    "C_60": 875028.1450916495,
    "C_60_err": 3034.9720498653155,
    "C_99_103": 4377.188909474565,
    "C_99_103_err": 63.603614988444676,
    "O_Am241": 199.9064155530558,
    "O_Am241_err": 2.986385133705576
}