{
    "C_60": 4787499.071001547,
    "C_60_err": 12626.390768986023,
    "C_99_103": 7422.2608012390065,
    "C_99_103_err": 85.89508707926247,
    "O_Am241": 645.0189772639577,
    "O_Am241_err": 7.655956737502352
}