{
    "C_60": 6641651.678264096,
    "C_60_err": 16978.053079395922,
    "C_99_103": 8236.447102382339,
    "C_99_103_err": 100.8137976016525,
    "O_Am241": 806.3733786796302,
    "O_Am241_err": 10.0829351871135
}