{
    "C_60": 1632796.8863807586,
    "C_60_err": 5470.938103705105,
    "C_99_103": 5286.841418876481,
    "C_99_103_err": 73.2304012304892,
    "O_Am241": 308.84166121399346,
    "O_Am241_err": 4.401285773023797
}