{
    "C_60": 1074138.7110742999,
    "C_60_err": 3549.2948944716527,
    "C_99_103": 4685.863011129901,
    "C_99_103_err": 73.7257761381787,
    "O_Am241": 229.2296442561374,
    "O_Am241_err": 3.6853010666692905
}