{
    "C_60": 1469257.1971466602,
    "C_60_err": 5411.368721681397,
    "C_99_103": 5080.081440660659,
    "C_99_103_err": 69.54461879990978,
    "O_Am241": 289.2192210516186,
    "O_Am241_err": 4.100103729208124
}