{
    "C_60": 7383936.191766476,
    "C_60_err": 17688.690984641315,
    "C_99_103": 8446.910261525214,
    "C_99_103_err": 99.8813821001432,
    "O_Am241": 874.1582381192716,
    "O_Am241_err": 10.546566923447367
}