{
    "C_60": 3854013.208294397,
    "C_60_err": 11711.383871403597,
    "C_99_103": 6910.152165731373,
    "C_99_103_err": 89.50022540282264,
    "O_Am241": 557.7320319235672,
    "O_Am241_err": 7.41989184539433
}