{
    "C_60": 969123.3520495348,
    "C_60_err": 3450.981945395797,
    "C_99_103": 4525.737311342391,
    "C_99_103_err": 55.47455745983747,
    "O_Am241": 214.13601483690192,
    "O_Am241_err": 2.733304603260729
}