{
    "C_60": 1815035.0473688561,
    "C_60_err": 5822.606606805639,
    "C_99_103": 5461.696189440974,
    "C_99_103_err": 75.61634214472232,
    "O_Am241": 332.3207634430197,
    "O_Am241_err": 4.722825620534236
}