{
    "C_60": 1191817.8472609997,
    "C_60_err": 4610.00501713131,
    "C_99_103": 4799.3894795261685,
    "C_99_103_err": 65.13675779116191,
    "O_Am241": 248.32696999174672,
    "O_Am241_err": 3.50447172561132
}