{
    "C_60": 3837695.2286696327,
    "C_60_err": 0.040175958051296146,
    "C_99_103": 6792.788702189408,
    "C_99_103_err": 2.8950957201719335e-05,
    "O_Am241": 564.9660834338468,
    "O_Am241_err": 6.385865287939137e-06
}