{
    "C_60": 1317714.416757417,
    "C_60_err": 0.01305245817948969,
    "C_99_103": 4921.0403357300165,
    "C_99_103_err": 1.8537665709002296e-05,
    "O_Am241": 267.7715131066771,
    "O_Am241_err": 2.8377078681374435e-06
}