{
    "C_60": 1625978.9417023393,
    "C_60_err": 0.016141165181306483,
    "C_99_103": 5215.2317021894805,
    "C_99_103_err": 2.6114373658989815e-05,
    "O_Am241": 311.77501490867877,
    "O_Am241_err": 3.466449449997013e-06
}