{
    "C_60": 871599.092025923,
    "C_60_err": 0.008509444571766778,
    "C_99_103": 4340.636628668969,
    "C_99_103_err": 2.3825334403340823e-05,
    "O_Am241": 200.79982882446296,
    "O_Am241_err": 2.2490005261283856e-06
}