{
    "C_60": 4767904.1647546915,
    "C_60_err": 0.050370397700715275,
    "C_99_103": 7300.7830468595985,
    "C_99_103_err": 3.2383660115999905e-05,
    "O_Am241": 653.0675044241433,
    "O_Am241_err": 7.482769344289521e-06
}