{
    "C_60": 965520.9500962469,
    "C_60_err": 0.00910745921658282,
    "C_99_103": 4450.18525227131,
    "C_99_103_err": 1.5622669278170787e-05,
    "O_Am241": 216.96196795480796,
    "O_Am241_err": 2.183673469071665e-06
}