{
    "C_60": 3445301.015741842,
    "C_60_err": 0.03517498382136386,
    "C_99_103": 6612.258871160214,
    "C_99_103_err": 2.5750646987894285e-05,
    "O_Am241": 521.0475093116424,
    "O_Am241_err": 5.693530003466309e-06
}