{
    "C_60": 1808738.3266234777,
    "C_60_err": 0.018021197352249274,
    "C_99_103": 5469.399067098562,
    "C_99_103_err": 2.191139173808735e-05,
    "O_Am241": 330.7014727639882,
    "O_Am241_err": 3.551292901775984e-06
}