{
    "C_60": 5256855.462243707,
    "C_60_err": 0.022724863212522095,
    "C_99_103": 13411.792416421045,
    "C_99_103_err": 2.318005879728447e-05,
    "O_Am241": 391.9577114694492,
    "O_Am241_err": 1.8247981728924341e-06
}