{
    "C_60": 2013263.2191384062,
    "C_60_err": 0.019681853183477205,
    "C_99_103": 5642.2375313640805,
    "C_99_103_err": 1.7805236813309213e-05,
    "O_Am241": 356.8200041113255,
    "O_Am241_err": 3.6655421701940355e-06
}