{
    "C_60": 6614675.144040586,
    "C_60_err": 0.07181869110214567,
    "C_99_103": 8050.0605925379405,
    "C_99_103_err": 4.6471845970372357e-05,
    "O_Am241": 821.6925907579013,
    "O_Am241_err": 1.0104169954459064e-05
}