{
    "C_60": 1069781.464915362,
    "C_60_err": 0.010985621479680518,
    "C_99_103": 4626.7766142926,
    "C_99_103_err": 1.9534460669955185e-05,
    "O_Am241": 231.2152831434944,
    "O_Am241_err": 2.567205182342276e-06
}