{
    "C_60": 1463382.1829343145,
    "C_60_err": 0.013691824380892281,
    "C_99_103": 5063.389075564556,
    "C_99_103_err": 1.7364893082961464e-05,
    "O_Am241": 289.01239092932053,
    "O_Am241_err": 2.880013707605549e-06
}