{
    "C_60": 2776372.4840430054,
    "C_60_err": 0.02761483081146321,
    "C_99_103": 6224.273683684024,
    "C_99_103_err": 3.790213472276388e-05,
    "O_Am241": 446.05565647295344,
    "O_Am241_err": 5.202071806019797e-06
}