{
    "C_60": 5317989.149198599,
    "C_60_err": 0.05665802392694208,
    "C_99_103": 7528.314618718344,
    "C_99_103_err": 3.840771073727987e-05,
    "O_Am241": 706.3983665050331,
    "O_Am241_err": 8.344368453022602e-06
}