{
    "C_60": 1187216.794158269,
    "C_60_err": 0.011283039324549715,
    "C_99_103": 4715.1873312900125,
    "C_99_103_err": 1.764749100140798e-05,
    "O_Am241": 251.7857108836145,
    "O_Am241_err": 2.5717842463234026e-06
}