{
    "C_60": 2493409.3126364304,
    "C_60_err": 0.025287254229346967,
    "C_99_103": 5871.836726449165,
    "C_99_103_err": 2.7320930568090036e-05,
    "O_Am241": 424.6387338062535,
    "O_Am241_err": 4.738140168172703e-06
}