{
    "C_60": 3093568.978454527,
    "C_60_err": 0.03177957990849689,
    "C_99_103": 6372.660442082325,
    "C_99_103_err": 2.8865705847316802e-05,
    "O_Am241": 485.4438749044151,
    "O_Am241_err": 5.4501233054485944e-06
}