{
    "C_60": 5932735.836028636,
    "C_60_err": 0.06398754811828056,
    "C_99_103": 7736.335202916235,
    "C_99_103_err": 2.056299323558898e-05,
    "O_Am241": 766.8664400415682,
    "O_Am241_err": 8.518500026181932e-06
}