{
    "C_60": 4278846.744060209,
    "C_60_err": 0.044109850633178294,
    "C_99_103": 7031.856311803932,
    "C_99_103_err": 3.074543270716121e-05,
    "O_Am241": 608.494621381495,
    "O_Am241_err": 6.8137484069321955e-06
}