{
    "C_60": 7375208.783575981,
    "C_60_err": 0.08032710990425462,
    "C_99_103": 8265.484441185365,
    "C_99_103_err": 3.924137916310481e-05,
    "O_Am241": 892.289960262546,
    "O_Am241_err": 1.0601543953038673e-05
}