{
    "C_60": 2239991.670400237,
    "C_60_err": 0.022745006663926204,
    "C_99_103": 5812.984315828167,
    "C_99_103_err": 3.508797529747156e-05,
    "O_Am241": 385.3428030591734,
    "O_Am241_err": 4.5519387023572476e-06
}