{
    "C_79": 56477.76800168336,
    "C_79_err": 372.1204398870688,
    "C_81": 701176.8178322222,
    "C_81_err": 4619.910366899835,
    "C_356": 820978.4321766653,
    "C_356_err": 5715.065821279411,
    "C_161": 16560.18410505585,
    "C_161_err": 358.8730758520055,
    "C_223": 9450.98244649376,
    "C_223_err": 194.38074156021906,
    "C_276": 121920.901430631,
    "C_276_err": 543.1743873224895,
    "C_303": 284583.48187946697,
    "C_303_err": 1006.9832656409075,
    "C_383": 110058.62522997831,
    "C_383_err": 808.6337244954286,
    "O_Ba133": 0.9228678320149425,
    "O_Ba133_err": 0.008552452418268387
}