{
    "C_79": 16386.302488429097,
    "C_79_err": 84.73454428100383,
    "C_81": 203437.49127144058,
    "C_81_err": 1051.987361073595,
    "C_356": 164760.43778085776,
    "C_356_err": 434.1725507606863,
    "C_161": 3582.035882978548,
    "C_161_err": 115.19280583895296,
    "C_223": NaN,
    "C_223_err": NaN,
    "C_276": 24605.232953153245,
    "C_276_err": 199.23516568288764,
    "C_303": 58325.403175239495,
    "C_303_err": 243.3497998364853,
    "C_383": 22417.371466580902,
    "C_383_err": 144.6066890988161,
    "O_Ba133": 1.3342025350299798,
    "O_Ba133_err": 0.007307075026242518
}