{
    "C_79": 7919.680197971891,
    "C_79_err": 46.10378269565999,
    "C_81": 98323.57679746248,
    "C_81_err": 572.3828115800806,
    "C_356": 131265.19305644894,
    "C_356_err": 313.41433853602757,
    "C_161": 2642.334114992773,
    "C_161_err": 122.85956853624613,
    "C_223": 1614.7729575248748,
    "C_223_err": 72.8225991391227,
    "C_276": 19699.25327919683,
    "C_276_err": 139.38141586481635,
    "C_303": 46684.535764914224,
    "C_303_err": 215.534051501215,
    "C_383": 17793.66236840178,
    "C_383_err": 105.59254615769792,
    "O_Ba133": 0.8093787433028479,
    "O_Ba133_err": 0.004782464394094235
}