{
    "C_79": 13343.114691346245,
    "C_79_err": 69.26444834696969,
    "C_81": 165656.0276774684,
    "C_81_err": 859.9246606095483,
    "C_356": 154802.53564366626,
    "C_356_err": 427.5458651077703,
    "C_161": 3295.875354936821,
    "C_161_err": 135.91891555587472,
    "C_223": NaN,
    "C_223_err": NaN,
    "C_276": 23102.726722668387,
    "C_276_err": 150.72538354519227,
    "C_303": 54957.08428358819,
    "C_303_err": 252.68186893037574,
    "C_383": 21078.353429540042,
    "C_383_err": 110.32883359731566,
    "O_Ba133": 1.1563062686572887,
    "O_Ba133_err": 0.006423154953361772
}