{
    "C_79": 76345.15539370086,
    "C_79_err": 107.83681395938527,
    "C_81": 947832.306585932,
    "C_81_err": 1338.8042185901038,
    "C_356": 761765.1179904604,
    "C_356_err": 2626.2108323627967,
    "C_161": 16652.402993875385,
    "C_161_err": 244.12965994479663,
    "C_223": 9042.943340720196,
    "C_223_err": 198.72609521135772,
    "C_276": 112208.83485747006,
    "C_276_err": 331.6695929015743,
    "C_303": 270162.46693299845,
    "C_303_err": 505.7189876603532,
    "C_383": 107093.34517793318,
    "C_383_err": 514.9222683627943,
    "O_Ba133": 1.3444793385675329,
    "O_Ba133_err": 0.004959168947249756
}