{
    "C_79": 85931.04339300236,
    "C_79_err": 148.13577136552237,
    "C_81": 1066842.0104262943,
    "C_81_err": 1839.1195765757307,
    "C_356": 781053.5941206923,
    "C_356_err": 2982.837571825665,
    "C_161": 17474.63623696661,
    "C_161_err": 216.597431773272,
    "C_223": 9240.35099174238,
    "C_223_err": 197.10906849207063,
    "C_276": 114907.35087568182,
    "C_276_err": 371.8879977710837,
    "C_303": 276200.1034110108,
    "C_303_err": 583.42003758113,
    "C_383": 110195.04061717512,
    "C_383_err": 1514.969054992149,
    "O_Ba133": 1.4759205546158263,
    "O_Ba133_err": 0.006111536526114887
}