{
    "C_79": 44951.62541484106,
    "C_79_err": 71.28232514059135,
    "C_81": 558078.6702446308,
    "C_81_err": 884.9767913680964,
    "C_356": 649110.5703248281,
    "C_356_err": 1700.1886028522456,
    "C_161": 13737.838109171591,
    "C_161_err": 269.59675342877455,
    "C_223": 7895.4605558515,
    "C_223_err": 186.90450678392276,
    "C_276": 96257.10240626172,
    "C_276_err": 381.3048423345056,
    "C_303": 231161.54094271196,
    "C_303_err": 505.34211271960186,
    "C_383": 89902.55172366175,
    "C_383_err": 318.416302103213,
    "O_Ba133": 0.9290101305201411,
    "O_Ba133_err": 0.0027913919657543552
}