{
    "C_79": 34398.21041552037,
    "C_79_err": 57.83726797220635,
    "C_81": 427057.02742286946,
    "C_81_err": 718.0551382209769,
    "C_356": 596603.0669561898,
    "C_356_err": 1288.5703416305914,
    "C_161": 12401.049487317347,
    "C_161_err": 196.27872562033835,
    "C_223": 7191.332338046056,
    "C_223_err": 164.1128415906382,
    "C_276": 88742.92335483733,
    "C_276_err": 290.37863665551043,
    "C_303": 212610.14190243755,
    "C_303_err": 416.24793890418977,
    "C_383": 82079.13216949144,
    "C_383_err": 304.2540620017373,
    "O_Ba133": 0.7734711123640197,
    "O_Ba133_err": 0.0020612656459762994
}