{
    "C_79": 9750.199130314384,
    "C_79_err": 48.046471715508275,
    "C_81": 121049.64203295954,
    "C_81_err": 596.5014790340462,
    "C_356": 140322.4061023597,
    "C_356_err": 394.7405043270229,
    "C_161": 2819.697808314578,
    "C_161_err": 133.44263390766577,
    "C_223": 44.25553882447137,
    "C_223_err": 26228248.628577925,
    "C_276": 20973.485260490026,
    "C_276_err": 166.31590034217402,
    "C_303": 49810.681716928055,
    "C_303_err": 211.26433006732498,
    "C_383": 19014.7937712323,
    "C_383_err": 137.46202462408348,
    "O_Ba133": 0.9321379585513989,
    "O_Ba133_err": 0.005006355200304659
}