{
    "C_79": 30097.519211360603,
    "C_79_err": 59.83994748321415,
    "C_81": 373663.54039764707,
    "C_81_err": 742.9185932821681,
    "C_356": 571755.8702008749,
    "C_356_err": 1251.8269232923838,
    "C_161": 11776.193560921387,
    "C_161_err": 210.3068898990972,
    "C_223": 6974.877718072896,
    "C_223_err": 191.2479068414361,
    "C_276": 85096.28383571976,
    "C_276_err": 277.18359055102104,
    "C_303": 203813.776136479,
    "C_303_err": 488.2349867525734,
    "C_383": 78339.32360346273,
    "C_383_err": 302.9901591336834,
    "O_Ba133": 0.7061773750869482,
    "O_Ba133_err": 0.002022333455336614
}