{
    "C_79": 12667.655016139037,
    "C_79_err": 68.76547863511036,
    "C_81": 157270.1320871598,
    "C_81_err": 853.7299045642004,
    "C_356": 152276.51045989926,
    "C_356_err": 387.6079346895699,
    "C_161": 3065.0456753056847,
    "C_161_err": 133.85478808300726,
    "C_223": 1899.7719047821467,
    "C_223_err": 104.81379817023615,
    "C_276": 22718.03562086042,
    "C_276_err": 164.2835041061042,
    "C_303": 54133.73426274113,
    "C_303_err": 261.7840589095485,
    "C_383": 20707.513457511915,
    "C_383_err": 150.97896350306854,
    "O_Ba133": 1.1159816217882832,
    "O_Ba133_err": 0.006301223048382892
}