{
    "C_79": 6433.742810005681,
    "C_79_err": 30.43283301994015,
    "C_81": 79875.52394309083,
    "C_81_err": 377.82649296454,
    "C_356": 122647.96240790543,
    "C_356_err": 281.27798792310136,
    "C_161": 2588.8633505920725,
    "C_161_err": 151.13458376952528,
    "C_223": 1585.1831279872922,
    "C_223_err": 89.42695357068648,
    "C_276": 18379.55749593227,
    "C_276_err": 150.84144748851065,
    "C_303": 43717.05018912255,
    "C_303_err": 184.74426399713767,
    "C_383": 16557.4368027964,
    "C_383_err": 123.26201220293095,
    "O_Ba133": 0.7037154556717963,
    "O_Ba133_err": 0.0034865667548852064
}