{
    "C_79": 9250.897990259493,
    "C_79_err": 41.31011661438852,
    "C_81": 114850.77127529703,
    "C_81_err": 512.8689949484461,
    "C_356": 138015.3050360136,
    "C_356_err": 412.6804159517929,
    "C_161": 2901.9174991160235,
    "C_161_err": 132.41858203101154,
    "C_223": NaN,
    "C_223_err": NaN,
    "C_276": 20659.136497096464,
    "C_276_err": 144.62823386233373,
    "C_303": 49048.11069037498,
    "C_303_err": 227.5199181263591,
    "C_383": 18685.850963321234,
    "C_383_err": 113.47501384284955,
    "O_Ba133": 0.8991877330791214,
    "O_Ba133_err": 0.004596454809848526
}