{
    "C_79": 56871.390502568844,
    "C_79_err": 551.9906379231113,
    "C_81": 706063.6783148978,
    "C_81_err": 6853.01584440391,
    "C_356": 812690.2050632766,
    "C_356_err": 6881.024676808084,
    "C_161": 16532.229430566586,
    "C_161_err": 290.2026351615609,
    "C_223": NaN,
    "C_223_err": NaN,
    "C_276": 120150.0539173926,
    "C_276_err": 491.1528316603406,
    "C_303": 282667.02773989347,
    "C_303_err": 1629.2479428653007,
    "C_383": 108923.31587604084,
    "C_383_err": 640.2712585154567,
    "O_Ba133": 0.9387772413942949,
    "O_Ba133_err": 0.011608132841901687
}