{
    "C_79": 26462.74867351029,
    "C_79_err": 131.6065711248506,
    "C_81": 328537.5212673377,
    "C_81_err": 1633.9079962292774,
    "C_356": 467690.5280890045,
    "C_356_err": 1224.675559076101,
    "C_161": 9055.39925330002,
    "C_161_err": 174.6816599391312,
    "C_223": 5307.565661140245,
    "C_223_err": 153.58978531148995,
    "C_276": 69557.29038501042,
    "C_276_err": 260.3961930836104,
    "C_303": 163369.92875922378,
    "C_303_err": 416.46528658478195,
    "C_383": 62380.7134201871,
    "C_383_err": 249.03329808926523,
    "O_Ba133": 0.7590495180464488,
    "O_Ba133_err": 0.004029244434819698
}