{
    "C_79": 39273.42407505753,
    "C_79_err": 68.46651882615825,
    "C_81": 487583.2649318622,
    "C_81_err": 850.0182903323043,
    "C_356": 622450.2537195714,
    "C_356_err": 1543.9635281649646,
    "C_161": 12957.02729006434,
    "C_161_err": 241.62386227993,
    "C_223": 7318.027153391879,
    "C_223_err": 202.4979910029305,
    "C_276": 92562.16742250042,
    "C_276_err": 266.9490630357875,
    "C_303": 221807.55465522045,
    "C_303_err": 481.87877947093256,
    "C_383": 85924.29702297234,
    "C_383_err": 305.601864935288,
    "O_Ba133": 0.8464237677767599,
    "O_Ba133_err": 0.0025069806600373857
}