{
    "C_79": 11408.615370433265,
    "C_79_err": 58.22713358562042,
    "C_81": 141639.03610840003,
    "C_81_err": 722.8953565912875,
    "C_356": 147444.6707788118,
    "C_356_err": 412.1972995496003,
    "C_161": 3134.2635048235857,
    "C_161_err": 105.290145356474,
    "C_223": 2017.692996897809,
    "C_223_err": 106.0757623119586,
    "C_276": 22017.413122007812,
    "C_276_err": 119.87079629764077,
    "C_303": 52342.39300889786,
    "C_303_err": 222.9387188762901,
    "C_383": 20001.7999203017,
    "C_383_err": 109.24894192270185,
    "O_Ba133": 1.038000564350181,
    "O_Ba133_err": 0.005710895220730916
}