{
    "C_79": 12035.082735322103,
    "C_79_err": 66.58977602617777,
    "C_81": 149416.68754418538,
    "C_81_err": 826.7183514193392,
    "C_356": 149847.33640930176,
    "C_356_err": 459.3970648083048,
    "C_161": 3157.094214678908,
    "C_161_err": 160.71313000129905,
    "C_223": 1820.1078696107006,
    "C_223_err": 68.52156280777291,
    "C_276": 22293.613328897583,
    "C_276_err": 167.5594593441465,
    "C_303": 53144.36772307872,
    "C_303_err": 202.47276900448895,
    "C_383": 20380.771186461552,
    "C_383_err": 125.76406890485445,
    "O_Ba133": 1.077441709330813,
    "O_Ba133_err": 0.006445663767293144
}