{
    "C_79": 7522.201118329968,
    "C_79_err": 33.50940143718079,
    "C_81": 93388.8365256826,
    "C_81_err": 416.02238010688615,
    "C_356": 129045.36377971039,
    "C_356_err": 345.7970649479732,
    "C_161": 2646.6705130223886,
    "C_161_err": 102.82276949911633,
    "C_223": 89.72216924484593,
    "C_223_err": 12545065.596994482,
    "C_276": 19345.373545391787,
    "C_276_err": 147.56316805126986,
    "C_303": 45838.00759686732,
    "C_303_err": 215.00661995867705,
    "C_383": 17486.913169706015,
    "C_383_err": 105.00919512750743,
    "O_Ba133": 0.7819811164721491,
    "O_Ba133_err": 0.0038537617661762863
}