{
    "C_79": 17159.184762816658,
    "C_79_err": 95.24712611184964,
    "C_81": 213032.89762138523,
    "C_81_err": 1182.5020562565485,
    "C_356": 166600.25442472473,
    "C_356_err": 503.226826998728,
    "C_161": 3515.9058770303204,
    "C_161_err": 128.70194947091528,
    "C_223": 2089.8151774468247,
    "C_223_err": 79.3524523696752,
    "C_276": 24876.2327000752,
    "C_276_err": 149.49151458557202,
    "C_303": 59021.76710590124,
    "C_303_err": 250.26323215399984,
    "C_383": 22695.891476236622,
    "C_383_err": 187.7508725835714,
    "O_Ba133": 1.3817030662951955,
    "O_Ba133_err": 0.008253756220950955
}