{
    "C_79": 10264.835602119596,
    "C_79_err": 56.65315653896491,
    "C_81": 127438.90238103607,
    "C_81_err": 703.3542830686588,
    "C_356": 142730.3227914832,
    "C_356_err": 394.2259784234186,
    "C_161": 2846.1234985654073,
    "C_161_err": 134.8200763278514,
    "C_223": 1738.4735431763695,
    "C_223_err": 86.05932562574996,
    "C_276": 21338.49991711274,
    "C_276_err": 152.22867777406412,
    "C_303": 50621.855660622896,
    "C_303_err": 219.89740267154636,
    "C_383": 19333.70997214621,
    "C_383_err": 139.90884355165284,
    "O_Ba133": 0.9647826424685458,
    "O_Ba133_err": 0.005616249495423438
}