{
    "C_79": 51342.42868032154,
    "C_79_err": 73.73133926161744,
    "C_81": 637421.0956915268,
    "C_81_err": 915.3815327197033,
    "C_356": 676711.6595580034,
    "C_356_err": 1839.0759956842899,
    "C_161": 14392.908083919949,
    "C_161_err": 304.6137971863584,
    "C_223": 8261.130115925025,
    "C_223_err": 179.79154815767905,
    "C_276": 100202.50661214661,
    "C_276_err": 344.80637291514415,
    "C_303": 240660.9612376156,
    "C_303_err": 426.33285739749783,
    "C_383": 94088.57606548621,
    "C_383_err": 283.28943780526913,
    "O_Ba133": 1.0178094534705027,
    "O_Ba133_err": 0.003081032765315586
}