{
    "C_79": 5699.543956319972,
    "C_79_err": 53.88561086079921,
    "C_81": 70760.37591053745,
    "C_81_err": 668.9949423850165,
    "C_356": 66317.15424133257,
    "C_356_err": 390.20075584179654,
    "C_161": 1865.057852143272,
    "C_161_err": 111.59721872043637,
    "C_223": 840.4304269120299,
    "C_223_err": 65.54668227884025,
    "C_276": 10245.945995264497,
    "C_276_err": 92.37050274248728,
    "C_303": 23532.973979904848,
    "C_303_err": 214.05761120208797,
    "C_383": 9249.776897124815,
    "C_383_err": 85.07468541455107,
    "O_Ba133": 1.1529433182342936,
    "O_Ba133_err": 0.012183739310621994
}