{
    "C_79": 6788.056667809604,
    "C_79_err": 30.710678096324823,
    "C_81": 84274.36391356064,
    "C_81_err": 381.2759657996554,
    "C_356": 124802.08566511933,
    "C_356_err": 337.5932679006027,
    "C_161": 2718.1294244854676,
    "C_161_err": 101.84279426987924,
    "C_223": 1573.8912634408753,
    "C_223_err": 102.99585344899018,
    "C_276": 18730.47432039878,
    "C_276_err": 173.10868406236057,
    "C_303": 44337.39754820634,
    "C_303_err": 261.73962887673065,
    "C_383": 16868.498143321383,
    "C_383_err": 120.20236482633786,
    "O_Ba133": 0.7296546375492271,
    "O_Ba133_err": 0.0036454752125192782
}