{
    "C_79": 17595.647285667124,
    "C_79_err": 47.546895163834336,
    "C_81": 218451.6210182856,
    "C_81_err": 590.2991890151508,
    "C_356": 478262.24210909253,
    "C_356_err": 852.3129485921936,
    "C_161": 9888.329739569386,
    "C_161_err": 234.02470323870995,
    "C_223": 25.865755299828468,
    "C_223_err": 294582992.1277462,
    "C_276": 71653.92801271993,
    "C_276_err": 306.68363590997694,
    "C_303": 170863.95935616823,
    "C_303_err": 442.7441589449643,
    "C_383": 64684.18849866093,
    "C_383_err": 293.5115017377233,
    "O_Ba133": 0.49355196275375196,
    "O_Ba133_err": 0.0015188497480454737
}