{
    "C_79": 1345.383587643533,
    "C_79_err": 19.925219138990055,
    "C_81": 16703.064163574163,
    "C_81_err": 247.37347534821618,
    "C_356": 16747.57625191103,
    "C_356_err": 140.60826322346446,
    "C_161": 580.0484633225986,
    "C_161_err": 92.36379546348604,
    "C_223": 221.35016591501773,
    "C_223_err": 44.99250783219726,
    "C_276": 2542.488152530469,
    "C_276_err": 57.35764708753864,
    "C_303": 6006.350295459292,
    "C_303_err": 76.62393635253886,
    "C_383": 2170.611660282231,
    "C_383_err": 40.99366390522364,
    "O_Ba133": 1.0776752098177924,
    "O_Ba133_err": 0.017362409209484158
}