{
    "C_79": 45623.96311378179,
    "C_79_err": 173.10314595658602,
    "C_81": 566425.8062050754,
    "C_81_err": 2149.0918875364832,
    "C_356": 655527.4541745727,
    "C_356_err": 1554.9383048174266,
    "C_161": 13472.201201999005,
    "C_161_err": 314.04658571747734,
    "C_223": 7727.224159038853,
    "C_223_err": 177.00746713891917,
    "C_276": 97483.48771586282,
    "C_276_err": 413.55595305694527,
    "C_303": 228940.77774178848,
    "C_303_err": 528.596789625387,
    "C_383": 87886.80299726217,
    "C_383_err": 276.76070224317965,
    "O_Ba133": 0.933675264737063,
    "O_Ba133_err": 0.003965187725749319
}