{
    "C_79": 8355.683051703252,
    "C_79_err": 40.836178054168094,
    "C_81": 103736.59335888195,
    "C_81_err": 506.98500301212465,
    "C_356": 133444.53202560663,
    "C_356_err": 356.45451639874784,
    "C_161": 2833.1390515014627,
    "C_161_err": 114.93687078568627,
    "C_223": 1617.1325333480959,
    "C_223_err": 86.1692927378324,
    "C_276": 20072.97862699723,
    "C_276_err": 140.20789137396469,
    "C_303": 47468.45197757061,
    "C_303_err": 215.49659370476783,
    "C_383": 18062.809723190843,
    "C_383_err": 133.9628115632334,
    "O_Ba133": 0.8399915283833124,
    "O_Ba133_err": 0.0044229190175337505
}