{
    "C_79": 58692.27675809326,
    "C_79_err": 69.52442578995543,
    "C_81": 728670.1529589704,
    "C_81_err": 863.1523050903901,
    "C_356": 704719.496982132,
    "C_356_err": 2120.944398040897,
    "C_161": 15126.894200507062,
    "C_161_err": 218.13495355662062,
    "C_223": 8426.583418645878,
    "C_223_err": 173.33468733174976,
    "C_276": 104217.15734879,
    "C_276_err": 317.6124278914208,
    "C_303": 250612.1631253779,
    "C_303_err": 564.3622398247454,
    "C_383": 98306.44539595263,
    "C_383_err": 350.014170973947,
    "O_Ba133": 1.1172706773245797,
    "O_Ba133_err": 0.0035800543965726146
}