{
    "C_79": 15572.59840994856,
    "C_79_err": 86.12137617353407,
    "C_81": 193335.278372572,
    "C_81_err": 1069.2050098525551,
    "C_356": 162344.54305038933,
    "C_356_err": 404.38993135369304,
    "C_161": 3385.1738524520715,
    "C_161_err": 161.33240951342037,
    "C_223": 1970.8731474395877,
    "C_223_err": 91.57523964088719,
    "C_276": 24188.575404968196,
    "C_276_err": 183.72155048659042,
    "C_303": 57500.601652819976,
    "C_303_err": 275.05182772589245,
    "C_383": 22082.274998519813,
    "C_383_err": 150.88948898520962,
    "O_Ba133": 1.2868179789552807,
    "O_Ba133_err": 0.00734381338063912
}