{
    "C_79": 3504.1430186120815,
    "C_79_err": 25.96137989098809,
    "C_81": 43504.266155599085,
    "C_81_err": 322.3129805333993,
    "C_356": 51015.86691257569,
    "C_356_err": 202.95877583389426,
    "C_161": 1036.4409085147056,
    "C_161_err": 72.50914087994843,
    "C_223": 717.4834144244426,
    "C_223_err": 53.372547515930016,
    "C_276": 7656.4424224563845,
    "C_276_err": 101.19692714487914,
    "C_303": 17819.563299567053,
    "C_303_err": 148.5849197394836,
    "C_383": 6665.893118684428,
    "C_383_err": 100.86162818929036,
    "O_Ba133": 0.9214468364277336,
    "O_Ba133_err": 0.007322098675901967
}