{
    "C_79": 3779.887420655459,
    "C_79_err": 32.69327838610432,
    "C_81": 46927.65892059062,
    "C_81_err": 405.89013543503097,
    "C_356": 54983.507902709665,
    "C_356_err": 392.1076461159514,
    "C_161": 1080.3923438802717,
    "C_161_err": 74.27674639834395,
    "C_223": 780.1781877432128,
    "C_223_err": 52.73910244758536,
    "C_276": 8187.9646379945125,
    "C_276_err": 104.3643534544208,
    "C_303": 19110.461441609143,
    "C_303_err": 164.86423988752722,
    "C_383": 7223.264277163785,
    "C_383_err": 112.55858858746507,
    "O_Ba133": 0.9222319250887072,
    "O_Ba133_err": 0.009904643163609821
}