{
    "C_79": 7136.138853545228,
    "C_79_err": 38.388788290109076,
    "C_81": 88595.83708740927,
    "C_81_err": 476.6004282055052,
    "C_356": 126856.45169672626,
    "C_356_err": 377.62134002191686,
    "C_161": 2599.0797326836596,
    "C_161_err": 119.51178739673023,
    "C_223": 1580.4395033758112,
    "C_223_err": 87.12443133440824,
    "C_276": 18999.858741432377,
    "C_276_err": 145.67309737675643,
    "C_303": 45122.378076872235,
    "C_303_err": 177.97098824710392,
    "C_383": 17183.479244398284,
    "C_383_err": 151.53353196789627,
    "O_Ba133": 0.7546480660661977,
    "O_Ba133_err": 0.004387825585211444
}