{
    "C_79": 66983.30898269248,
    "C_79_err": 81.42249584005337,
    "C_81": 831604.100200233,
    "C_81_err": 1010.8679672217949,
    "C_356": 733357.0069774311,
    "C_356_err": 2311.160742461779,
    "C_161": 15979.573614619134,
    "C_161_err": 240.34103054970814,
    "C_223": 8758.10378052102,
    "C_223_err": 176.07521113579529,
    "C_276": 108359.92224387101,
    "C_276_err": 336.1114358825418,
    "C_303": 260567.2832829706,
    "C_303_err": 547.3483304026278,
    "C_383": 102708.45502411663,
    "C_383_err": 340.5998720693721,
    "O_Ba133": 1.2253069114134465,
    "O_Ba133_err": 0.004101679191861723
}