{
    "C_79": 14789.608237713124,
    "C_79_err": 79.51413557961402,
    "C_81": 183614.3815172687,
    "C_81_err": 987.1754945544533,
    "C_356": 159825.67760142047,
    "C_356_err": 456.9689127958086,
    "C_161": 3364.0163817616353,
    "C_161_err": 117.93434589504962,
    "C_223": 1930.5087730243147,
    "C_223_err": 87.46221521100182,
    "C_276": 23864.73914641246,
    "C_276_err": 152.33069816193907,
    "C_303": 56691.25293767955,
    "C_303_err": 242.16313103315892,
    "C_383": 21735.603694432943,
    "C_383_err": 130.7865849074242,
    "O_Ba133": 1.2413774352940299,
    "O_Ba133_err": 0.0071410929824502105
}