{
    "C_79": 7241.001751760623,
    "C_79_err": 65.79006216137013,
    "C_81": 89897.71986147731,
    "C_81_err": 816.7898283430482,
    "C_356": 105048.21322859541,
    "C_356_err": 1019.1098242684209,
    "C_161": 2130.250516009415,
    "C_161_err": 71.48856645148896,
    "C_223": 1216.9083339607191,
    "C_223_err": 83.85172548887947,
    "C_276": 15783.048717553907,
    "C_276_err": 151.10725707025566,
    "C_303": 36035.402772179805,
    "C_303_err": 377.8178546896176,
    "C_383": 14485.60009470426,
    "C_383_err": 166.18024222817846,
    "O_Ba133": 0.924706081405253,
    "O_Ba133_err": 0.011888053963815138
}