{
    "C_79": 14056.244426198911,
    "C_79_err": 76.59130236625944,
    "C_81": 174509.60061205996,
    "C_81_err": 950.8882444716738,
    "C_356": 157353.1228150171,
    "C_356_err": 414.3777485864965,
    "C_161": 3263.0415453981173,
    "C_161_err": 114.94154644650027,
    "C_223": 1994.616470134173,
    "C_223_err": 80.10694570768437,
    "C_276": 23485.490708249054,
    "C_276_err": 127.6759787409225,
    "C_303": 55835.9022026244,
    "C_303_err": 221.4941542070098,
    "C_383": 21404.258605069474,
    "C_383_err": 135.8279274082395,
    "O_Ba133": 1.198360996368246,
    "O_Ba133_err": 0.006834768993146127
}