{
    "C_79": 8795.734568516127,
    "C_79_err": 42.925458514084355,
    "C_81": 109199.8744544097,
    "C_81_err": 532.9236170239152,
    "C_356": 135739.54444543982,
    "C_356_err": 449.1800585806039,
    "C_161": 2801.7358325508358,
    "C_161_err": 91.55857056468001,
    "C_223": 1740.2879838773665,
    "C_223_err": 72.91557749725696,
    "C_276": 20394.487349430812,
    "C_276_err": 140.73128810848632,
    "C_303": 48179.63882426868,
    "C_303_err": 206.66804639173245,
    "C_383": 18361.109521373455,
    "C_383_err": 134.55740518878164,
    "O_Ba133": 0.8692795419713072,
    "O_Ba133_err": 0.004877362945108907
}