{
    "C_79": 6112.237858391433,
    "C_79_err": 31.449543087491378,
    "C_81": 75884.00963814148,
    "C_81_err": 390.4490443692326,
    "C_356": 120565.03928056256,
    "C_356_err": 418.4741304101733,
    "C_161": 2481.2118987102585,
    "C_161_err": 103.54680648175339,
    "C_223": 1420.8865822689168,
    "C_223_err": 90.32299793534288,
    "C_276": 18097.471010734225,
    "C_276_err": 129.53719922157555,
    "C_303": 42879.30740345099,
    "C_303_err": 192.06576507701885,
    "C_383": 16276.095981215089,
    "C_383_err": 121.32910425017856,
    "O_Ba133": 0.6800997037434907,
    "O_Ba133_err": 0.004015998824937239
}