{
    "C_79": 2065.258538142067,
    "C_79_err": 43.6780227506273,
    "C_81": 25640.379586745246,
    "C_81_err": 542.2667730172219,
    "C_356": 28781.158347448072,
    "C_356_err": 297.5203486497341,
    "C_161": 548.40949720731,
    "C_161_err": 154.79362552436234,
    "C_223": 370.83922896657685,
    "C_223_err": 175.69649636563076,
    "C_276": 4375.328229374107,
    "C_276_err": 113.34144184089398,
    "C_303": 10035.549354377123,
    "C_303_err": 146.94982094950183,
    "C_383": 3706.879096525571,
    "C_383_err": 81.6528786692873,
    "O_Ba133": 0.9626311001948912,
    "O_Ba133_err": 0.021361431296638672
}