{
    "C_79": 10833.624352132683,
    "C_79_err": 59.34663975111478,
    "C_81": 134500.46837176022,
    "C_81_err": 736.7941312496891,
    "C_356": 145062.9420873062,
    "C_356_err": 332.30142449554194,
    "C_161": 3024.385564952218,
    "C_161_err": 94.42893384810604,
    "C_223": 1844.8559349592974,
    "C_223_err": 82.64376732785846,
    "C_276": 21667.97769656523,
    "C_276_err": 152.30324890970746,
    "C_303": 51476.5116195172,
    "C_303_err": 254.4637308636951,
    "C_383": 19660.87613894735,
    "C_383_err": 160.7186866342469,
    "O_Ba133": 1.0018691930046717,
    "O_Ba133_err": 0.005588568410328307
}