{
    "cuspEmax_ctc": {
        "resolution": [
            0.3828746547672952,
            0.0018401617350873095,
            4.342134180356162e-23
        ],
        "calibration": [
            0.15898399941860938,
            -0.14471996958044545
        ]
    }
}