{
    "FCCD": 1.5425256665792468,
    "FCCD_err_up": 0.07052275501783667,
    "FCCD_err_low": 0.07061342160997719,
    "FCCD_uncorr_err_up": 0.01402227010198942,
    "FCCD_uncorr_err_low": 0.013897626883321967,
    "FCCD_corr_err_up": 0.06911465051993435,
    "FCCD_corr_err_low": 0.06923229938749947,
    "O_Ba133_data": 0.6167850217863491,
    "O_Ba133_data_err": 0.0034393371026333764,
    "a": 1.0331627016215592,
    "a_err": 0.02272915567041872,
    "b": 0.6395975535626646,
    "b_err": 0.008146753570335188
}