{
    "FCCD": 1.3493842803177927,
    "FCCD_err_up": 0.07896708321804335,
    "FCCD_err_low": 0.08152872102657915
}