{
    "FCCD": 1.1564338058245143,
    "FCCD_err_up": 0.046800782442940614,
    "FCCD_err_low": 0.05960407505915488
}