{
    "FCCD": 0.8978819173016921,
    "FCCD_err_up": 0.05011128083125338,
    "FCCD_err_low": 0.05512546146893749
}