{
    "FCCD": 0.890844436248328,
    "FCCD_err_up": 0.04829933003788267,
    "FCCD_err_low": 0.05620113508158697
}