{
    "FCCD": 1.1348071284470282,
    "FCCD_err_up": 0.08447868694036842,
    "FCCD_err_low": 0.08471697401479372,
    "FCCD_uncorr_err_up": 0.022504062001814207,
    "FCCD_uncorr_err_low": 0.02231649279268666,
    "FCCD_corr_err_up": 0.0814261367165806,
    "FCCD_corr_err_low": 0.08172478103768281,
    "O_Ba133_data": 0.9214468364277336,
    "O_Ba133_data_err": 0.007322098675901967,
    "a": 1.3365783711130366,
    "a_err": 0.02961178132571196,
    "b": 0.3734841305845971,
    "b_err": 0.003454263596058474
}