{
    "FCCD": 0.9077632121477016,
    "FCCD_err_up": 0.053293978049045454,
    "FCCD_err_low": 0.05413680571293189
}