{
    "FCCD": 0.8125035292511331,
    "FCCD_err_up": 0.0498571604271667,
    "FCCD_err_low": 0.05448663317734892
}