{
    "FCCD": 0.6814413336881966,
    "FCCD_err_up": 0.05357322446438928,
    "FCCD_err_low": 0.053868217754815984
}