{
    "FCCD": 0.9379084987000081,
    "FCCD_err_up": 0.04624272126307816,
    "FCCD_err_low": 0.05476597748235801
}