{
    "FCCD": 0.8111176087598431,
    "FCCD_err_up": 0.07250997157968098,
    "FCCD_err_low": 0.0734512175088533
}