{
    "FCCD": 1.7130379120296158,
    "FCCD_err_up": 0.07953092736867062,
    "FCCD_err_low": 0.08116313365688144,
    "FCCD_uncorr_err_up": 0.017672114904622616,
    "FCCD_uncorr_err_low": 0.017556238842807437,
    "FCCD_corr_err_up": 0.07754266414638188,
    "FCCD_corr_err_low": 0.0792416099199095,
    "O_Ba133_data": 0.7515253883677843,
    "O_Ba133_data_err": 0.004637290775302981,
    "a": 1.3365783711130366,
    "a_err": 0.02961178132571196,
    "b": 0.3734841305845971,
    "b_err": 0.003454263596058474
}