{
    "FCCD": 0.6971771994355411,
    "FCCD_err_up": 0.09087444429032676,
    "FCCD_err_low": 0.09120239225493498
}