{
    "FCCD": 2.992344458645516,
    "FCCD_err_up": 0.13067942904887797,
    "FCCD_err_low": 0.07484557542978676
}