{
    "FCCD": 0.9129890575624773,
    "FCCD_err_up": 0.05345605595402858,
    "FCCD_err_low": 0.054145645449597546
}