{
    "FCCD": 1.3725437227548924,
    "FCCD_err_up": 0.0815665483891237,
    "FCCD_err_low": 0.08204402180243808,
    "FCCD_err_datastat_up": 0.021651998240315384,
    "FCCD_err_datastat_low": 0.021833404479811414,
    "FCCD_err_MCstatsyst_up": 0.05970348482571319,
    "FCCD_err_MCstatsyst_low": 0.06041724760318701,
    "O_Ba133_data": 0.9337811267774977,
    "O_Ba133_data_err": 0.007305048284651475,
    "a": 1.4826160369877455,
    "a_err": 0.031568453752732206,
    "b": 0.3837339796621348,
    "b_err": 0.0008643456265751
}