{
    "FCCD": 0.5052421862920445,
    "FCCD_err_up": 0.03188855199560692,
    "FCCD_err_low": 0.039295624223137315
}