{
    "FCCD": 1.5888544596726606,
    "FCCD_err_up": 0.03689196819758367,
    "FCCD_err_low": 0.07452835656056944
}