{
    "FCCD": 1.1390483994539484,
    "FCCD_err_up": 0.11059635121020683,
    "FCCD_err_low": 0.11027260861047017,
    "FCCD_uncorr_err_up": 0.05238839585054311,
    "FCCD_uncorr_err_low": 0.051354803392362314,
    "FCCD_corr_err_up": 0.09740127761594411,
    "FCCD_corr_err_low": 0.09758448841024762,
    "O_Ba133_data": 0.9671515783630823,
    "O_Ba133_data_err": 0.018476176564833226,
    "a": 1.4363532643278254,
    "a_err": 0.030575274378246253,
    "b": 0.3841658803979006,
    "b_err": 0.0012539742540899237
}