{
    "FCCD": 0.9822365264789085,
    "FCCD_err_up": 0.048598513304496715,
    "FCCD_err_low": 0.054696333981891554
}