{
    "FCCD": 1.3354314137240537,
    "FCCD_err_up": 0.07614839040066346,
    "FCCD_err_low": 0.07730860838855391,
    "FCCD_err_datastat_up": 0.01660519727256049,
    "FCCD_err_datastat_low": 0.01671141264236531,
    "FCCD_err_MCstatsyst_up": 0.05941578180425999,
    "FCCD_err_MCstatsyst_low": 0.06072410825913854,
    "O_Ba133_data": 0.9466174468770576,
    "O_Ba133_data_err": 0.005675658399890842,
    "a": 1.4840660744821137,
    "a_err": 0.031571040556260255,
    "b": 0.38276189111972164,
    "b_err": 0.0009357202817314963
}