{
    "FCCD": 0.8567851069052383,
    "FCCD_err_up": 0.0683473954376177,
    "FCCD_err_low": 0.0694748462540431,
    "FCCD_err_datastat_up": 0.014070928334822375,
    "FCCD_err_datastat_low": 0.01415272178988125,
    "FCCD_err_MCstatsyst_up": 0.054186095349159746,
    "FCCD_err_MCstatsyst_low": 0.05541356071257497,
    "O_Ba133_data": 0.8078307440591654,
    "O_Ba133_data_err": 0.004486920555700598,
    "a": 1.1006423637836704,
    "a_err": 0.023407883139414554,
    "b": 0.4107282901723159,
    "b_err": 0.0005675746676515218
}