{
    "FCCD": 0.6637926875270971,
    "FCCD_err_up": 0.08641611062992871,
    "FCCD_err_low": 0.08727419242024304,
    "FCCD_err_datastat_up": 0.028349205329638694,
    "FCCD_err_datastat_low": 0.02866103253587593,
    "FCCD_err_MCstatsyst_up": 0.05773835559801965,
    "FCCD_err_MCstatsyst_low": 0.058928808437708535,
    "O_Ba133_data": 1.1529433182342936,
    "O_Ba133_data_err": 0.012183739310621994,
    "a": 1.4369227335440384,
    "a_err": 0.03056996404336254,
    "b": 0.38377523925507645,
    "b_err": 0.0009673510558002224
}