{
    "FCCD": 1.1603131302959688,
    "FCCD_err_up": 0.04851731953056637,
    "FCCD_err_low": 0.05909488837433563
}