{
    "FCCD": 1.1222848106914602,
    "FCCD_err_up": 0.05324648014202893,
    "FCCD_err_low": 0.0538505287446327
}