{
    "FCCD": 0.962006754171184,
    "FCC_err_total_up": 0.06453765013302248,
    "FCCD_err_total_low": 0.07032873143394403,
    "FCCD_err_corr_up": 0.049423546751200864,
    "FCCD_err_corr_low": 0.05532477591957463,
    "FCCD_err_uncorr_up": 0.018162606592517005,
    "FCCD_err_uncorr_low": 0.023043145468191084,
    "FCCD_err_corr_uncorr_quadrature_up": 0.22305476240025768,
    "FCCD_err_corr_uncorr_quadrature_low": 0.2363382374323775,
    "O_Ba133_data": 0.717845055321914,
    "O_Ba133_data_err": 0.004312640786147928,
    "a": 1.013241114116742,
    "a_err": 0.021456832466245357,
    "b": 0.43926925894041585,
    "b_err": 0.007578741845466212
}