{
    "FCCD": 1.3221428660504855,
    "FCCD_err_up": 0.07691008376186481,
    "FCCD_err_low": 0.07805875412922303,
    "FCCD_err_datastat_up": 0.017372703739374273,
    "FCCD_err_datastat_low": 0.017488999175986786,
    "FCCD_err_MCstatsyst_up": 0.0593991154855078,
    "FCCD_err_MCstatsyst_low": 0.06070752876684926,
    "O_Ba133_data": 0.9511565891952547,
    "O_Ba133_data_err": 0.005969149517926108,
    "a": 1.4840660744821137,
    "a_err": 0.031571040556260255,
    "b": 0.38276189111972164,
    "b_err": 0.0009357202817314963
}