{
    "FCCD": 0.7921773858043314,
    "FCCD_err_up": 0.07304909852607067,
    "FCCD_err_low": 0.07388786346893517
}