{
    "FCCD": 1.3429809281797305,
    "FCCD_err_up": 0.08673947709438012,
    "FCCD_err_low": 0.08752941655089397,
    "FCCD_uncorr_err_up": 0.02319710167788802,
    "FCCD_uncorr_err_low": 0.02300288547694307,
    "FCCD_corr_err_up": 0.08358008949715369,
    "FCCD_corr_err_low": 0.08445274430990714,
    "O_Ba133_data": 0.9140054952267436,
    "O_Ba133_data_err": 0.00731579537717433,
    "a": 1.4186618907501496,
    "a_err": 0.03130311295224353,
    "b": 0.36397105960372794,
    "b_err": 0.0025824541694355408
}