{
    "FCCD": 1.134689278140139,
    "FCCD_err_up": 0.07889705505577038,
    "FCCD_err_low": 0.08086428836372428
}