{
    "FCCD": 1.3301219295130302,
    "FCCD_err_up": 0.050199561501106826,
    "FCCD_err_low": 0.05685402911632531
}