{
    "FCCD": 1.2510080317321217,
    "FCCD_err_up": 0.06764754001027251,
    "FCCD_err_low": 0.0702535159656068
}