{
    "FCCD": 1.6929190152198845,
    "FCCD_err_up": 0.04668031883673418,
    "FCCD_err_low": 0.04768806726289054,
    "FCCD_uncorr_err_up": 0.031885450828937234,
    "FCCD_uncorr_err_low": 0.031856446813465666,
    "FCCD_corr_err_up": 0.03409355059442454,
    "FCCD_corr_err_low": 0.03548687864113729,
    "O_Ba133_data": 323733.3521691925,
    "O_Ba133_data_err": 1339.9214638545766,
    "a": 1545289.8593815437,
    "a_err": -49177318.0963718,
    "b": 0.028554081996728358,
    "b_err": 0.021694627240170416
}