{
    "FCCD": 0.7553930649717557,
    "FCCD_err_up": 0.05318737007559504,
    "FCCD_err_low": 0.053996627834344335
}