{
    "FCCD": 0.6433023626153962,
    "FCCD_err_up": 0.05380868316876142,
    "FCCD_err_low": 0.05481736382541136
}