{
    "FCCD": 0.6534449989877413,
    "FCCD_err_up": 0.054003361473217826,
    "FCCD_err_low": 0.05465818148848145
}