{
    "FCCD": 1.1288648432320938,
    "FCCD_err_up": 0.09083386439383156,
    "FCCD_err_low": 0.0909531462294706,
    "FCCD_uncorr_err_up": 0.027150746560944183,
    "FCCD_uncorr_err_low": 0.026882226741349102,
    "FCCD_corr_err_up": 0.08668118528204583,
    "FCCD_corr_err_low": 0.08688970419138367,
    "O_Ba133_data": 0.9730790508707123,
    "O_Ba133_data_err": 0.009193784863988802,
    "a": 1.4012605874868802,
    "a_err": 0.03315171690062735,
    "b": 0.3678965844056159,
    "b_err": 0.0029211817625571547
}