{
    "FCCD": 1.0976403937576635,
    "FCCD_err_up": 0.07394450207192316,
    "FCCD_err_low": 0.07431301873672491,
    "FCCD_uncorr_err_up": 0.011995247366958672,
    "FCCD_uncorr_err_low": 0.01194174783517954,
    "FCCD_corr_err_up": 0.07296508361723517,
    "FCCD_corr_err_low": 0.07334725224850494,
    "O_Ba133_data": 0.933675264737063,
    "O_Ba133_data_err": 0.003965187725749319,
    "a": 1.3365783711130366,
    "a_err": 0.02961178132571196,
    "b": 0.3734841305845971,
    "b_err": 0.003454263596058474
}