{
    "FCCD": 0.829885964843492,
    "FCCD_err_up": 0.06807280253112302,
    "FCCD_err_low": 0.06917355554710569
}