{
    "FCCD": 0.8758764678252026,
    "FCCD_err_up": 0.04648133464026971,
    "FCCD_err_low": 0.05422525506259279
}