{
    "FCCD": 1.1304616082875505,
    "FCCD_err_up": 0.08823559281295035,
    "FCCD_err_low": 0.08839767164522461,
    "FCCD_uncorr_err_up": 0.026261250478583298,
    "FCCD_uncorr_err_low": 0.026006175713339408,
    "FCCD_corr_err_up": 0.08423696672099419,
    "FCCD_corr_err_low": 0.08448566255326322,
    "O_Ba133_data": 0.9228678320149425,
    "O_Ba133_data_err": 0.008552452418268387,
    "a": 1.3365783711130366,
    "a_err": 0.02961178132571196,
    "b": 0.3734841305845971,
    "b_err": 0.003454263596058474
}