{
    "FCCD": 1.013100567286033,
    "FCCD_err_up": 0.04908841769316452,
    "FCCD_err_low": 0.05639686109881503
}