{
    "FCCD": 1.3273089516759409,
    "FCCD_err_up": 0.07944674612929381,
    "FCCD_err_low": 0.08193761978494529
}