{
    "FCCD": 0.976547974660028,
    "FCCD_err_up": 0.06789416403733306,
    "FCCD_err_low": 0.06943727737369121
}