{
    "FCCD": 1.3492555374798634,
    "FCCD_err_up": 0.055460760419820954,
    "FCCD_err_low": 0.05637575670501316
}