{
    "FCCD": 1.0149574464764184,
    "FCCD_err_up": 0.08387703667709134,
    "FCCD_err_low": 0.08539811695869692
}