{
    "FCCD": 0.9062094298138345,
    "FCCD_err_up": 0.048745036681358656,
    "FCCD_err_low": 0.05427671377810861
}