{
    "FCCD": 0.9129884525987435,
    "FCCD_err_up": 0.053400605476687124,
    "FCCD_err_low": 0.0540951918155822
}