{
    "FCCD": 0.7553926955924435,
    "FCCD_err_up": 0.05314151639547027,
    "FCCD_err_low": 0.05395620873772944
}