{
    "FCCD": 1.8005853484663228,
    "FCCD_err_up": 0.07338608196194585,
    "FCCD_err_low": 0.07399721569898388,
    "FCCD_err_datastat_up": 0.014542582062494924,
    "FCCD_err_datastat_low": 0.014624284701169499,
    "FCCD_err_MCstatsyst_up": 0.05874824306072224,
    "FCCD_err_MCstatsyst_low": 0.059472731513810384,
    "O_Ba133_data": 0.7590495180464488,
    "O_Ba133_data_err": 0.004029244434819698,
    "a": 1.4363532643278254,
    "a_err": 0.030575274378246253,
    "b": 0.3841658803979006,
    "b_err": 0.0012539742540899237
}