{
    "FCCD": 0.8567852329782288,
    "FCCD_err_up": 0.053830112627090254,
    "FCCD_err_low": 0.05500367822723906
}