{
    "FCCD": 0.8676014676677114,
    "FCCD_err_up": 0.0677563705390749,
    "FCCD_err_low": 0.0689804185630416
}