{
    "FCCD": 1.1094805499804348,
    "FCCD_err_total_up": 0.07684931488406832,
    "FCCD_err_total_low": 0.07752531862184964,
    "FCCD_err_corr_up": 0.05930225990757121,
    "FCCD_err_corr_low": 0.06016102113953847,
    "FCCD_err_uncorr_up": 0.025976057307004474,
    "FCCD_err_uncorr_low": 0.025707415975538606,
    "FCCD_err_corr_uncorr_quadrature_up": 0.2449020527900654,
    "FCCD_err_corr_uncorr_quadrature_low": 0.24662094877702068,
    "O_Ba133_data": 0.7048215705186018,
    "O_Ba133_data_err": 0.004227701647098641,
    "a": 0.9616863969083915,
    "a_err": 0.020310812909528575,
    "b": 0.41554200666042906,
    "b_err": 0.0010376222623997376
}