{
    "FCCD": 0.9619926917047277,
    "FCCD_err_up": 0.049576625366840155,
    "FCCD_err_low": 0.055449484619660705
}