{
    "FCCD": 1.1222856763349294,
    "FCCD_err_up": 0.05332358379148472,
    "FCCD_err_low": 0.05392209982012042
}