{
    "FCCD": 1.0515487122622422,
    "FCCD_err_up": 0.05559587224238327,
    "FCCD_err_low": 0.05593231199911508
}