{
    "FCCD": 0.9889267735847271,
    "FCCD_err_up": 0.06767210975608151,
    "FCCD_err_low": 0.06925390217957805
}