{
    "FCCD": 0.993307412368141,
    "FCCD_err_up": 0.04852174280181398,
    "FCCD_err_low": 0.05583930444664709
}