{
    "FCCD": 0.9129615665346329,
    "FCCD_err_up": 0.07914746545718077,
    "FCCD_err_low": 0.07954511358585592,
    "FCCD_uncorr_err_up": 0.025484844986597754,
    "FCCD_uncorr_err_low": 0.025217940447872955,
    "FCCD_corr_err_up": 0.07493226250624431,
    "FCCD_corr_err_low": 0.07544190198393896,
    "O_Ba133_data": 0.7507333532917048,
    "O_Ba133_data_err": 0.007574049709069461,
    "a": 1.0511034522873002,
    "a_err": 0.022133044924067535,
    "b": 0.4152984750056857,
    "b_err": 0.0013454888679593176
}