{
    "FCCD": 0.7459198534247455,
    "FCCD_err_up": 0.054619833224064385,
    "FCCD_err_low": 0.05565130545900743
}