{
    "FCCD": 1.3301316750618855,
    "FCCD_err_up": 0.05008465341977009,
    "FCCD_err_low": 0.056764963742172325
}