{
    "FCCD": 0.8499372230641211,
    "FCCD_err_up": 0.049289041170957226,
    "FCCD_err_low": 0.05607963409367145
}