{
    "FCCD": 0.8594641649852173,
    "FCCD_err_up": 0.052375320890285404,
    "FCCD_err_low": 0.05353799156502825
}