{
    "FCCD": 0.8499295696406748,
    "FCCD_err_up": 0.04934752500472395,
    "FCCD_err_low": 0.056115692198460465
}