{
    "FCCD": 0.9934580750124515,
    "FCCD_err_up": 0.04860340745216085,
    "FCCD_err_low": 0.05583994964479844
}