{
    "FCCD": 1.1564491948590785,
    "FCCD_err_up": 0.046704310866938714,
    "FCCD_err_low": 0.059543694421606785
}