{
    "FCCD": 0.9798122536236072,
    "FCCD_err_up": 0.05379449623610577,
    "FCCD_err_low": 0.05471615370026439
}