{
    "FCCD": 2.6219920403145625,
    "FCCD_err_up": 0.07913989668980248,
    "FCCD_err_low": 0.06504496804978688,
    "FCCD_err_datastat_up": 0.01502855927531721,
    "FCCD_err_datastat_low": 0.01502858094683912,
    "FCCD_err_MCstatsyst_up": 0.06434552538961213,
    "FCCD_err_MCstatsyst_low": 0.049594408580491134,
    "O_Ba133_data": 0.6272202382417452,
    "O_Ba133_data_err": 0.003601668716304781,
    "a": 2497.705143328305,
    "a_err": -426.68641764905783,
    "b": 9.597413820635627e-05,
    "b_err": 0.0116496219479971
}