{
    "FCCD": 0.9312863013779799,
    "FCCD_err_up": 0.06753401367442002,
    "FCCD_err_low": 0.06895023503154529
}