{
    "FCCD": 1.2216903679323268,
    "FCCD_err_up": 0.053747000780928644,
    "FCCD_err_low": 0.05483852031528502
}