{
    "FCCD": 2.0845684769575654,
    "FCCD_err_up": 0.238194537442042,
    "FCCD_err_low": -0.08442705200369272
}