{
    "FCCD": 1.0515501132386957,
    "FCCD_err_up": 0.05567000673819811,
    "FCCD_err_low": 0.05600086820977157
}