{
    "FCCD": 1.3477312911555845,
    "FCCD_err_up": 0.05546341263239962,
    "FCCD_err_low": 0.05639590072334033
}