{
    "FCCD": 0.962000066385766,
    "FCCD_err_up": 0.04949874591744452,
    "FCCD_err_low": 0.05539318847656871
}