{
    "FCCD": 1.2199424401414751,
    "FCCD_err_up": 0.09209403758592072,
    "FCCD_err_low": 0.09235593877556347,
    "FCCD_err_datastat_up": 0.033398715179533855,
    "FCCD_err_datastat_low": 0.03383281815294059,
    "FCCD_err_MCstatsyst_up": 0.05823225836474877,
    "FCCD_err_MCstatsyst_low": 0.05897307387739037,
    "O_Ba133_data": 0.9387772413942949,
    "O_Ba133_data_err": 0.011608132841901687,
    "a": 1.4363532643278254,
    "a_err": 0.030575274378246253,
    "b": 0.3841658803979006,
    "b_err": 0.0012539742540899237
}