{
    "FCCD": 0.9077636364304171,
    "FCCD_err_up": 0.05334850518868728,
    "FCCD_err_low": 0.05418587525085927
}