{
    "FCCD": 0.9474698660129496,
    "FCCD_err_up": 0.06729753693193097,
    "FCCD_err_low": 0.06876450565654635
}