{
    "FCCD": 1.261316744791559,
    "FCCD_err_up": 0.09338570418785075,
    "FCCD_err_low": 0.09388527075681008,
    "FCCD_err_datastat_up": 0.03474777223915648,
    "FCCD_err_datastat_low": 0.03521741530999334,
    "FCCD_err_MCstatsyst_up": 0.058140761834750476,
    "FCCD_err_MCstatsyst_low": 0.0591593617904147,
    "O_Ba133_data": 0.924706081405253,
    "O_Ba133_data_err": 0.011888053963815138,
    "a": 1.4369227335440384,
    "a_err": 0.03056996404336254,
    "b": 0.38377523925507645,
    "b_err": 0.0009673510558002224
}