{
    "FCCD": 1.174851909867177,
    "FCCD_err_up": 0.07878182206707085,
    "FCCD_err_low": 0.0794336907939781,
    "FCCD_err_datastat_up": 0.01941604746030179,
    "FCCD_err_datastat_low": 0.019559819807302592,
    "FCCD_err_MCstatsyst_up": 0.059203039221405795,
    "FCCD_err_MCstatsyst_low": 0.0600292652981691,
    "O_Ba133_data": 1.0016718283656076,
    "O_Ba133_data_err": 0.007080511924977674,
    "a": 1.497332049028708,
    "a_err": 0.03182993791559774,
    "b": 0.37857132761687773,
    "b_err": 0.0010087574860132007
}