{
    "FCCD": 1.1324053916020576,
    "FCCD_err_up": 0.09243647022006374,
    "FCCD_err_low": 0.09250571045245848,
    "FCCD_uncorr_err_up": 0.03045921547069308,
    "FCCD_uncorr_err_low": 0.030116604314531337,
    "FCCD_corr_err_up": 0.08727392061580952,
    "FCCD_corr_err_low": 0.08746597401776326,
    "O_Ba133_data": 0.9222319250887072,
    "O_Ba133_data_err": 0.009904643163609821,
    "a": 1.3365783711130366,
    "a_err": 0.02961178132571196,
    "b": 0.3734841305845971,
    "b_err": 0.003454263596058474
}