{
    "FCCD": 5.953896823095338,
    "FCCD_err_up": 0.04405197680971362,
    "FCCD_err_low": 0.0551423728329965,
    "FCCD_uncorr_err_up": 0.015857224949278326,
    "FCCD_uncorr_err_low": 0.015831850899890476,
    "FCCD_corr_err_up": 0.04109896686963715,
    "FCCD_corr_err_low": 0.05282077033456468,
    "O_Ba133_data": 50295.92888631775,
    "O_Ba133_data_err": 242.68598294467589,
    "a": 276618.3700980802,
    "a_err": -2772.0696102965157,
    "b": 0.10107198841046086,
    "b_err": 0.0045249977988846
}