{
    "FCCD": 0.6433022392391742,
    "FCCD_err_up": 0.05376685934765513,
    "FCCD_err_low": 0.05478239293989218
}