{
    "FCCD": 0.8461417202596357,
    "FCCD_err_up": 0.06841736566705514,
    "FCCD_err_low": 0.0693996037918505,
    "FCCD_err_datastat_up": 0.014072493896115534,
    "FCCD_err_datastat_low": 0.014154508854769876,
    "FCCD_err_MCstatsyst_up": 0.054251772381800234,
    "FCCD_err_MCstatsyst_low": 0.05533498255734037,
    "O_Ba133_data": 0.8078307440591654,
    "O_Ba133_data_err": 0.004486920555700598,
    "a": 1.0939502305510003,
    "a_err": 0.023286419635386135,
    "b": 0.41174276321529546,
    "b_err": 0.0004918883805086365
}