{
    "FCCD": 0.8682569484290249,
    "FCCD_err_up": 0.05338051849851155,
    "FCCD_err_low": 0.05428877445206681
}