{
    "FCCD": 1.5860604481907283,
    "FCCD_err_up": 0.05608967083013683,
    "FCCD_err_low": 0.0556354803621828
}