{
    "FCCD": 1.2378265100926666,
    "FCCD_err_up": 0.06788402546845274,
    "FCCD_err_low": 0.07044066264939697
}