{
    "FCCD": 1.0621619119759882,
    "FCCD_err_up": 0.07746319881198271,
    "FCCD_err_low": 0.07840448990806481,
    "FCCD_err_datastat_up": 0.018316225132116726,
    "FCCD_err_datastat_low": 0.018444011747237088,
    "FCCD_err_MCstatsyst_up": 0.05900380549009654,
    "FCCD_err_MCstatsyst_low": 0.0600997042960556,
    "O_Ba133_data": 1.0435789391158086,
    "O_Ba133_data_err": 0.006967790219665754,
    "a": 1.4977874853702435,
    "a_err": 0.031851095831166076,
    "b": 0.37826159890333305,
    "b_err": 0.0007898341435265438
}