{
    "FCCD": 0.8594642618677323,
    "FCCD_err_up": 0.05232406841077375,
    "FCCD_err_low": 0.053491844527944865
}