{
    "FCCD": 1.0038444455647144,
    "FCCD_err_up": 0.04860973974103344,
    "FCCD_err_low": 0.05474345463011154
}