{
    "FCCD": 1.1399183440670686,
    "FCCD_err_up": 0.07578035914767423,
    "FCCD_err_low": 0.07673151611081219,
    "FCCD_err_datastat_up": 0.016591599054837314,
    "FCCD_err_datastat_low": 0.016696385327332086,
    "FCCD_err_MCstatsyst_up": 0.05906954771290973,
    "FCCD_err_MCstatsyst_low": 0.06015136555958356,
    "O_Ba133_data": 1.0145307580230818,
    "O_Ba133_data_err": 0.006126775069136833,
    "a": 1.4977874853702435,
    "a_err": 0.031851095831166076,
    "b": 0.37826159890333305,
    "b_err": 0.0007898341435265438
}