{
    "FCCD": 1.0827300233806192,
    "FCCD_err_up": 0.09718248800559581,
    "FCCD_err_low": 0.09710468110380355,
    "FCCD_uncorr_err_up": 0.03522844580372131,
    "FCCD_uncorr_err_low": 0.0347709486876413,
    "FCCD_corr_err_up": 0.090572581840268,
    "FCCD_corr_err_low": 0.0906658713057609,
    "O_Ba133_data": 0.9386289139360815,
    "O_Ba133_data_err": 0.011659637658095199,
    "a": 1.3365783711130366,
    "a_err": 0.02961178132571196,
    "b": 0.3734841305845971,
    "b_err": 0.003454263596058474
}