{
    "FCCD": 1.0131105067476684,
    "FCCD_err_up": 0.0490026601516802,
    "FCCD_err_low": 0.05633780067817551
}