{
    "FCCD": 0.897876713396995,
    "FCCD_err_up": 0.05017094254389587,
    "FCCD_err_low": 0.0551680559414629
}