{
    "FCCD": 1.026010914395405,
    "FCCD_err_up": 0.09154799778075962,
    "FCCD_err_low": 0.09159810276301628,
    "FCCD_uncorr_err_up": 0.027899891154681056,
    "FCCD_uncorr_err_low": 0.027616426108530323,
    "FCCD_corr_err_up": 0.08719307295435182,
    "FCCD_corr_err_low": 0.08733581990670365,
    "O_Ba133_data": 1.008752354402704,
    "O_Ba133_data_err": 0.009810448382722868,
    "a": 1.4012605874868802,
    "a_err": 0.03315171690062735,
    "b": 0.3678965844056159,
    "b_err": 0.0029211817625571547
}