{
    "FCCD": 0.9287315551805061,
    "FCCD_err_up": 0.04873590983968146,
    "FCCD_err_low": 0.05434276497518131
}