{
    "FCCD": 1.590160236602235,
    "FCCD_err_up": 0.0562016709449602,
    "FCCD_err_low": 0.055650354438297134
}