{
    "FCCD": 1.1295598980882209,
    "FCCD_err_up": 0.05434158889617291,
    "FCCD_err_low": 0.05469566027477457
}