{
    "FCCD": -2.6178694507000184,
    "FCCD_err_up": 0.05579870639097306,
    "FCCD_err_low": 0.06392069919403864,
    "FCCD_uncorr_err_up": 0.035666268189330275,
    "FCCD_uncorr_err_low": 0.03553815791398529,
    "FCCD_corr_err_up": 0.042911687782616816,
    "FCCD_corr_err_low": 0.05313092430529905,
    "O_Ba133_data": 53126.620027496305,
    "O_Ba133_data_err": 265.85395176738314,
    "a": 56705.56252690965,
    "a_err": -568.2703778934119,
    "b": 0.1010720122733291,
    "b_err": 0.0045249927255278845
}