{
    "FCCD": 0.6814402709072063,
    "FCCD_err_up": 0.05353136712637552,
    "FCCD_err_low": 0.05383043185274716
}