{
    "FCCD": 1.3113773578736705,
    "FCCD_err_up": 0.08668105857185182,
    "FCCD_err_low": 0.08744252389535556,
    "FCCD_uncorr_err_up": 0.023151255761849843,
    "FCCD_uncorr_err_low": 0.022957803289488377,
    "FCCD_corr_err_up": 0.08353218105488579,
    "FCCD_corr_err_low": 0.08437496224183443,
    "O_Ba133_data": 0.9240724070476033,
    "O_Ba133_data_err": 0.007385868836617209,
    "a": 1.4186618907501496,
    "a_err": 0.03130311295224353,
    "b": 0.36397105960372794,
    "b_err": 0.0025824541694355408
}