{
    "FCCD": 1.1603327776866321,
    "FCCD_err_up": 0.04841594623025114,
    "FCCD_err_low": 0.05904210099614304
}