{
    "FCCD": 0.65344463467377,
    "FCCD_err_up": 0.05397333411485927,
    "FCCD_err_low": 0.05463458196333737
}