{
    "FCCD": 0.890832714890146,
    "FCCD_err_up": 0.04837946321165054,
    "FCCD_err_low": 0.05624940107792131
}