{
    "FCCD": 0.8124992232168737,
    "FCCD_err_up": 0.04991305797346968,
    "FCCD_err_low": 0.05452763517592829
}