{
    "FCCD": 1.118053940706656,
    "FCCD_err_up": 0.07977843605954549,
    "FCCD_err_low": 0.08168206961052582
}