{
    "FCCD": 1.1295611121720899,
    "FCCD_err_up": 0.054435093963911774,
    "FCCD_err_low": 0.05478623691216589
}