{
    "C_60": 7428287.415827463,
    "C_60_err": 6.41806400862241e-05,
    "C_99_103": 8332.389435005138,
    "C_99_103_err": 3.338166546809734e-05,
    "O_Am241": 891.4954676290743,
    "O_Am241_err": 3.5715652641921812e-06
}