{
    "C_60": 6660277.550315048,
    "C_60_err": 5.6367918623879965e-05,
    "C_99_103": 8026.724515297797,
    "C_99_103_err": 1.673995004423163e-05,
    "O_Am241": 829.7628176501516,
    "O_Am241_err": 1.7305069412439142e-06
}