{
    "C_60": 3111095.673382541,
    "C_60_err": 2.993553147978556e-05,
    "C_99_103": 6393.602014711451,
    "C_99_103_err": 1.0147758364717449e-05,
    "O_Am241": 486.5951409274491,
    "O_Am241_err": 7.72325309098822e-07
}