{
    "C_60": 876337.989987786,
    "C_60_err": 9.352029900627779e-06,
    "C_99_103": 4307.070710890996,
    "C_99_103_err": 1.4271608220252645e-07,
    "O_Am241": 203.46496466191044,
    "O_Am241_err": 7.082900517489983e-09
}