{
    "C_60": 5353996.844357836,
    "C_60_err": 4.668865186517254e-05,
    "C_99_103": 7567.063869293806,
    "C_99_103_err": 1.4701459451865097e-05,
    "O_Am241": 707.5395340699689,
    "O_Am241_err": 1.3746373402707963e-06
}