{
    "C_60": 5973706.881473023,
    "C_60_err": 5.2589577504667806e-05,
    "C_99_103": 7837.91055062393,
    "C_99_103_err": 6.350926490919945e-06,
    "O_Am241": 762.1555314888726,
    "O_Am241_err": 6.175981980468593e-07
}