{
    "C_60": 2024227.5027860284,
    "C_60_err": 2.0324675034594578e-05,
    "C_99_103": 5692.601276983921,
    "C_99_103_err": 1.2612990123029349e-05,
    "O_Am241": 355.5891945164502,
    "O_Am241_err": 7.878804139004196e-07
}