{
    "C_60": 2254248.3970145877,
    "C_60_err": 2.320970478990672e-05,
    "C_99_103": 5837.577365737225,
    "C_99_103_err": 1.4889959380810424e-05,
    "O_Am241": 386.1616310638651,
    "O_Am241_err": 9.849938568234736e-07
}