{
    "C_60": 1324560.5950208125,
    "C_60_err": 1.374677088889463e-05,
    "C_99_103": 4930.698536576994,
    "C_99_103_err": 1.3250657943335044e-05,
    "O_Am241": 268.6354854580814,
    "O_Am241_err": 7.219308678067709e-07
}