{
    "C_60": 4133691.8750831927,
    "C_60_err": 0.00023787496530397467,
    "C_99_103": 7790.513358835338,
    "C_99_103_err": 3.393898011152506e-05,
    "O_Am241": 530.6058387532461,
    "O_Am241_err": 2.3117593391520746e-06
}