{
    "C_60": 1181126.1174350965,
    "C_60_err": 6.812604117820142e-05,
    "C_99_103": 5628.057322492879,
    "C_99_103_err": 1.4364438894200172e-09,
    "O_Am241": 209.86391036115657,
    "O_Am241_err": 1.210483551364943e-08
}