{
    "C_60": 752510.5508719039,
    "C_60_err": 5.951057282523042e-05,
    "C_99_103": 39000.793291174574,
    "C_99_103_err": 0.00012967458834750427,
    "O_Am241": 19.294749859413457,
    "O_Am241_err": 6.417167853599984e-08
}