{
    "C_60": 1795446.4384258841,
    "C_60_err": 0.00010306443505959245,
    "C_99_103": 6308.694428939416,
    "C_99_103_err": 2.277431026998265e-08,
    "O_Am241": 284.59873253485904,
    "O_Am241_err": 1.6369161859489114e-08
}