{
    "C_60": 4581982.93154776,
    "C_60_err": 0.0002642976831959687,
    "C_99_103": 7952.619427897599,
    "C_99_103_err": 3.885771644765955e-08,
    "O_Am241": 576.1602165286915,
    "O_Am241_err": 3.3353064291437516e-08
}