{
    "C_60": 1311896.1982644962,
    "C_60_err": 7.58530034290078e-05,
    "C_99_103": 5793.984131212679,
    "C_99_103_err": 1.1907059280378207e-08,
    "O_Am241": 226.42385076569354,
    "O_Am241_err": 1.3099949755208369e-08
}