{
    "C_60": 958422.3782090555,
    "C_60_err": 5.5301820394947077e-05,
    "C_99_103": 5329.392816769807,
    "C_99_103_err": 1.713154496647167e-08,
    "O_Am241": 179.8370679663962,
    "O_Am241_err": 1.0392848592860699e-08
}