{
    "C_60": 2456990.600791423,
    "C_60_err": 0.00014149503285487697,
    "C_99_103": 6780.079547402371,
    "C_99_103_err": 4.0771377147899926e-08,
    "O_Am241": 362.38374249351716,
    "O_Am241_err": 2.0982694349130945e-08
}