{
    "C_60": 3726159.6270114137,
    "C_60_err": 0.00021445823934262975,
    "C_99_103": 7511.141168622659,
    "C_99_103_err": 3.1975423042711814e-08,
    "O_Am241": 496.08435567383845,
    "O_Am241_err": 2.8630014180159636e-08
}