{
    "C_60": 1064336.5309165774,
    "C_60_err": 6.110681826347261e-05,
    "C_99_103": 5490.260750282797,
    "C_99_103_err": 3.4110510130769465e-06,
    "O_Am241": 193.85901313735505,
    "O_Am241_err": 1.2095607641430486e-07
}