{
    "C_60": 3024818.4808803117,
    "C_60_err": 0.00017402339067468242,
    "C_99_103": 7149.504311827423,
    "C_99_103_err": 3.509959607948018e-09,
    "O_Am241": 423.0808667219565,
    "O_Am241_err": 2.434150941701577e-08
}