{
    "C_60": 2727694.618081091,
    "C_60_err": 0.0001572404813061229,
    "C_99_103": 6959.334404784775,
    "C_99_103_err": 1.8076450890132313e-08,
    "O_Am241": 391.9476288142886,
    "O_Am241_err": 2.2617108402883308e-08
}