{
    "C_60": 3359809.5808971045,
    "C_60_err": 0.0001937746762517567,
    "C_99_103": 7285.912340002083,
    "C_99_103_err": 2.7660405168957673e-08,
    "O_Am241": 461.13779909904105,
    "O_Am241_err": 2.6653358177507946e-08
}