{
    "C_60": 700234.191705154,
    "C_60_err": 4.011650733565936e-05,
    "C_99_103": 4906.880939128894,
    "C_99_103_err": 4.5254754424700226e-05,
    "O_Am241": 142.70454090729677,
    "O_Am241_err": 1.3161484111533851e-06
}