{
    "C_60": 630280.8851001158,
    "C_60_err": 3.632622795712512e-05,
    "C_99_103": 4782.344639115722,
    "C_99_103_err": 6.437256272806029e-05,
    "O_Am241": 131.7932797952131,
    "O_Am241_err": 1.7740145433690398e-06
}