{
    "C_60": 1993636.7102687964,
    "C_60_err": 0.00011554235307336541,
    "C_99_103": 6466.611090511079,
    "C_99_103_err": 2.5494595875167985e-08,
    "O_Am241": 308.29698622114483,
    "O_Am241_err": 1.790882158882086e-08
}