{
    "C_60": 863095.7283884282,
    "C_60_err": 4.9888481297583054e-05,
    "C_99_103": 5176.570288223793,
    "C_99_103_err": 1.4440710650106148e-08,
    "O_Am241": 166.73119079477956,
    "O_Am241_err": 9.648579139401456e-09
}