{
    "C_60": 2214020.14923088,
    "C_60_err": 0.00012814998941450273,
    "C_99_103": 6617.564605041173,
    "C_99_103_err": 2.795213411617035e-08,
    "O_Am241": 334.5672133739758,
    "O_Am241_err": 1.9416624500133483e-08
}