{
    "C_60": 1617581.3898792525,
    "C_60_err": 9.343117931694123e-05,
    "C_99_103": 6134.717675459951,
    "C_99_103_err": 1.8720441330059368e-09,
    "O_Am241": 263.67658227368617,
    "O_Am241_err": 1.5230119490117615e-08
}