{
    "C_60": 567651.7428916652,
    "C_60_err": 3.3025569085107925e-05,
    "C_99_103": 4640.341547141188,
    "C_99_103_err": 9.632249417956834e-10,
    "O_Am241": 122.3297330864326,
    "O_Am241_err": 7.1171009616568e-09
}