{
    "C_60": 777022.6609554917,
    "C_60_err": 4.480277167883545e-05,
    "C_99_103": 5036.770995683568,
    "C_99_103_err": 2.3211004723706376e-08,
    "O_Am241": 154.26999989107856,
    "O_Am241_err": 8.923502009221085e-09
}