{
    "C_60": 1457064.9032672048,
    "C_60_err": 8.388893694553923e-05,
    "C_99_103": 5972.127629077045,
    "C_99_103_err": 3.3329090764924567e-09,
    "O_Am241": 243.97752254540902,
    "O_Am241_err": 1.40474020504718e-08
}