{
    "C_60": 179.63654128655952,
    "C_60_err": 8.780536087006525e-07,
    "C_99_103": NaN,
    "C_99_103_err": NaN,
    "O_Am241": NaN,
    "O_Am241_err": NaN
}