{
    "C_60": 755898.7602809791,
    "C_60_err": 2.2186067622498307e-05,
    "C_99_103": 37876.86018235221,
    "C_99_103_err": 0.00040213227263233287,
    "O_Am241": 19.956742893730443,
    "O_Am241_err": 2.1187820222044237e-07
}