{
    "C_1173": 79513.82224473367,
    "C_1173_err": 298.7269901696116,
    "C_1332": 71325.02213684695,
    "C_1332_err": 238.8818580177521
}