{
    "C_1173": 86389.00017993625,
    "C_1173_err": 298.75435148428,
    "C_1332": 77400.77311570744,
    "C_1332_err": 248.4532073281857
}