{
    "C_1173": 151391.5292049651,
    "C_1173_err": 409.20497714448146,
    "C_1332": 135153.41872610536,
    "C_1332_err": 573.0628416178884
}