{
    "C_1173": 72947.64773601528,
    "C_1173_err": 264.0887704064989,
    "C_1332": 65452.550227027576,
    "C_1332_err": 211.56866368538695
}