{
    "C_1173": 63692.708682542325,
    "C_1173_err": 255.66905993611587,
    "C_1332": 57145.54350565987,
    "C_1332_err": 224.28902794649255
}