{
    "C_1173": 69735.79236755052,
    "C_1173_err": 254.53991509375945,
    "C_1332": 62588.18134292648,
    "C_1332_err": 215.85615480260134
}