{
    "C_1173": 82985.44238449035,
    "C_1173_err": 250.54105815652972,
    "C_1332": 74401.16205729029,
    "C_1332_err": 236.65313846336707
}