{
    "C_1173": 76138.02754814392,
    "C_1173_err": 300.5469285813455,
    "C_1332": 68302.63839558112,
    "C_1332_err": 260.58461210475105
}