{
    "C_1173": 49944.278485266914,
    "C_1173_err": 217.41062026418481,
    "C_1332": 44722.19589441572,
    "C_1332_err": 216.99006427156493
}