{
    "C_1173": 66648.89374288154,
    "C_1173_err": 257.78904202681673,
    "C_1332": 59778.89781928493,
    "C_1332_err": 215.4351001071553
}