{
    "C_1173": 60788.03233861286,
    "C_1173_err": 239.40091732653696,
    "C_1332": 54493.475457425586,
    "C_1332_err": 182.43867478438275
}