{
    "C_79": 54095.544584377785,
    "C_79_err": 147.9087099550142,
    "C_81": 671601.2893683147,
    "C_81_err": 1836.3005877433836,
    "C_356": 679439.32991844,
    "C_356_err": 1883.5974979903326,
    "C_161": 14996.673150220928,
    "C_161_err": 271.48979734006093,
    "C_223": 8074.520020004112,
    "C_223_err": 156.63072969812802,
    "C_276": 101463.13291955479,
    "C_276_err": 312.3314308451929,
    "C_303": 242460.964379469,
    "C_303_err": 444.8457965844901,
    "C_383": 93705.00340610056,
    "C_383_err": 325.5387012268134,
    "O_Ba133": 1.0680818757427617,
    "O_Ba133_err": 0.004014907490539218
}