{
    "C_79": 48595.48299581843,
    "C_79_err": 135.36317974150498,
    "C_81": 603317.5058725992,
    "C_81_err": 1680.5466466020805,
    "C_356": 656630.3116144608,
    "C_356_err": 1795.0682260523183,
    "C_161": 14478.948849936007,
    "C_161_err": 199.0664407649233,
    "C_223": 8087.498367359136,
    "C_223_err": 160.8094601511696,
    "C_276": 98240.525610027,
    "C_276_err": 343.65106423027885,
    "C_303": 234399.89538647386,
    "C_303_err": 525.9006892532929,
    "C_383": 90206.94427561529,
    "C_383_err": 377.0160639883324,
    "O_Ba133": 0.9928158620419996,
    "O_Ba133_err": 0.00373620200606761
}