{
    "C_79": 82459.79148246662,
    "C_79_err": 194.23184676225057,
    "C_81": 1023746.0904804647,
    "C_81_err": 2411.4067013124695,
    "C_356": 772780.422801672,
    "C_356_err": 2795.0552542452497,
    "C_161": 18208.763745921267,
    "C_161_err": 199.16774451194377,
    "C_223": 9318.237478335917,
    "C_223_err": 212.09670222996138,
    "C_276": 114538.32029761895,
    "C_276_err": 366.7146544776884,
    "C_303": 274780.1822577649,
    "C_303_err": 655.6032877814654,
    "C_383": 108101.78688140996,
    "C_383_err": 660.1982081354333,
    "O_Ba133": 1.431462093659728,
    "O_Ba133_err": 0.006050291000694714
}