{
    "C_79": 33454.68658101745,
    "C_79_err": 106.24776870726289,
    "C_81": 415343.09000583936,
    "C_81_err": 1319.076071875075,
    "C_356": 580636.2208401341,
    "C_356_err": 1487.8437535024696,
    "C_161": 12350.723477568627,
    "C_161_err": 209.52376483019202,
    "C_223": 7325.001225343045,
    "C_223_err": 153.63414380717538,
    "C_276": 87270.87816156392,
    "C_276_err": 279.1079091607867,
    "C_303": 207497.16197534138,
    "C_303_err": 509.3483930725129,
    "C_383": 79153.88021857885,
    "C_383_err": 304.5287601916691,
    "O_Ba133": 0.772941405442262,
    "O_Ba133_err": 0.00301948427666323
}