{
    "C_79": 39254.86131193906,
    "C_79_err": 128.90587601389566,
    "C_81": 487352.80647653947,
    "C_81_err": 1600.3786116442143,
    "C_356": 612450.951814721,
    "C_356_err": 1550.076245265958,
    "C_161": 13355.204200203207,
    "C_161_err": 183.67087433708173,
    "C_223": 7480.947066655596,
    "C_223_err": 142.0347333067604,
    "C_276": 91985.45316310243,
    "C_276_err": 286.69476545322374,
    "C_303": 218735.97102742738,
    "C_303_err": 464.7487007331002,
    "C_383": 83704.77354081668,
    "C_383_err": 309.5739307128569,
    "O_Ba133": 0.8598364754403847,
    "O_Ba133_err": 0.0034070907076780175
}