{
    "C_79": 70571.61322557554,
    "C_79_err": 172.0595641789705,
    "C_81": 876153.2358948836,
    "C_81_err": 2136.1357213162755,
    "C_356": 738166.2548651461,
    "C_356_err": 2336.7198480594834,
    "C_161": 16642.083428757378,
    "C_161_err": 164.0523320209958,
    "C_223": 8891.267509818872,
    "C_223_err": 167.07528580675293,
    "C_276": 109755.0120071768,
    "C_276_err": 327.3138755637915,
    "C_303": 262901.0568139448,
    "C_303_err": 576.310164131482,
    "C_383": 102667.26982803397,
    "C_383_err": 412.5850422178833,
    "O_Ba133": 1.282536072166309,
    "O_Ba133_err": 0.004991186635231744
}