{
    "C_79": 74386.39979978865,
    "C_79_err": 180.00639262180633,
    "C_81": 923514.1710992426,
    "C_81_err": 2234.7963461348786,
    "C_356": 750037.635088141,
    "C_356_err": 2438.6801002984807,
    "C_161": 17107.612518157704,
    "C_161_err": 159.75339833237177,
    "C_223": 9231.321814654177,
    "C_223_err": 136.31835320151103,
    "C_276": 111398.79297824338,
    "C_276_err": 288.0826307082023,
    "C_303": 267051.47300298803,
    "C_303_err": 567.5887133579753,
    "C_383": 104583.38667700045,
    "C_383_err": 399.69113011483927,
    "O_Ba133": 1.3304673315249875,
    "O_Ba133_err": 0.005258218166572279
}