{
    "C_79": 78349.38605201281,
    "C_79_err": 192.5914856276923,
    "C_81": 972715.0192872289,
    "C_81_err": 2391.041463075878,
    "C_356": 761806.2570303449,
    "C_356_err": 2613.3892191115356,
    "C_161": 17705.851788951935,
    "C_161_err": 194.22399276427277,
    "C_223": 9215.00586672203,
    "C_223_err": 176.89712879249703,
    "C_276": 113006.02418868094,
    "C_276_err": 351.76828958662196,
    "C_303": 270992.5719002926,
    "C_303_err": 474.12934726010184,
    "C_383": 106392.32170062608,
    "C_383_err": 538.0201734009538,
    "O_Ba133": 1.3797004102282857,
    "O_Ba133_err": 0.005684814908332913
}