{
    "C_79": 90631.61622798444,
    "C_79_err": 236.53970587574946,
    "C_81": 1125200.0656229283,
    "C_81_err": 2936.6627635140217,
    "C_356": 790273.0852200756,
    "C_356_err": 2910.458666617795,
    "C_161": 18523.100248108105,
    "C_161_err": 200.67018180641276,
    "C_223": 9611.271185033482,
    "C_223_err": 139.31160501351096,
    "C_276": 116777.12006037423,
    "C_276_err": 290.60646253355196,
    "C_303": 280349.25300035044,
    "C_303_err": 509.09910392305505,
    "C_383": 111152.5282130584,
    "C_383_err": 1674.773441668731,
    "O_Ba133": 1.5384956220700943,
    "O_Ba133_err": 0.006782511204952858
}