{
    "C_79": 63470.922830641,
    "C_79_err": 156.8928461616047,
    "C_81": 787997.4947653161,
    "C_81_err": 1947.8394863082247,
    "C_356": 714554.1306502164,
    "C_356_err": 2065.644866551325,
    "C_161": 16229.967511493334,
    "C_161_err": 193.7429580191138,
    "C_223": 8831.696450218646,
    "C_223_err": 199.02277726973873,
    "C_276": 106474.27919757743,
    "C_276_err": 408.66238199060246,
    "C_303": 254784.82442803215,
    "C_303_err": 455.5338021412108,
    "C_383": 99029.39952235983,
    "C_383_err": 308.4819959152131,
    "O_Ba133": 1.1916079987126436,
    "O_Ba133_err": 0.00439830814481358
}