{
    "C_79": 31708.443231818783,
    "C_79_err": 103.51272385141885,
    "C_81": 393663.314085597,
    "C_81_err": 1285.120231966672,
    "C_356": 570324.2086527785,
    "C_356_err": 1199.4325848466376,
    "C_161": 12326.848826558717,
    "C_161_err": 210.76400536660665,
    "C_223": 7122.143327589465,
    "C_223_err": 137.7517606141254,
    "C_276": 85676.69357556495,
    "C_276_err": 285.24888949011455,
    "C_303": 203911.94871207964,
    "C_303_err": 490.80974892284144,
    "C_383": 1539.497617819615,
    "C_383_err": 22553125.458164178,
    "O_Ba133": 0.7458420155830842,
    "O_Ba133_err": 0.0027514993559201173
}