{
    "C_79": 60171.5683644683,
    "C_79_err": 157.131334303249,
    "C_81": 747035.6978078852,
    "C_81_err": 1950.8003390856197,
    "C_356": 702730.8535833118,
    "C_356_err": 2011.4043882497754,
    "C_161": 15717.48245647493,
    "C_161_err": 168.20297611376594,
    "C_223": 8493.10920025695,
    "C_223_err": 162.9405687902454,
    "C_276": 104853.25971269264,
    "C_276_err": 292.3523576517872,
    "C_303": 250551.6218754858,
    "C_303_err": 559.5556960804842,
    "C_383": 1620.4658541220483,
    "C_383_err": 3656397.779214161,
    "O_Ba133": 1.148672015831244,
    "O_Ba133_err": 0.004308828967596513
}