{
    "C_79": 35295.7616326545,
    "C_79_err": 107.34577329738578,
    "C_81": 438200.21045823855,
    "C_81_err": 1332.7079024467894,
    "C_356": 591132.4832658542,
    "C_356_err": 1370.7309457351985,
    "C_161": 12741.729165962788,
    "C_161_err": 182.46499419351076,
    "C_223": 7208.564141320653,
    "C_223_err": 200.355903388418,
    "C_276": 88702.18010394473,
    "C_276_err": 380.0341205671192,
    "C_303": 211210.31993475952,
    "C_303_err": 525.7934409373044,
    "C_383": 80654.69930137818,
    "C_383_err": 278.06131307288274,
    "O_Ba133": 0.8009980596480677,
    "O_Ba133_err": 0.0029267002628973545
}