{
    "C_79": 41413.57326352999,
    "C_79_err": 122.53172454163715,
    "C_81": 514153.41900762444,
    "C_81_err": 1521.2429197810802,
    "C_356": 623386.7692501914,
    "C_356_err": 1576.972665630578,
    "C_161": 13588.920301607723,
    "C_161_err": 168.4486331230091,
    "C_223": 7607.668256693078,
    "C_223_err": 148.73824572586366,
    "C_276": 93525.7937822865,
    "C_276_err": 294.5684343201232,
    "C_303": 222534.59664402634,
    "C_303_err": 490.94613884796416,
    "C_383": 85328.62321811776,
    "C_383_err": 248.94432292142773,
    "O_Ba133": 0.8912075450997934,
    "O_Ba133_err": 0.0033281069554487942
}