{
    "C_79": 37205.35527744373,
    "C_79_err": 122.4244849429129,
    "C_81": 461907.9957086289,
    "C_81_err": 1519.911530045975,
    "C_356": 601712.4348333833,
    "C_356_err": 1402.3861051207589,
    "C_161": 12977.928081738093,
    "C_161_err": 183.29673961710412,
    "C_223": 7438.736225245377,
    "C_223_err": 125.09561833380319,
    "C_276": 90305.91340781364,
    "C_276_err": 334.1392213399657,
    "C_303": 214844.36729008032,
    "C_303_err": 520.1735257264326,
    "C_383": 82204.74271234024,
    "C_383_err": 241.57115588192602,
    "O_Ba133": 0.8294881775615609,
    "O_Ba133_err": 0.0031873849863937953
}