{
    "C_79": 66919.46646491304,
    "C_79_err": 171.66291572639145,
    "C_81": 830811.4893191302,
    "C_81_err": 2131.211293357841,
    "C_356": 726273.021563639,
    "C_356_err": 2224.452357104195,
    "C_161": 16376.457436417459,
    "C_161_err": 218.6565214919113,
    "C_223": 8670.14895134383,
    "C_223_err": 121.19855940685571,
    "C_276": 108155.28496389248,
    "C_276_err": 361.85513179351693,
    "C_303": 258874.16382301165,
    "C_303_err": 521.8705127365763,
    "C_383": 100802.49321272383,
    "C_383_err": 345.50216174791433,
    "O_Ba133": 1.2360791728863363,
    "O_Ba133_err": 0.0047958232445416095
}