{
    "C_79": 57043.99669522775,
    "C_79_err": 163.98582784834835,
    "C_81": 708206.6004804106,
    "C_81_err": 2035.8995230983626,
    "C_356": 691053.249085491,
    "C_356_err": 1943.855451554571,
    "C_161": 15359.915248032004,
    "C_161_err": 147.54723429031768,
    "C_223": 8228.195934466143,
    "C_223_err": 141.493701393686,
    "C_276": 103184.10614718277,
    "C_276_err": 320.0045483495873,
    "C_303": 246582.20151317495,
    "C_303_err": 498.1348062170242,
    "C_383": 95409.33601561104,
    "C_383_err": 277.89248934426377,
    "O_Ba133": 1.1073684961156565,
    "O_Ba133_err": 0.004293988158009753
}