{
    "C_79": 51255.84600790018,
    "C_79_err": 136.1774242435699,
    "C_81": 636346.1636452501,
    "C_81_err": 1690.6555689107358,
    "C_356": 668068.1779945974,
    "C_356_err": 1785.6696873993092,
    "C_161": 14663.112330835289,
    "C_161_err": 205.25408591062887,
    "C_223": 8107.395897594794,
    "C_223_err": 139.93407460606093,
    "C_276": 99834.52299115476,
    "C_276_err": 353.994864956369,
    "C_303": 238492.8174862865,
    "C_303_err": 510.0091405558718,
    "C_383": 91956.34184079019,
    "C_383_err": 292.97245250791235,
    "O_Ba133": 1.0292392787173152,
    "O_Ba133_err": 0.0037435303925317104
}