{
    "C_79": 43651.32265484492,
    "C_79_err": 126.78140829885137,
    "C_81": 541935.2888092318,
    "C_81_err": 1574.0031445404568,
    "C_356": 634275.1069298035,
    "C_356_err": 1595.0073656466907,
    "C_161": 14007.207889049641,
    "C_161_err": 149.50354007723058,
    "C_223": 7628.863198814939,
    "C_223_err": 155.13990731479112,
    "C_276": 95047.81222837609,
    "C_276_err": 307.9519958133079,
    "C_303": 226481.63145606982,
    "C_303_err": 485.9607689184822,
    "C_383": 86869.28289757697,
    "C_383_err": 331.273390500312,
    "O_Ba133": 0.923237574778234,
    "O_Ba133_err": 0.003404157023586769
}