{
    "C_79": 86608.4028917772,
    "C_79_err": 214.8273737894633,
    "C_81": 1075251.4925054566,
    "C_81_err": 2667.102112329563,
    "C_356": 782376.7745675782,
    "C_356_err": 2793.669874425775,
    "C_161": 18325.060054075264,
    "C_161_err": 227.537495523813,
    "C_223": 9613.931172641789,
    "C_223_err": 195.38363089629163,
    "C_276": 115913.57252986054,
    "C_276_err": 306.85363395853176,
    "C_303": 277957.20649054786,
    "C_303_err": 453.8351914418624,
    "C_383": 109722.12834353474,
    "C_383_err": 1053.8394732533868,
    "O_Ba133": 1.4850388369969147,
    "O_Ba133_err": 0.006309921768749558
}