{
    "C_79": 46055.308634545596,
    "C_79_err": 142.09124095422618,
    "C_81": 571781.0015383192,
    "C_81_err": 1764.0761612807705,
    "C_356": 645283.8379308373,
    "C_356_err": 1660.6073013682874,
    "C_161": 14126.003380145568,
    "C_161_err": 165.0396137857422,
    "C_223": 7767.996132923943,
    "C_223_err": 180.36505183924237,
    "C_276": 96747.28159273411,
    "C_276_err": 362.4788429662995,
    "C_303": 230410.29670836014,
    "C_303_err": 530.8933391364374,
    "C_383": 2846.830387698194,
    "C_383_err": 2128532124032.3943,
    "O_Ba133": 0.9574644115588178,
    "O_Ba133_err": 0.003686920968907086
}