{
    "cuspEmax_ctc": {
        "resolution": [
            0.2582663550826067,
            0.0025755765191937613,
            7.156922305520761e-08
        ],
        "calibration": [
            0.15396094227705706,
            0.2094290357206616
        ]
    }
}