{
    "cuspEmax_ctc": {
        "resolution": [
            0.02010225049286699,
            0.00047279573920997457,
            3.592293699818105e-24
        ],
        "calibration": [
            0.03688861647251331,
            20.623474082956232
        ]
    }
}