{
    "cuspEmax_ctc": {
        "resolution": [
            0.023800526302174767,
            1.8025863587065685e-16,
            3.9608255634345115e-07
        ],
        "calibration": [
            0.02306732579467089,
            40.379853923389526
        ]
    }
}