{
    "C_60": 2213567.2846997073,
    "C_60_err": 0.000119257365759802,
    "C_99_103": 6584.25070582262,
    "C_99_103_err": 4.865808892390083e-08,
    "O_Am241": 336.1912210818755,
    "O_Am241_err": 1.8282121629982832e-08
}