{
    "C_60": 3723828.1245115236,
    "C_60_err": 0.00020159173113463297,
    "C_99_103": 7496.406071855661,
    "C_99_103_err": 4.109255830926509e-08,
    "O_Am241": 496.748453701325,
    "O_Am241_err": 2.7029293882176927e-08
}