{
    "C_60": 568212.0707155946,
    "C_60_err": 3.0672159683740874e-05,
    "C_99_103": 4589.5054232590355,
    "C_99_103_err": 2.3528974556638008e-08,
    "O_Am241": 123.80681975795635,
    "O_Am241_err": 6.713180987437956e-09
}