{
    "C_60": 1795401.9624120558,
    "C_60_err": 9.687178875877195e-05,
    "C_99_103": 6276.507741943589,
    "C_99_103_err": 3.9217445903016795e-08,
    "O_Am241": 286.05110297467587,
    "O_Am241_err": 1.5537172646074838e-08
}