{
    "C_60": 1311862.9802276106,
    "C_60_err": 7.109100904434049e-05,
    "C_99_103": 5781.959435966998,
    "C_99_103_err": 1.821722872853422e-08,
    "O_Am241": 226.88899753725258,
    "O_Am241_err": 1.2316078111123066e-08
}