{
    "C_60": 699589.6837188613,
    "C_60_err": 3.805182719381246e-05,
    "C_99_103": 4907.223519259675,
    "C_99_103_err": 1.0637344887818743e-08,
    "O_Am241": 142.5632398795652,
    "O_Am241_err": 7.760403367821563e-09
}