{
    "C_60": 3358318.7335420474,
    "C_60_err": 0.00018145739326694277,
    "C_99_103": 7291.03028437573,
    "C_99_103_err": 3.4088512080125146e-08,
    "O_Am241": 460.6096261510169,
    "O_Am241_err": 2.4980756363201642e-08
}