{
    "C_60": 958605.3758383485,
    "C_60_err": 5.1960556365984734e-05,
    "C_99_103": 5302.281373153579,
    "C_99_103_err": 7.385290118271292e-05,
    "O_Am241": 180.79111770490775,
    "O_Am241_err": 2.518170710982079e-06
}