{
    "C_60": 2726011.702002416,
    "C_60_err": 0.0001479692115799458,
    "C_99_103": 6921.150529009731,
    "C_99_103_err": 0.0001005216589613627,
    "O_Am241": 393.8668420194655,
    "O_Am241_err": 5.720497583194933e-06
}