{
    "C_60": 1174499.9993153412,
    "C_60_err": 6.638364644147993e-05,
    "C_99_103": 41113.968753863424,
    "C_99_103_err": 2.667188702366809e-07,
    "O_Am241": 28.566933208192776,
    "O_Am241_err": 1.6252257241062076e-09
}