{
    "C_60": 1993921.384670008,
    "C_60_err": 0.00010778825776745077,
    "C_99_103": 6436.71788102304,
    "C_99_103_err": 3.6289104072114104e-08,
    "O_Am241": 309.7729963509132,
    "O_Am241_err": 1.6836664911458527e-08
}