{
    "C_60": 777372.3833621629,
    "C_60_err": 4.21967383323809e-05,
    "C_99_103": 5013.2762721576955,
    "C_99_103_err": 1.8655506117870233e-08,
    "O_Am241": 155.06274562993207,
    "O_Am241_err": 8.436753944238042e-09
}