{
    "C_60": 4582300.1291355435,
    "C_60_err": 0.00024737171219743614,
    "C_99_103": 7960.243118403137,
    "C_99_103_err": 4.032543946943319e-08,
    "O_Am241": 575.6482636242365,
    "O_Am241_err": 3.121242448337297e-08
}