{
    "C_60": 1181701.2563018503,
    "C_60_err": 6.398844815328278e-05,
    "C_99_103": 5633.986819552763,
    "C_99_103_err": 1.204612376631809e-08,
    "O_Am241": 209.7451226191644,
    "O_Am241_err": 1.1366428981028714e-08
}