{
    "C_60": 1174499.9993153412,
    "C_60_err": 1196.4710690729344,
    "C_99_103": 41113.96875386343,
    "C_99_103_err": 358.22428140261746,
    "O_Am241": 28.566933208192772,
    "O_Am241_err": 0.2505979566292137
}