{
    "C_60": 862748.0016849773,
    "C_60_err": 4.664026791363976e-05,
    "C_99_103": 5155.873870121134,
    "C_99_103_err": 2.7833058027018902e-08,
    "O_Am241": 167.33303091153925,
    "O_Am241_err": 9.091034886277247e-09
}