{
    "C_60": 1457181.7000752355,
    "C_60_err": 7.865549172404729e-05,
    "C_99_103": 5961.849823292426,
    "C_99_103_err": 4.71701184347553e-08,
    "O_Am241": 244.41771317052536,
    "O_Am241_err": 1.3334111316808887e-08
}