{
    "C_60": 2457255.1827287604,
    "C_60_err": 0.00013312030147292347,
    "C_99_103": 6801.533173015644,
    "C_99_103_err": 2.6497905628967706e-08,
    "O_Am241": 361.2795997934198,
    "O_Am241_err": 1.9622645932969733e-08
}