{
    "C_60": 1617928.6682582968,
    "C_60_err": 8.732567345031209e-05,
    "C_99_103": 6123.961494939038,
    "C_99_103_err": 2.3109104006600748e-08,
    "O_Am241": 264.19641429740943,
    "O_Am241_err": 1.4294479110537433e-08
}