{
    "C_60": 630549.522741877,
    "C_60_err": 3.4230160836628415e-05,
    "C_99_103": 4767.203100081427,
    "C_99_103_err": 1.0152582934085558e-08,
    "O_Am241": 132.2682313936041,
    "O_Am241_err": 7.18586780663929e-09
}