{
    "C_60": 1064312.2342026774,
    "C_60_err": 5.7435234808635854e-05,
    "C_99_103": 5489.7908926422615,
    "C_99_103_err": 1.0460363144417048e-08,
    "O_Am241": 193.87117925186018,
    "O_Am241_err": 1.0468709489808851e-08
}