{
    "C_60": 3026120.7658113274,
    "C_60_err": 0.0001635807749498716,
    "C_99_103": 7109.835564670858,
    "C_99_103_err": 5.911405545805154e-08,
    "O_Am241": 425.62457855541396,
    "O_Am241_err": 2.327823557186479e-08
}