{
    "C_60": 4134224.1795877283,
    "C_60_err": 0.0002245112092839202,
    "C_99_103": 7742.737066773594,
    "C_99_103_err": 2.214068262927025e-08,
    "O_Am241": 533.9486726636919,
    "O_Am241_err": 2.903653378729489e-08
}