{
    "C_60": 1459927.9455374242,
    "C_60_err": 5.85144992675847e-06,
    "C_99_103": 5940.142670228634,
    "C_99_103_err": 4.354891419345016e-05,
    "O_Am241": 245.77321229243,
    "O_Am241_err": 1.8018351960328863e-06
}