{
    "C_60": 2461542.321706183,
    "C_60_err": 8.847052833989982e-06,
    "C_99_103": 6773.0015363145985,
    "C_99_103_err": 3.581268771580599e-05,
    "O_Am241": 363.43448447607835,
    "O_Am241_err": 1.9216840029798934e-06
}