{
    "C_60": 632059.5797695473,
    "C_60_err": 2.5479568221660823e-06,
    "C_99_103": 4799.004704504608,
    "C_99_103_err": 1.2012943884474987e-05,
    "O_Am241": 131.706388863562,
    "O_Am241_err": 3.2968992690978054e-07
}