{
    "C_60": 1798928.8851958287,
    "C_60_err": 7.347120758796621e-06,
    "C_99_103": 6258.4588370695255,
    "C_99_103_err": 3.1253837460136015e-05,
    "O_Am241": 287.43959687656314,
    "O_Am241_err": 1.4354322172022197e-06
}