{
    "C_60": 702120.419409884,
    "C_60_err": 2.678720685349821e-06,
    "C_99_103": 4859.0433415678235,
    "C_99_103_err": 4.57062006945136e-05,
    "O_Am241": 144.49766549794495,
    "O_Am241_err": 1.3592057897230472e-06
}