{
    "C_60": 2732139.9287832878,
    "C_60_err": 1.1140533257222862e-05,
    "C_99_103": 6886.176087910678,
    "C_99_103_err": 5.69273775219667e-05,
    "O_Am241": 396.75719788516784,
    "O_Am241_err": 3.2799552680199284e-06
}