{
    "C_60": 2218068.1882301844,
    "C_60_err": 9.318454258083753e-06,
    "C_99_103": 6589.558664905169,
    "C_99_103_err": 5.806791297462591e-05,
    "O_Am241": 336.60345116027656,
    "O_Am241_err": 2.966186830433683e-06
}