{
    "C_60": 4165827.7480796296,
    "C_60_err": 6.453169983759721e-06,
    "C_99_103": 7769.608778459945,
    "C_99_103_err": 9.412971908453007e-08,
    "O_Am241": 536.169563598717,
    "O_Am241_err": 6.548640921407608e-09
}