{
    "C_60": 941231.2566677805,
    "C_60_err": 1.3026587379486379e-05,
    "C_99_103": 36831.56144988569,
    "C_99_103_err": 8.581015984717583e-05,
    "O_Am241": 25.555019109044633,
    "O_Am241_err": 5.9539125672452454e-08
}