{
    "C_60": 1184307.4834013071,
    "C_60_err": 4.934486890683862e-06,
    "C_99_103": 5628.673802464692,
    "C_99_103_err": 6.941373215154957e-05,
    "O_Am241": 210.406132059513,
    "O_Am241_err": 2.5947632142073874e-06
}