{
    "C_60": 2010239.6279571608,
    "C_60_err": 3.2007715765076244e-06,
    "C_99_103": 6463.855472880548,
    "C_99_103_err": 2.8641095458427593e-05,
    "O_Am241": 310.9969949655014,
    "O_Am241_err": 1.3780158347520403e-06
}