{
    "C_60": 779444.8488661294,
    "C_60_err": 3.329758707362393e-06,
    "C_99_103": 4972.056113901511,
    "C_99_103_err": 1.134493197977939e-05,
    "O_Am241": 156.76509496480898,
    "O_Am241_err": 3.5769758335142386e-07
}