{
    "C_60": 960549.3895693909,
    "C_60_err": 3.7811504976755297e-06,
    "C_99_103": 5299.989922729274,
    "C_99_103_err": 6.8921352561730315e-06,
    "O_Am241": 181.23607847819227,
    "O_Am241_err": 2.3568144606161223e-07
}