{
    "C_60": 4593806.471399201,
    "C_60_err": 1.664619507842774e-05,
    "C_99_103": 7904.9558742997715,
    "C_99_103_err": 2.893094546436392e-05,
    "O_Am241": 581.1299322156083,
    "O_Am241_err": 2.126848888808794e-06
}