{
    "C_60": 3733860.84039433,
    "C_60_err": 1.4720414742812327e-05,
    "C_99_103": 7522.5124541458445,
    "C_99_103_err": 3.82516244359802e-06,
    "O_Am241": 496.3582131840149,
    "O_Am241_err": 2.52403418502232e-07
}