{
    "C_60": 1066715.5978142067,
    "C_60_err": 4.445026830154908e-06,
    "C_99_103": 5424.546379709905,
    "C_99_103_err": 6.855853154059011e-05,
    "O_Am241": 196.64604616603035,
    "O_Am241_err": 2.4853257668901095e-06
}