{
    "C_60": 3365641.9021802587,
    "C_60_err": 1.3432359490927331e-05,
    "C_99_103": 7283.2034677805705,
    "C_99_103_err": 1.6077897006664248e-05,
    "O_Am241": 462.11010265869714,
    "O_Am241_err": 1.020124017050215e-06
}