{
    "C_60": 1621169.6378199367,
    "C_60_err": 6.574477146963076e-06,
    "C_99_103": 6116.391343542083,
    "C_99_103_err": 9.645377545473393e-06,
    "O_Am241": 265.05328824840956,
    "O_Am241_err": 4.1798298126848197e-07
}