{
    "C_60": 569143.8862914947,
    "C_60_err": 2.5126069301073875e-06,
    "C_99_103": 4574.169418280569,
    "C_99_103_err": 4.4250844926838955e-05,
    "O_Am241": 124.42562446789215,
    "O_Am241_err": 1.203702592334472e-06
}