{
    "C_60": 864962.0804656955,
    "C_60_err": 4.016659570196986e-06,
    "C_99_103": 5168.718506910091,
    "C_99_103_err": 2.7994003372620166e-05,
    "O_Am241": 167.34555757086065,
    "O_Am241_err": 9.06351123343176e-07
}