{
    "C_60": 3050210.3783288696,
    "C_60_err": 3.844083980852897e-06,
    "C_99_103": 7144.543138491277,
    "C_99_103_err": 9.181675859086421e-05,
    "O_Am241": 426.9286809811308,
    "O_Am241_err": 5.486594043286026e-06
}