{
    "C_60": 1315171.79605773,
    "C_60_err": 5.2705490309439e-06,
    "C_99_103": 5795.857780094318,
    "C_99_103_err": 6.212357695819952e-06,
    "O_Am241": 226.91581573561797,
    "O_Am241_err": 2.43224061124209e-07
}