{
    "cuspEmax_ctc": {
        "resolution": [
            0.38269643760761296,
            2.7798657459757073e-19,
            7.1656749419386865e-06
        ],
        "calibration": [
            0.06328216667040984,
            0.5921177903826502
        ]
    }
}