{
    "cuspEmax_ctc": {
        "resolution": [
            0.3706905261438536,
            0.0008699855352115511,
            2.013320941543751e-28
        ],
        "calibration": [
            0.06418196650254442,
            -0.2789815212367212
        ]
    }
}