{
    "C_60": 2276746.5588417756,
    "C_60_err": 0.00012256132651072837,
    "C_99_103": 5877.8402854413025,
    "C_99_103_err": 5.7683791392458466e-05,
    "O_Am241": 387.34406657509913,
    "O_Am241_err": 3.801364002844682e-06
}