{
    "C_60": 6030422.284993418,
    "C_60_err": 0.00032975088238344774,
    "C_99_103": 7906.186742880186,
    "C_99_103_err": 3.6075715214138886e-08,
    "O_Am241": 762.7472612412091,
    "O_Am241_err": 4.185291716839324e-08
}