{
    "C_60": 1086100.1716183808,
    "C_60_err": 5.863985063749369e-05,
    "C_99_103": 4668.1622250324635,
    "C_99_103_err": 2.518223717601348e-08,
    "O_Am241": 232.66118854959626,
    "O_Am241_err": 1.2624200881325832e-08
}