{
    "C_60": 3142869.5883871485,
    "C_60_err": 0.00017061605266398272,
    "C_99_103": 6454.652104982777,
    "C_99_103_err": 9.476954445215959e-05,
    "O_Am241": 486.91541190282857,
    "O_Am241_err": 7.149117634828069e-06
}