{
    "C_60": 7478729.236721807,
    "C_60_err": 0.00040706464222606265,
    "C_99_103": 8437.753434391494,
    "C_99_103_err": 6.661878269937824e-08,
    "O_Am241": 886.3412867978823,
    "O_Am241_err": 4.874815284725628e-08
}