{
    "C_60": 1837826.8910621307,
    "C_60_err": 9.92070823699863e-05,
    "C_99_103": 5520.607003360206,
    "C_99_103_err": 3.394460018146475e-08,
    "O_Am241": 332.90304670184054,
    "O_Am241_err": 1.808652395475376e-08
}