{
    "C_60": 1486620.9858282786,
    "C_60_err": 8.05050240815404e-05,
    "C_99_103": 5144.555069071304,
    "C_99_103_err": 3.423097796103475e-08,
    "O_Am241": 288.96978764319914,
    "O_Am241_err": 1.5766270994143092e-08
}