{
    "C_60": 6727134.487319726,
    "C_60_err": 0.00036619977015893423,
    "C_99_103": 8198.862648659046,
    "C_99_103_err": 2.1721531244951246e-05,
    "O_Am241": 820.49605848928,
    "O_Am241_err": 2.174227489170754e-06
}