{
    "C_60": 3901560.811010812,
    "C_60_err": 0.00021265998828623456,
    "C_99_103": 6918.380276917645,
    "C_99_103_err": 6.455179422814321e-05,
    "O_Am241": 563.9413641409546,
    "O_Am241_err": 5.261932213375641e-06
}