{
    "C_60": 6217012.546915412,
    "C_60_err": 0.00033533295105157845,
    "C_99_103": 14988.567768283348,
    "C_99_103_err": 0.000115131003050363,
    "O_Am241": 414.7836299656969,
    "O_Am241_err": 3.1861371579107657e-06
}