{
    "C_60": 5406561.334452103,
    "C_60_err": 0.00029452064104935893,
    "C_99_103": 7662.5396990119725,
    "C_99_103_err": 4.434528572813874e-08,
    "O_Am241": 705.5834679915902,
    "O_Am241_err": 3.865272435604379e-08
}