{
    "C_60": 2045435.1421496146,
    "C_60_err": 0.00010993141134015005,
    "C_99_103": 5676.030049151894,
    "C_99_103_err": 4.8281456003577543e-08,
    "O_Am241": 360.3636916008296,
    "O_Am241_err": 1.9608733223496146e-08
}