{
    "C_60": 2534511.5193270603,
    "C_60_err": 0.00013727647905373286,
    "C_99_103": 6033.788267774003,
    "C_99_103_err": 1.2801076125782058e-07,
    "O_Am241": 420.0531087349701,
    "O_Am241_err": 2.4434396012112193e-08
}