{
    "C_60": 2821946.504821851,
    "C_60_err": 0.00015250598694852013,
    "C_99_103": 6305.879616378881,
    "C_99_103_err": 2.4710709223391115e-08,
    "O_Am241": 447.510367545256,
    "O_Am241_err": 2.424822427622502e-08
}