{
    "C_60": 1651670.0926951184,
    "C_60_err": 8.975877167631541e-05,
    "C_99_103": 5289.999587613716,
    "C_99_103_err": 2.219147936253112e-06,
    "O_Am241": 312.22499460348274,
    "O_Am241_err": 1.320724476589489e-07
}