{
    "C_60": 4349476.903467529,
    "C_60_err": 0.00023560601403654902,
    "C_99_103": 7160.838267438617,
    "C_99_103_err": 0.00010527562327349862,
    "O_Am241": 607.3977292917283,
    "O_Am241_err": 8.9297657883698e-06
}