{
    "C_60": 6217168.917304353,
    "C_60_err": 10124.781854209177,
    "C_99_103": 14983.892396567644,
    "C_99_103_err": 177.75194530305222,
    "O_Am241": 414.92348935504356,
    "O_Am241_err": 4.968346699474879
}