{
    "C_60": 885422.4073393489,
    "C_60_err": 4.758974047003317e-05,
    "C_99_103": 4374.253039523013,
    "C_99_103_err": 6.481721213488972e-05,
    "O_Am241": 202.4168239329609,
    "O_Am241_err": 2.9994105067600865e-06
}