{
    "C_60": 3501157.521609057,
    "C_60_err": 0.00019045234404147654,
    "C_99_103": 6689.467060502584,
    "C_99_103_err": 4.7418218908229785e-08,
    "O_Am241": 523.3836253236611,
    "O_Am241_err": 2.8711189067441222e-08
}