{
    "C_60": 4847511.481029031,
    "C_60_err": 0.00026397867746004444,
    "C_99_103": 7409.974927376613,
    "C_99_103_err": 3.584598073122329e-08,
    "O_Am241": 654.1872986802692,
    "O_Am241_err": 3.576505968396725e-08
}