{
    "C_60": 979771.7314453587,
    "C_60_err": 5.3144234409005855e-05,
    "C_99_103": 4501.572656527612,
    "C_99_103_err": 4.9752129352991494e-05,
    "O_Am241": 217.65098693333707,
    "O_Am241_err": 2.4055438600901844e-06
}