{
    "C_60": 1338558.350259288,
    "C_60_err": 7.25177470103748e-05,
    "C_99_103": 4984.94939083979,
    "C_99_103_err": 7.072611236818176e-05,
    "O_Am241": 268.51994780909655,
    "O_Am241_err": 3.809769962600995e-06
}