{
    "C_60": 1205915.2348336384,
    "C_60_err": 6.495124052400755e-05,
    "C_99_103": 4774.760377760962,
    "C_99_103_err": 2.6997668497080783e-08,
    "O_Am241": 252.5603673119049,
    "O_Am241_err": 1.3677788576494022e-08
}