{
    "cuspEmax_ctc": {
        "resolution": [
            0.24330068761411056,
            0.0021533856094228575,
            4.73976751917543e-28
        ],
        "calibration": [
            0.0917838840852436,
            -0.18283912861850418
        ]
    }
}