{
    "cuspEmax_ctc": {
        "resolution": [
            0.1275495094615442,
            0.0017373941735537581,
            3.275294488286032e-21
        ],
        "calibration": [
            0.09174034830001589,
            0.11392883645112764
        ]
    }
}