{
    "cuspEmax_ctc": {
        "resolution": [
            0.13402405234159928,
            0.001871384325189459,
            7.982002787817299e-25
        ],
        "calibration": [
            0.0917741925942953,
            -0.01520603307784343
        ]
    }
}