{
    "trapEmax": {
        "resolution": [
            0.14030521765911308,
            0.004597821381176209,
            2.439367500065105e-23
        ],
        "calibration": [
            0.0921171817763088,
            -0.06356901518642873
        ]
    }
}