{
    "trapEmax": {
        "resolution": [
            0.6516261045443368,
            2.9612485907584913e-21,
            3.1955443131462392e-06
        ],
        "calibration": [
            0.09224248656341445,
            -0.2689924729021997
        ]
    }
}