{
    "cuspEmax_ctc": {
        "resolution": [
            0.1316385039080593,
            0.0016640828466699918,
            1.9870287006108005e-25
        ],
        "calibration": [
            0.09174303272778064,
            0.10089309207615565
        ]
    }
}