{
    "trapEmax": {
        "resolution": [
            0.2831508696367192,
            0.003966235027348757,
            6.4643238584233315e-19
        ],
        "calibration": [
            0.09216282280458923,
            -0.1667485776674632
        ]
    }
}