{
    "trapEmax": {
        "resolution": [
            0.6765503599767106,
            2.7453645398672876e-15,
            2.8184376508635043e-06
        ],
        "calibration": [
            0.0922766751032994,
            -0.4091170303460044
        ]
    }
}