{
    "cuspEmax_ctc": {
        "resolution": [
            0.1389269899937673,
            0.0016832621703543739,
            2.9625941362106e-22
        ],
        "calibration": [
            0.09176791599804858,
            0.0034541083462789816
        ]
    }
}