{
    "C_60": 702159.7780544324,
    "C_60_err": 0.008539697114302719,
    "C_99_103": 4821.842776889101,
    "C_99_103_err": 2.2366648416910594e-05,
    "O_Am241": 145.62062898853858,
    "O_Am241_err": 1.8954860795117505e-06
}