{
    "C_60": 1173240.071114759,
    "C_60_err": 0.01450873968087435,
    "C_99_103": 40888.059775454625,
    "C_99_103_err": 1.179486870447465e-05,
    "O_Am241": 28.69395313834536,
    "O_Am241_err": 3.5493703024631993e-07
}