{
    "C_60": 865318.4451943969,
    "C_60_err": 0.010293005018763707,
    "C_99_103": 5181.393021563631,
    "C_99_103_err": 2.0180670655757237e-05,
    "O_Am241": 167.00498140040006,
    "O_Am241_err": 2.090312178249467e-06
}