{
    "C_60": 3051651.5595507277,
    "C_60_err": 0.03083223582886707,
    "C_99_103": 7113.662757016755,
    "C_99_103_err": 2.4575237042658296e-05,
    "O_Am241": 428.984570085312,
    "O_Am241_err": 4.580593263837536e-06
}