{
    "C_60": 569388.6984799145,
    "C_60_err": 0.006683650871656122,
    "C_99_103": 4624.036423373369,
    "C_99_103_err": 2.221927615261266e-05,
    "O_Am241": 123.13672435662366,
    "O_Am241_err": 1.5618336618210598e-06
}