{
    "C_60": 1622475.8223212443,
    "C_60_err": 0.019483493787646744,
    "C_99_103": 6150.802692265253,
    "C_99_103_err": 2.9257610597812154e-05,
    "O_Am241": 263.7827781992645,
    "O_Am241_err": 3.4070923027296484e-06
}