{
    "C_60": 1067245.774056462,
    "C_60_err": 0.012556886813829271,
    "C_99_103": 5423.700849179641,
    "C_99_103_err": 2.356295077069236e-05,
    "O_Am241": 196.7744541474642,
    "O_Am241_err": 2.4679762235049995e-06
}