{
    "C_60": 632458.0724985859,
    "C_60_err": 0.007450211820579089,
    "C_99_103": 4807.947620451877,
    "C_99_103_err": 3.492318858390065e-05,
    "O_Am241": 131.54429341290205,
    "O_Am241_err": 1.8204677787098341e-06
}