{
    "C_60": 3757562.9721918963,
    "C_60_err": 0.03789062237486429,
    "C_99_103": 7486.318496043019,
    "C_99_103_err": 3.756228109937714e-05,
    "O_Am241": 501.9240063294128,
    "O_Am241_err": 5.653243891641004e-06
}