{
    "C_60": 1315581.493956829,
    "C_60_err": 0.015714511889829696,
    "C_99_103": 5754.9220467017285,
    "C_99_103_err": 2.584768767675186e-05,
    "O_Am241": 228.60109716183166,
    "O_Am241_err": 2.9172739528017145e-06
}