{
    "C_60": 779293.46600174,
    "C_60_err": 0.009373565007120555,
    "C_99_103": 5004.680096198966,
    "C_99_103_err": 2.874977840074325e-05,
    "O_Am241": 155.71294288991822,
    "O_Am241_err": 2.0756007151796767e-06
}