{
    "C_60": 4620386.641221194,
    "C_60_err": 0.04644268926851325,
    "C_99_103": 7936.310005158786,
    "C_99_103_err": 3.775560626900052e-05,
    "O_Am241": 582.1832360653547,
    "O_Am241_err": 6.4742490798797585e-06
}