{
    "C_60": 3387153.7707377695,
    "C_60_err": 0.034218493132725514,
    "C_99_103": 7360.896674728254,
    "C_99_103_err": 3.237055529296269e-05,
    "O_Am241": 460.1550490943163,
    "O_Am241_err": 5.070030904938619e-06
}