{
    "C_60": 1472269.6909436851,
    "C_60_err": 0.014550321999672322,
    "C_99_103": 5890.633227666414,
    "C_99_103_err": 2.5613609093958542e-05,
    "O_Am241": 249.93402814979325,
    "O_Am241_err": 2.69858004446414e-06
}