{
    "C_60": 1812838.2075065072,
    "C_60_err": 0.01871475057651839,
    "C_99_103": 6305.608810297608,
    "C_99_103_err": 3.0281141309385363e-05,
    "O_Am241": 287.4961422513215,
    "O_Am241_err": 3.273359679818174e-06
}