{
    "C_60": 4168136.7725335415,
    "C_60_err": 0.0421434531510434,
    "C_99_103": 7778.244825672555,
    "C_99_103_err": 3.68217453182336e-05,
    "O_Am241": 535.8711207927475,
    "O_Am241_err": 5.982580658757745e-06
}