{
    "C_60": 1998212.2278572398,
    "C_60_err": 0.023794035925806534,
    "C_99_103": 6436.443337988908,
    "C_99_103_err": 3.001085781918331e-05,
    "O_Am241": 310.45285772399717,
    "O_Am241_err": 3.970067999072982e-06
}