{
    "C_60": 1184887.31222682,
    "C_60_err": 0.014368771954020587,
    "C_99_103": 5589.812489469246,
    "C_99_103_err": 2.6469184227946483e-05,
    "O_Am241": 211.97264030932195,
    "O_Am241_err": 2.7595505462581902e-06
}