{
    "C_60": 960848.208887878,
    "C_60_err": 0.011522721073337627,
    "C_99_103": 5295.114248355536,
    "C_99_103_err": 7.661393718457258e-05,
    "O_Am241": 181.45939139769862,
    "O_Am241_err": 3.4100845030802818e-06
}