{
    "C_60": 2234085.683509292,
    "C_60_err": 0.022669277912223396,
    "C_99_103": 6632.197776786189,
    "C_99_103_err": 2.9388456072654107e-05,
    "O_Am241": 336.8545026399799,
    "O_Am241_err": 3.729772743759745e-06
}