{
    "C_60": 2478994.859639112,
    "C_60_err": 0.024828333831022897,
    "C_99_103": 6704.989674885862,
    "C_99_103_err": 2.9124322870362337e-05,
    "O_Am241": 369.7238891991749,
    "O_Am241_err": 4.036217817997768e-06
}