{
    "C_60": 2750983.0106913797,
    "C_60_err": 0.027664128546958655,
    "C_99_103": 7004.072447777906,
    "C_99_103_err": 3.0163273605264932e-05,
    "O_Am241": 392.7690684530468,
    "O_Am241_err": 4.296670065521077e-06
}