{
    "cuspEmax_ctc": {
        "resolution": [
            0.2623352328320716,
            0.0017691824313370785,
            1.7980567749422677e-24
        ],
        "calibration": [
            0.0627424669724285,
            -0.11778503263962045
        ]
    }
}