{
    "FCCD": 1.0239997856502272,
    "FCCD_err_up": 0.06678710709803215,
    "FCCD_err_low": 0.07987001533266136,
    "O_Am241_data": 25.84056612127903,
    "O_Am241_data_err": 0.11889491302289969,
    "a": 57.04617122422738,
    "a_err": 2.9440030541289204
}