{
    "FCCD": 1.3635509905488508,
    "FCCD_err_up": 0.06621987993144152,
    "FCCD_err_low": 0.0825475571560943,
    "O_Am241_data": 19.872799923962194,
    "O_Am241_data_err": 0.1029280885910688,
    "a": 57.04617122422738,
    "a_err": 2.9440030541289204
}