{
    "FCCD": 0.9892653564598772,
    "FCCD_err_up": 0.07031114541259464,
    "FCCD_err_low": 0.0776914145943961,
    "O_Am241_data": 26.58123729544217,
    "O_Am241_data_err": 0.13581521204533778,
    "a": 57.085869362788635,
    "a_err": 2.9363423227748484
}