{
    "FCCD": 1.022195409303641,
    "FCCD_err_up": 0.06975672238841524,
    "FCCD_err_low": 0.07735224513277239,
    "O_Am241_data": 25.84367576698947,
    "O_Am241_data_err": 0.12790795493685175,
    "a": 57.085869362788635,
    "a_err": 2.9363423227748484
}