{
    "FCCD": 0.9370925229174807,
    "FCCD_err_up": 0.07137627084440656,
    "FCCD_err_low": 0.07646305730478709,
    "O_Am241_data": 27.661605956308634,
    "O_Am241_data_err": 0.13997775954500372,
    "a": 57.085869362788635,
    "a_err": 2.9363423227748484
}