{
    "FCCD": 0.9712194428661481,
    "FCCD_err_up": 0.07119774497615683,
    "FCCD_err_low": 0.07659877670448134,
    "O_Am241_data": 26.93383556665751,
    "O_Am241_data_err": 0.13592228372717421,
    "a": 57.085869362788635,
    "a_err": 2.9363423227748484
}