{
    "FCCD": 1.0813129226845553,
    "FCCD_err_up": 0.0710975045993747,
    "FCCD_err_low": 0.07762239933100945,
    "O_Am241_data": 24.767936569594813,
    "O_Am241_data_err": 0.13005917851435397,
    "a": 57.085869362788635,
    "a_err": 2.9363423227748484
}