{
    "FCCD": 1.3804068113922585,
    "FCCD_err_up": 0.06948341852233852,
    "FCCD_err_low": 0.08002656672581487,
    "O_Am241_data": 19.6374443026939,
    "O_Am241_data_err": 0.10763250436711702,
    "a": 57.085869362788635,
    "a_err": 2.9363423227748484
}