{
    "FCCD": 1.0976144895164686,
    "FCCD_err_up": 0.06925488664931745,
    "FCCD_err_low": 0.07752914867613825,
    "O_Am241_data": 24.346614066294567,
    "O_Am241_data_err": 0.1128717074645502,
    "a": 57.04617122422738,
    "a_err": 2.9440030541289204
}