{
    "FCCD": 1.0294557946413385,
    "FCCD_err_up": 0.07294044419332657,
    "FCCD_err_low": 0.07490244023457093,
    "O_Am241_data": 25.726018006918057,
    "O_Am241_data_err": 0.12815614308058196,
    "a": 57.085869362788635,
    "a_err": 2.9363423227748484
}