{
    "FCCD": 0.5502867071505305,
    "FCCD_err_up": 0.07127704832329573,
    "FCCD_err_low": 0.07757789384711133,
    "O_Am241_data": 37.36034136216282,
    "O_Am241_data_err": 0.2098872969115717,
    "a": 57.085869362788635,
    "a_err": 2.9363423227748484
}