{
    "FCCD": 1.129917914908863,
    "FCCD_err_up": 0.07042005608149737,
    "FCCD_err_low": 0.07774566535213667,
    "O_Am241_data": 23.802982308583804,
    "O_Am241_data_err": 0.1231542326331764,
    "a": 57.085869362788635,
    "a_err": 2.9363423227748484
}