{
    "FCCD": 0.892560476680728,
    "FCCD_err_up": 0.07003973656450502,
    "FCCD_err_low": 0.07695604481433482,
    "O_Am241_data": 28.566933208192776,
    "O_Am241_data_err": 0.14333103899842628,
    "a": 57.085869362788635,
    "a_err": 2.9363423227748484
}