{
    "FCCD": 1.1549982649218429,
    "FCCD_err_up": 0.06850906832453063,
    "FCCD_err_low": 0.07917888241505211,
    "O_Am241_data": 23.336916928416965,
    "O_Am241_data_err": 0.11856595805028977,
    "a": 57.085869362788635,
    "a_err": 2.9363423227748484
}