{
    "FCCD": 0.9785507998290289,
    "FCCD_err_up": 0.06920340875823594,
    "FCCD_err_low": 0.0781598878740628,
    "O_Am241_data": 26.77297589334778,
    "O_Am241_data_err": 0.13401690048966633,
    "a": 57.085869362788635,
    "a_err": 2.9363423227748484
}