{
    "FCCD": 1.0223135449676373,
    "FCCD_err_up": 0.07116782878856687,
    "FCCD_err_low": 0.07717945969100792,
    "O_Am241_data": 25.850748023735935,
    "O_Am241_data_err": 0.1383287319548173,
    "a": 57.085869362788635,
    "a_err": 2.9363423227748484
}