{
    "FCCD": 1.0930480003098804,
    "FCCD_err_up": 0.07293474270815659,
    "FCCD_err_low": 0.07597024225528903,
    "O_Am241_data": 24.511902318229986,
    "O_Am241_data_err": 0.1302746692126019,
    "a": 57.085869362788635,
    "a_err": 2.9363423227748484
}