{
    "FCCD": 0.5698737034436704,
    "FCCD_err_up": 0.07067369748542074,
    "FCCD_err_low": 0.07621563305188256,
    "O_Am241_data": 36.74108253968484,
    "O_Am241_data_err": 0.184418365661183,
    "a": 57.085869362788635,
    "a_err": 2.9363423227748484
}