{
    "FCCD": 0.9450400367480212,
    "FCCD_err_up": 0.06702702196286037,
    "FCCD_err_low": 0.07894049830455485,
    "O_Am241_data": 27.351593604610272,
    "O_Am241_data_err": 0.1288215702894318,
    "a": 57.04617122422738,
    "a_err": 2.9440030541289204
}