{
    "FCCD": -7.801744690626942,
    "FCCD_err_up": -11.585011845372373,
    "FCCD_err_low": -12.223348645007626,
    "O_Am241_data": 54.947993932633494,
    "O_Am241_data_err": 0.3829229158960652,
    "a": 57.085869362788635,
    "a_err": 2.9363423227748484
}