{
    "FCCD": 1.3652994129002403,
    "FCCD_err_up": 0.07038132324841562,
    "FCCD_err_low": 0.078809887119075,
    "O_Am241_data": 19.832221064267543,
    "O_Am241_data_err": 0.10765255451244343,
    "a": 57.085869362788635,
    "a_err": 2.9363423227748484
}