{
    "FCCD": 1.0116901657973887,
    "FCCD_err_up": 0.07489918785159722,
    "FCCD_err_low": 0.0828419493201985,
    "O_Am241_data": 26.091157438682377,
    "O_Am241_data_err": 0.23436381717481727,
    "a": 57.085869362788635,
    "a_err": 2.9363423227748484
}