{
    "FCCD": 0.38365299940295294,
    "FCCD_err_up": 0.13531047291970055,
    "FCCD_err_low": -0.057811305628961196,
    "O_Am241_data": 28.128735073229063,
    "O_Am241_data_err": 0.13712099587467713,
    "a": 57.085869362788635,
    "a_err": 2.9363423227748484
}