{
    "FCCD": 1.025469593279695,
    "FCCD_err_up": 0.069711716386615,
    "FCCD_err_low": 0.07729791705346867,
    "O_Am241_data": 25.76076445429276,
    "O_Am241_data_err": 0.12762501178581315,
    "a": 57.085869362788635,
    "a_err": 2.9363423227748484
}