{
    "FCCD": 1.2681868707850108,
    "FCCD_err_up": 0.06807040696692224,
    "FCCD_err_low": 0.08010644495381003,
    "O_Am241_data": 21.361923717127027,
    "O_Am241_data_err": 0.11220492841857078,
    "a": 57.085869362788635,
    "a_err": 2.9363423227748484
}