{
    "FCCD": 0.9152345360391179,
    "FCCD_err_up": 0.07050194931765064,
    "FCCD_err_low": 0.07691653188419578,
    "O_Am241_data": 28.113433276022057,
    "O_Am241_data_err": 0.14087669697846752,
    "a": 57.085869362788635,
    "a_err": 2.9363423227748484
}