{
    "cuspEmax_ctc": {
        "resolution": [
            0.1091407081522806,
            0.001750850702570697,
            5.9237946125791005e-25
        ],
        "calibration": [
            0.0823622831582629,
            0.55587103323315
        ]
    }
}