{
    "cuspEmax_ctc": {
        "resolution": [
            0.11119441560609397,
            0.0016791345965372205,
            1.1725278810520775e-20
        ],
        "calibration": [
            0.082311570526697,
            0.5916095975382749
        ]
    }
}