{
    "cuspEmax_ctc": {
        "resolution": [
            0.4678750870265837,
            1.1034778824292387e-22,
            4.239565548044528e-06
        ],
        "calibration": [
            0.062212044747788645,
            1.650149391524318
        ]
    }
}