{
    "cuspEmax_ctc": {
        "resolution": [
            0.4160066842680096,
            1.0529965374999035e-16,
            9.88018741153297e-06
        ],
        "calibration": [
            0.06227321911803631,
            1.6017466307300714
        ]
    }
}