{
    "cuspEmax_ctc": {
        "resolution": [
            0.3608806728535349,
            0.0015327272810454224,
            7.779631546913999e-23
        ],
        "calibration": [
            0.06272711788954104,
            -0.06387488796651113
        ]
    }
}