{
    "cuspEmax_ctc": {
        "resolution": [
            0.35511552768528465,
            0.0014653978527580133,
            1.4469083167097596e-22
        ],
        "calibration": [
            0.06279319886568713,
            -0.17658590813827793
        ]
    }
}