{
    "cuspEmax_ctc": {
        "resolution": [
            0.38019290702635017,
            1.8268736509286184e-17,
            8.34288908941115e-06
        ],
        "calibration": [
            0.06279368687951481,
            0.037603596631180874
        ]
    }
}