{
    "cuspEmax_ctc": {
        "resolution": [
            0.4652373412536827,
            0.0010572333309922858,
            9.61689581522317e-22
        ],
        "calibration": [
            0.1579020556228231,
            0.27115388031918114
        ]
    }
}