{
    "V02160A": {
        "FCCD_ba": 0.6433023626153962,
        "FCCD_ba_err_up": 0.05380868316876142,
        "FCCD_ba_err_low": 0.05481736382541136
    },
    "V02160B": {
        "FCCD_ba": 0.6534449989877413,
        "FCCD_ba_err_up": 0.054003361473217826,
        "FCCD_ba_err_low": 0.05465818148848145,
        "FCCD_am": 0.5983894584959927,
        "FCCD_am_err_up": 0.05322542747413039,
        "FCCD_am_err_low": 0.05729845758569341
    },
    "V02162B": {
        "FCCD_ba": 0.6814413336881966,
        "FCCD_ba_err_up": 0.05357322446438928,
        "FCCD_ba_err_low": 0.053868217754815984
    },
    "V02166B": {
        "FCCD_ba": 0.7553930649717557,
        "FCCD_ba_err_up": 0.05318737007559504,
        "FCCD_ba_err_low": 0.053996627834344335,
        "FCCD_am": 0.5789079532651127,
        "FCCD_am_err_up": 0.053755980681058246,
        "FCCD_am_err_low": 0.058628302561180234
    },
    "V04199A": {
        "FCCD_ba": 1.1564338058245143,
        "FCCD_ba_err_up": 0.046800782442940614,
        "FCCD_ba_err_low": 0.05960407505915488,
        "FCCD_am": 1.050768038402247,
        "FCCD_am_err_up": 0.05376423028708466,
        "FCCD_am_err_low": 0.05827162799300167
    },
    "V04545A": {
        "FCCD_ba": 0.8594641649852173,
        "FCCD_ba_err_up": 0.052375320890285404,
        "FCCD_ba_err_low": 0.05353799156502825,
        "FCCD_am": 1.0506367914664871,
        "FCCD_am_err_up": 0.05235247580910629,
        "FCCD_am_err_low": 0.058489270008040606
    },
    "V04549A": {
        "FCCD_ba": 1.1222856763349294,
        "FCCD_ba_err_up": 0.05332358379148472,
        "FCCD_ba_err_low": 0.05392209982012042,
        "FCCD_am": 1.0401818952278472,
        "FCCD_am_err_up": 0.05746171400076405,
        "FCCD_am_err_low": 0.063957331714382
    },
    "V04549B": {
        "FCCD_ba": 1.1603131302959688,
        "FCCD_ba_err_up": 0.04851731953056637,
        "FCCD_ba_err_low": 0.05909488837433563,
        "FCCD_am": 1.1215574648706372,
        "FCCD_am_err_up": 0.055513754886934,
        "FCCD_am_err_low": 0.05695730882470196
    },
    "V05261A": {
        "FCCD_ba": 0.897876713396995,
        "FCCD_ba_err_up": 0.05017094254389587,
        "FCCD_ba_err_low": 0.0551680559414629
    },
    "V05261B": {
        "FCCD_ba": 1.013100567286033,
        "FCCD_ba_err_up": 0.04908841769316452,
        "FCCD_ba_err_low": 0.05639686109881503,
        "FCCD_am": 1.1584002770624007,
        "FCCD_am_err_up": 0.05299443315085828,
        "FCCD_am_err_low": 0.058840755521083477
    },
    "V05266A": {
        "FCCD_ba": 0.9129890575624773,
        "FCCD_ba_err_up": 0.05345605595402858,
        "FCCD_ba_err_low": 0.054145645449597546,
        "FCCD_am": 0.9997288491998826,
        "FCCD_am_err_up": 0.053763373454843943,
        "FCCD_am_err_low": 0.05764286235220717
    },
    "V05266B": {
        "FCCD_ba": 0.9077636364304171,
        "FCCD_ba_err_up": 0.05334850518868728,
        "FCCD_ba_err_low": 0.05418587525085927,
        "FCCD_am": 0.9656124423812722,
        "FCCD_am_err_up": 0.05393687488534793,
        "FCCD_am_err_low": 0.05749397468589168
    },
    "V05267A": {
        "FCCD_ba": 1.1295611121720899,
        "FCCD_ba_err_up": 0.054435093963911774,
        "FCCD_ba_err_low": 0.05478623691216589
    },
    "V05267B": {
        "FCCD_ba": 0.8124992232168737,
        "FCCD_ba_err_up": 0.04991305797346968,
        "FCCD_ba_err_low": 0.05452763517592829,
        "FCCD_am": 1.05793520742841,
        "FCCD_am_err_up": 0.055543646107467426,
        "FCCD_am_err_low": 0.055884249388040264
    },
    "V05268A": {
        "FCCD_ba": 0.9619926917047277,
        "FCCD_ba_err_up": 0.049576625366840155,
        "FCCD_ba_err_low": 0.055449484619660705,
        "FCCD_am": 1.0178038404278953,
        "FCCD_am_err_up": 0.05284814358640988,
        "FCCD_am_err_low": 0.05876298665768953
    },
    "V05268B": {
        "FCCD_ba": 0.8499295696406748,
        "FCCD_ba_err_up": 0.04934752500472395,
        "FCCD_ba_err_low": 0.056115692198460465
    },
    "V05612A": {
        "FCCD_ba": 1.3301219295130302,
        "FCCD_ba_err_up": 0.050199561501106826,
        "FCCD_ba_err_low": 0.05685402911632531,
        "FCCD_am": 1.4089304817779063,
        "FCCD_am_err_up": 0.052023243401237096,
        "FCCD_am_err_low": 0.061134262411520535
    },
    "V05612B": {
        "FCCD_ba": 0.890832714890146,
        "FCCD_ba_err_up": 0.04837946321165054,
        "FCCD_ba_err_low": 0.05624940107792131,
        "FCCD_am": 0.9437263776624326,
        "FCCD_am_err_up": 0.05307140493588425,
        "FCCD_am_err_low": 0.058001848012772306
    },
    "V07298B": {
        "FCCD_ba": 0.8682569484290249,
        "FCCD_ba_err_up": 0.05338051849851155,
        "FCCD_ba_err_low": 0.05428877445206681,
        "FCCD_am": 1.007048157496557,
        "FCCD_am_err_up": 0.05175626402378519,
        "FCCD_am_err_low": 0.05929773338527178
    },
    "V07302A": {
        "FCCD_ba": 0.9798122536236072,
        "FCCD_ba_err_up": 0.05379449623610577,
        "FCCD_ba_err_low": 0.05471615370026439,
        "FCCD_am": 1.1834692291755657,
        "FCCD_am_err_up": 0.051074731088859515,
        "FCCD_am_err_low": 0.060348124359963284
    },
    "V07302B": {
        "FCCD_ba": 0.8567852329782288,
        "FCCD_ba_err_up": 0.053830112627090254,
        "FCCD_ba_err_low": 0.05500367822723906,
        "FCCD_am": 0.9209887204653365,
        "FCCD_am_err_up": 0.0526443193516718,
        "FCCD_am_err_low": 0.058098517471017685
    },
    "V07647A": {
        "FCCD_ba": 1.2216903679323268,
        "FCCD_ba_err_up": 0.053747000780928644,
        "FCCD_ba_err_low": 0.05483852031528502,
        "FCCD_am": 1.2966356933372019,
        "FCCD_am_err_up": 0.050646786302527724,
        "FCCD_am_err_low": 0.06130223478701935
    },
    "V07647B": {
        "FCCD_ba": 0.7459198534247455,
        "FCCD_ba_err_up": 0.054619833224064385,
        "FCCD_ba_err_low": 0.05565130545900743,
        "FCCD_am": 1.0538868511841517,
        "FCCD_am_err_up": 0.05232236153225345,
        "FCCD_am_err_low": 0.058450563661160304
    },
    "V08682A": {
        "FCCD_ba": 0.993307412368141,
        "FCCD_ba_err_up": 0.04852174280181398,
        "FCCD_ba_err_low": 0.05583930444664709,
        "FCCD_am": 1.1098672798588731,
        "FCCD_am_err_up": 0.05363123306463646,
        "FCCD_am_err_low": 0.05865648948148139
    },
    "V08682B": {
        "FCCD_ba": 1.3477312911555845,
        "FCCD_ba_err_up": 0.05546341263239962,
        "FCCD_ba_err_low": 0.05639590072334033,
        "FCCD_am": 1.3937742794863262,
        "FCCD_am_err_up": 0.0529592077583112,
        "FCCD_am_err_low": 0.05991430872193848
    },
    "V09374A": {
        "FCCD_ba": 0.9062094298138345,
        "FCCD_ba_err_up": 0.048745036681358656,
        "FCCD_ba_err_low": 0.05427671377810861,
        "FCCD_am": 1.0725992361451089,
        "FCCD_am_err_up": 0.04807361450983416,
        "FCCD_am_err_low": 0.05995005251964525
    },
    "V09724A": {
        "FCCD_ba": 0.9287315551805061,
        "FCCD_ba_err_up": 0.04873590983968146,
        "FCCD_ba_err_low": 0.05434276497518131,
        "FCCD_am": 1.1269357135237639,
        "FCCD_am_err_up": 0.051649926994003836,
        "FCCD_am_err_low": 0.05845736858996542
    },
    "V09372A": {
        "FCCD_ba": 0.8758764678252026,
        "FCCD_ba_err_up": 0.04648133464026971,
        "FCCD_ba_err_low": 0.05422525506259279,
        "FCCD_am": 0.9933595137506795,
        "FCCD_am_err_up": 0.048427256436500365,
        "FCCD_am_err_low": 0.059120278209557675
    }
}