{
    "V04549B": {
        "FCCD_ba": 1.1448240161027416,
        "FCCD_ba_err_up": 0.10753583716457626,
        "FCCD_ba_err_low": 0.11614253514274342,
        "FCCD_ba_err_corr_up": 0.04833343824145464,
        "FCCD_ba_err_corr_low": 0.058843345620499976,
        "FCCD_ba_err_uncorr_up": 0.059358394125670566,
        "FCCD_ba_err_uncorr_low": 0.06740945243566365,
        "FCCD_am1": 1.1516018706805433,
        "FCCD_am1_err_up": 0.04704075281344755,
        "FCCD_am1_err_low": 0.047766580555124616,
        "FCCD_am1_err_corr_up": 0.033179727615576304,
        "FCCD_am1_err_corr_low": 0.03405236706582704,
        "FCCD_am1_err_uncorr_up": 0.013861025197871246,
        "FCCD_am1_err_uncorr_low": 0.0137142134892978,
        "FCCD_am6": 1.306981946208643,
        "FCCD_am6_err_up": 0.03583054019400711,
        "FCCD_am6_err_low": 0.04595226938518793,
        "FCCD_am6_err_corr_up": 0.03065292516388407,
        "FCCD_am6_err_corr_low": 0.040586537697332004,
        "FCCD_am6_err_uncorr_up": 0.015432249332287595,
        "FCCD_am6_err_uncorr_low": 0.02457580831215922
    },
    "V07298B": {
        "FCCD_ba": 0.8682566575270921,
        "FCCD_ba_err_up": 0.06802699085236952,
        "FCCD_ba_err_low": 0.0688890223251094,
        "FCCD_ba_err_corr_up": 0.05325771069957941,
        "FCCD_ba_err_corr_low": 0.054164882490979505,
        "FCCD_ba_err_uncorr_up": 0.021506613567438326,
        "FCCD_ba_err_uncorr_low": 0.02133814809430523,
        "FCCD_am1": 1.0254455877624167,
        "FCCD_am1_err_up": 0.0459199664566865,
        "FCCD_am1_err_low": 0.04664944379040581,
        "FCCD_am1_err_corr_up": 0.03279882542539836,
        "FCCD_am1_err_corr_low": 0.03366144700323914,
        "FCCD_am1_err_uncorr_up": 0.013121141031288142,
        "FCCD_am1_err_uncorr_low": 0.012987996787166445,
        "FCCD_am6": 1.0058834539015835,
        "FCCD_am6_err_up": 0.06441826977327314,
        "FCCD_am6_err_low": 0.0695434243316414,
        "FCCD_am6_err_corr_up": 0.06022631931923317,
        "FCCD_am6_err_corr_low": 0.06528268095929601,
        "FCCD_am6_err_uncorr_up": 0.04235561333094395,
        "FCCD_am6_err_uncorr_low": 0.04640088717923707
    },
    "V07302A": {
        "FCCD_ba": 0.9798117219009949,
        "FCCD_ba_err_up": 0.07017090093620981,
        "FCCD_ba_err_low": 0.07099997800791846,
        "FCCD_ba_err_corr_up": 0.05363256891973356,
        "FCCD_ba_err_corr_low": 0.054552650146344694,
        "FCCD_ba_err_uncorr_up": 0.022371964092037344,
        "FCCD_ba_err_uncorr_low": 0.022164743433937928,
        "FCCD_am1": 1.211814918759766,
        "FCCD_am1_err_up": 0.04509330171037229,
        "FCCD_am1_err_low": 0.04585289507631618,
        "FCCD_am1_err_corr_up": 0.03308712664117763,
        "FCCD_am1_err_corr_low": 0.03395733065059714,
        "FCCD_am1_err_uncorr_up": 0.012006175069194658,
        "FCCD_am1_err_uncorr_low": 0.01189556442571904,
        "FCCD_am6": 1.1153518488045822,
        "FCCD_am6_err_up": 0.052825953430690076,
        "FCCD_am6_err_low": 0.06011625560034162,
        "FCCD_am6_err_corr_up": 0.048806286167191404,
        "FCCD_am6_err_corr_low": 0.055946323819658694,
        "FCCD_am6_err_uncorr_up": 0.03048970945646734,
        "FCCD_am6_err_uncorr_low": 0.036761800881528695
    },
    "V07302B": {
        "FCCD_ba": 0.8567851069052383,
        "FCCD_ba_err_up": 0.0683473954376177,
        "FCCD_ba_err_low": 0.0694748462540431,
        "FCCD_ba_err_corr_up": 0.05367690014380111,
        "FCCD_ba_err_corr_low": 0.05484959282305035,
        "FCCD_ba_err_uncorr_up": 0.02167877158339393,
        "FCCD_ba_err_uncorr_low": 0.02176458513161106,
        "FCCD_am1": 0.9496971873739345,
        "FCCD_am1_err_up": 0.04441633708331105,
        "FCCD_am1_err_low": 0.04518634875582539,
        "FCCD_am1_err_corr_up": 0.03305168302614814,
        "FCCD_am1_err_corr_low": 0.03392095485501734,
        "FCCD_am1_err_uncorr_up": 0.011364654057163137,
        "FCCD_am1_err_uncorr_low": 0.011265393900807719,
        "FCCD_am6": 1.0119247492322638,
        "FCCD_am6_err_up": 0.05409192561460552,
        "FCCD_am6_err_low": 0.060113806003161296,
        "FCCD_am6_err_corr_up": 0.049519487652621486,
        "FCCD_am6_err_corr_low": 0.05547368165224997,
        "FCCD_am6_err_uncorr_up": 0.03237223519341703,
        "FCCD_am6_err_uncorr_low": 0.037316578120841104
    },
    "V07647A": {
        "FCCD_ba": 1.2216907478183232,
        "FCCD_ba_err_up": 0.06656246777638941,
        "FCCD_ba_err_low": 0.06759716554076212,
        "FCCD_ba_err_corr_up": 0.05357358814103197,
        "FCCD_ba_err_corr_low": 0.054665604256124656,
        "FCCD_ba_err_uncorr_up": 0.018602895094496308,
        "FCCD_ba_err_uncorr_low": 0.018577484443773162,
        "FCCD_am1": 1.3138183918533803,
        "FCCD_am1_err_up": 0.04572989815572859,
        "FCCD_am1_err_low": 0.04646241100290749,
        "FCCD_am1_err_corr_up": 0.0327833672056681,
        "FCCD_am1_err_corr_low": 0.033645582226454085,
        "FCCD_am1_err_uncorr_up": 0.012946530950060264,
        "FCCD_am1_err_uncorr_low": 0.012816828776453626,
        "FCCD_am6": 1.414121174293735,
        "FCCD_am6_err_up": 0.050284246603008675,
        "FCCD_am6_err_low": 0.06701162530374694,
        "FCCD_am6_err_corr_up": 0.045768698352941506,
        "FCCD_am6_err_corr_low": 0.062337425290795334,
        "FCCD_am6_err_uncorr_up": 0.02865747702315047,
        "FCCD_am6_err_uncorr_low": 0.04434575005085728
    },
    "V07647B": {
        "FCCD_ba": 0.7459307078628825,
        "FCCD_ba_err_up": 0.0701463572779486,
        "FCCD_ba_err_low": 0.07110568943648776,
        "FCCD_ba_err_corr_up": 0.05449536224586338,
        "FCCD_ba_err_corr_low": 0.05552135677077852,
        "FCCD_ba_err_uncorr_up": 0.021583234678415497,
        "FCCD_ba_err_uncorr_low": 0.021501916784856467,
        "FCCD_am1": 1.0830456445057886,
        "FCCD_am1_err_up": 0.044492258175670374,
        "FCCD_am1_err_low": 0.04526092243334334,
        "FCCD_am1_err_corr_up": 0.03305119954187541,
        "FCCD_am1_err_corr_low": 0.0339204586549251,
        "FCCD_am1_err_uncorr_up": 0.011441058633794743,
        "FCCD_am1_err_uncorr_low": 0.01134046377841802,
        "FCCD_am6": 0.9983552444306846,
        "FCCD_am6_err_up": 0.05137395127150979,
        "FCCD_am6_err_low": 0.06284071644907663,
        "FCCD_am6_err_corr_up": 0.03010254072478935,
        "FCCD_am6_err_corr_low": 0.041667195308290106,
        "FCCD_am6_err_uncorr_up": 0.0301120976869248,
        "FCCD_am6_err_uncorr_low": 0.040542195294475336
    },
    "V08682A": {
        "FCCD_ba": 0.9933337118581773,
        "FCCD_ba_err_up": 0.059699751972052795,
        "FCCD_ba_err_low": 0.06701111929508607,
        "FCCD_ba_err_corr_up": 0.048368631207857726,
        "FCCD_ba_err_corr_low": 0.05573908607691158,
        "FCCD_ba_err_uncorr_up": 0.013713546024473056,
        "FCCD_ba_err_uncorr_low": 0.02010450983747103,
        "FCCD_am1": 1.1381254384346393,
        "FCCD_am1_err_up": 0.04628482949910406,
        "FCCD_am1_err_low": 0.04702612604026979,
        "FCCD_am1_err_corr_up": 0.033179092571238966,
        "FCCD_am1_err_corr_low": 0.03405171531958229,
        "FCCD_am1_err_uncorr_up": 0.013105736927865097,
        "FCCD_am1_err_uncorr_low": 0.012974410720687723,
        "FCCD_am6": 1.1858358791264323,
        "FCCD_am6_err_up": 0.0498838808989055,
        "FCCD_am6_err_low": 0.056852377766994255,
        "FCCD_am6_err_corr_up": 0.03258643744715051,
        "FCCD_am6_err_corr_low": 0.039549972829510116,
        "FCCD_am6_err_uncorr_up": 0.027570893760701987,
        "FCCD_am6_err_uncorr_low": 0.03352224445791885
    },
    "V08682B": {
        "FCCD_ba": 1.347730372568884,
        "FCCD_ba_err_up": 0.07190039410824922,
        "FCCD_ba_err_low": 0.07274422591689533,
        "FCCD_ba_err_corr_up": 0.05531495904484518,
        "FCCD_ba_err_corr_low": 0.056245625545441325,
        "FCCD_ba_err_uncorr_up": 0.023852866434527442,
        "FCCD_ba_err_uncorr_low": 0.02364279428616345,