{
    "V02160A": {
        "FCCD_ba": 0.6482393374830786,
        "FCCD_ba_err_up": 0.07417223259448869,
        "FCCD_ba_err_low": 0.0750211846962957,
        "FCCD_ba_err_corr_up": 0.05369480229103729,
        "FCCD_ba_err_corr_low": 0.054699669962277264,
        "FCCD_ba_err_uncorr_up": 0.02739931161907294,
        "FCCD_ba_err_uncorr_low": 0.02726518198449912
    },
    "V02160B": {
        "FCCD_ba": 0.6561419698875735,
        "FCCD_ba_err_up": 0.06974623389459522,
        "FCCD_ba_err_low": 0.07033450691017085,
        "FCCD_ba_err_corr_up": 0.05389790893996227,
        "FCCD_ba_err_corr_low": 0.054548776090944884,
        "FCCD_ba_err_uncorr_up": 0.02348693531262014,
        "FCCD_ba_err_uncorr_low": 0.023062544858269196,
        "FCCD_am1": 0.6263494561576082,
        "FCCD_am1_err_up": 0.0451019017729406,
        "FCCD_am1_err_low": 0.0458627578253048,
        "FCCD_am1_err_corr_up": 0.033116763251631265,
        "FCCD_am1_err_corr_low": 0.033987746715172684,
        "FCCD_am1_err_uncorr_up": 0.011985138521309557,
        "FCCD_am1_err_uncorr_low": 0.011875011110132117
    },
    "V02162B": {
        "FCCD_ba": 0.6930170049523673,
        "FCCD_ba_err_up": 0.0706688594825533,
        "FCCD_ba_err_low": 0.07087658725037682,
        "FCCD_ba_err_corr_up": 0.05347685257530732,
        "FCCD_ba_err_corr_low": 0.05373257234357265,
        "FCCD_ba_err_uncorr_up": 0.024326400510057855,
        "FCCD_ba_err_uncorr_low": 0.023425005864014525
    },
    "V02166B": {
        "FCCD_ba": 0.761995054280591,
        "FCCD_ba_err_up": 0.06899767413220537,
        "FCCD_ba_err_low": 0.06972524658573065,
        "FCCD_ba_err_corr_up": 0.0530811313342191,
        "FCCD_ba_err_corr_low": 0.053883926516329006,
        "FCCD_ba_err_uncorr_up": 0.021759573851324765,
        "FCCD_ba_err_uncorr_low": 0.021466666096506826,
        "FCCD_am1": 0.608547698072481,
        "FCCD_am1_err_up": 0.04868208163228693,
        "FCCD_am1_err_low": 0.04937929856279932,
        "FCCD_am1_err_corr_up": 0.03332480515049041,
        "FCCD_am1_err_corr_low": 0.03420126019506342,
        "FCCD_am1_err_uncorr_up": 0.015357276481796633,
        "FCCD_am1_err_uncorr_low": 0.015178038367735902
    },
    "V04199A": {
        "FCCD_ba": 1.1556559226376497,
        "FCCD_ba_err_up": 0.06173909643790987,
        "FCCD_ba_err_low": 0.07453706731857945,
        "FCCD_ba_err_corr_up": 0.04661097164400263,
        "FCCD_ba_err_corr_low": 0.059524266737829956,
        "FCCD_ba_err_uncorr_up": 0.014754490639787177,
        "FCCD_ba_err_uncorr_low": 0.026625146806389388,
        "FCCD_am1": 1.0854469988541153,
        "FCCD_am1_err_up": 0.04673670318054346,
        "FCCD_am1_err_low": 0.047473094118615666,
        "FCCD_am1_err_corr_up": 0.03326260911463663,
        "FCCD_am1_err_corr_low": 0.034137428379821255,
        "FCCD_am1_err_uncorr_up": 0.01347409406590705,
        "FCCD_am1_err_uncorr_low": 0.013335665738793967
    },
    "V04545A": {
        "FCCD_ba": 0.8594930378279284,
        "FCCD_ba_err_up": 0.0746743735313461,
        "FCCD_ba_err_low": 0.07565612024091783,
        "FCCD_ba_err_corr_up": 0.05227037922360167,
        "FCCD_ba_err_corr_low": 0.05343259637845299,
        "FCCD_ba_err_uncorr_up": 0.028303775385579488,
        "FCCD_ba_err_uncorr_low": 0.028301756359818242,
        "FCCD_am1": 1.0775633815127597,
        "FCCD_am1_err_up": 0.04412612225498935,
        "FCCD_am1_err_low": 0.04489920476154219,
        "FCCD_am1_err_corr_up": 0.03301022096936701,
        "FCCD_am1_err_corr_low": 0.03387840233038086,
        "FCCD_am1_err_uncorr_up": 0.011115901285622565,
        "FCCD_am1_err_uncorr_low": 0.011020802431161325
    },
    "V04549A": {
        "FCCD_ba": 1.114030063587831,
        "FCCD_ba_err_up": 0.06423516699287557,
        "FCCD_ba_err_low": 0.06479228970003104,
        "FCCD_ba_err_corr_up": 0.053165701344654925,
        "FCCD_ba_err_corr_low": 0.05376547174592772,
        "FCCD_ba_err_uncorr_up": 0.015762134777602688,
        "FCCD_ba_err_uncorr_low": 0.015224224586630308,
        "FCCD_am1": 1.0681862154974233,
        "FCCD_am1_err_up": 0.053832345155900185,
        "FCCD_am1_err_low": 0.0543753827132456,
        "FCCD_am1_err_corr_up": 0.03310008796795083,
        "FCCD_am1_err_corr_low": 0.033970632865192085,
        "FCCD_am1_err_uncorr_up": 0.020732257187949577,
        "FCCD_am1_err_uncorr_low": 0.020404749848053294
    },
    "V04549B": {
        "FCCD_ba": 1.1448240161027416,
        "FCCD_ba_err_up": 0.10753583716457626,
        "FCCD_ba_err_low": 0.11614253514274342,
        "FCCD_ba_err_corr_up": 0.04833343824145464,
        "FCCD_ba_err_corr_low": 0.058843345620499976,
        "FCCD_ba_err_uncorr_up": 0.059358394125670566,
        "FCCD_ba_err_uncorr_low": 0.06740945243566365,
        "FCCD_am1": 1.1516018706805433,
        "FCCD_am1_err_up": 0.04704075281344755,
        "FCCD_am1_err_low": 0.047766580555124616,
        "FCCD_am1_err_corr_up": 0.033179727615576304,
        "FCCD_am1_err_corr_low": 0.03405236706582704,
        "FCCD_am1_err_uncorr_up": 0.013861025197871246,
        "FCCD_am1_err_uncorr_low": 0.0137142134892978
    },
    "V05261A": {
        "FCCD_ba": 0.897892125266017,
        "FCCD_ba_err_up": 0.0649574077457592,
        "FCCD_ba_err_low": 0.06990775473743249,
        "FCCD_ba_err_corr_up": 0.050031790328012415,
        "FCCD_ba_err_corr_low": 0.0550596310861966,
        "FCCD_ba_err_uncorr_up": 0.018444993382038644,
        "FCCD_ba_err_uncorr_low": 0.02241427249341077
    },
    "V05261B": {
        "FCCD_ba": 1.0131293640022074,
        "FCCD_ba_err_up": 0.06906410062567092,
        "FCCD_ba_err_low": 0.07621572481904393,
        "FCCD_ba_err_corr_up": 0.04891683007983416,
        "FCCD_ba_err_corr_low": 0.05628329339807303,
        "FCCD_ba_err_uncorr_up": 0.022961187435561303,
        "FCCD_ba_err_uncorr_low": 0.029226141744700174,
        "FCCD_am1": 1.1864749176125493,
        "FCCD_am1_err_up": 0.04591295968537379,
        "FCCD_am1_err_low": 0.04665728096195676,
        "FCCD_am1_err_corr_up": 0.0330925037601324,
        "FCCD_am1_err_corr_low": 0.03396284918982495,
        "FCCD_am1_err_uncorr_up": 0.012820455925241392,
        "FCCD_am1_err_uncorr_low": 0.012694431772131809
    },
    "V05266A": {
        "FCCD_ba": 0.9129881741627218,
        "FCCD_ba_err_up": 0.07913845692337373,
        "FCCD_ba_err_low": 0.0795679576989865,
        "FCCD_ba_err_corr_up": 0.05333435300073974,
        "FCCD_ba_err_corr_low": 0.05402171401567779,
        "FCCD_ba_err_uncorr_up": 0.03148114946376257,
        "FCCD_ba_err_uncorr_low": 0.030931988588289938,
        "FCCD_am1": 1.024516223971166,
        "FCCD_am1_err_up": 0.046097354880318075,
        "FCCD_am1_err_low": 0.04683420605346711,
        "FCCD_am1_err_corr_up": 0.0330159625391675,
        "FCCD_am1_err_corr_low": 0.03388429490564948,
        "FCCD_am1_err_uncorr_up": 0.0130813923411508,
        "FCCD_am1_err_uncorr_low": 0.012949911147817517
    },
    "V05266B": {
        "FCCD_ba": 0.9077636210220695,
        "FCCD_ba_err_up": 0.06996051141115878,
        "FCCD_ba_err_low": 0.07072472680541386,
        "FCCD_ba_err_corr_up": 0.05322613820614297,
        "FCCD_ba_err_corr_low": 0.05406301834645122,
        "FCCD_ba_err_uncorr_up": 0.024032674570780288,
        "FCCD_ba_err_uncorr_low": 0.023776591705947925,
        "FCCD_am1": 0.9959288882531392,
        "FCCD_am1_err_up": 0.04394913435223735,
        "FCCD_am1_err_low": 0.0447342303272843,
        "FCCD_am1_err_corr_up": 0.03320818573612727,
        "FCCD_am1_err_corr_low": 0.03408157364576725,
        "FCCD_am1_err_uncorr_up": 0.01074094861611008,
        "FCCD_am1_err_uncorr_low": 0.01065265668151727
    },
    "V05267A": {
        "FCCD_ba": 1.1335434448192685,
        "FCCD_ba_err_up": 0.0887594603943882,
        "FCCD_ba_err_low": 0.08858015180706769,
        "FCCD_ba_err_corr_up": 0.05429267978898378,
        "FCCD_ba_err_corr_low": 0.05463682700691219,
        "FCCD_ba_err_uncorr_up": 0.03924523939901925,