{
    "Obs": 0.09302018112965219,
    "Obs_err": 0.009335118899854344
}