{
    "Obs": 0.08522523542622054,
    "Obs_err": 0.00890961961864067
}