{
    "Obs": 0.11936236391912908,
    "Obs_err": 0.010643787718525878
}