{
    "Obs": 0.10784007570380885,
    "Obs_err": 0.010095886511682459
}