{
    "Obs": 0.0807971151304611,
    "Obs_err": 0.08516364486964162
}