{
    "Obs": 0.08103516620420179,
    "Obs_err": 0.08538465977322089
}