{
    "Obs": 0.08099382634470505,
    "Obs_err": 0.08536368561825744
}