{
    "Obs": 0.10042430141465304,
    "Obs_err": 0.009726126427156968
}