{
    "Obs": 0.10233561980468833,
    "Obs_err": 0.014743868296335052
}