{
    "Obs": 0.0810300558827971,
    "Obs_err": 0.08539268718122872
}