{
    "Obs": 0.08093642327842536,
    "Obs_err": 0.08530029605091662
}