{
    "Obs": 0.09677114625252697,
    "Obs_err": 0.009539333718793919
}