{
    "Obs": 0.11502487562189055,
    "Obs_err": 0.010442494284540565
}