{
    "Obs": 0.08905079179328439,
    "Obs_err": 0.00912179950557573
}