{
    "Obs": 0.08100070804814725,
    "Obs_err": 0.08535631067996977
}