{
    "Obs": 0.11113741607401585,
    "Obs_err": 0.010256928402358515
}