{
    "Obs": 0.08113643871820281,
    "Obs_err": 0.08548654625418992
}