{
    "Obs": 0.08102444043764331,
    "Obs_err": 0.08538395295924493
}