{
    "Obs": 0.08097800434249039,
    "Obs_err": 0.08533871905940682
}