{
    "Obs": 0.1038877543302322,
    "Obs_err": 0.0099013474100299
}