{
    "Obs": 0.08109128669876332,
    "Obs_err": 0.08544852212402632
}