{
    "C_1173": 91787.46137723236,
    "C_1173_err": 344.9351202526604,
    "C_1332": 82509.60120728765,
    "C_1332_err": 195.11049603266414
}