{
    "C_1173": 74284.38322493383,
    "C_1173_err": 296.91431041257437,
    "C_1332": 8641.27690337939,
    "C_1332_err": 74.80680264231061
}