{
    "C_1173": 78414.57486627362,
    "C_1173_err": 282.26900804337845,
    "C_1332": 70644.1891598958,
    "C_1332_err": 246.7750576074466
}