{
    "C_1173": 84206.0595738597,
    "C_1173_err": 215.97671972981595,
    "C_1332": 75789.78538942095,
    "C_1332_err": 225.42025263007866
}