{
    "C_1173": 98222.31801812815,
    "C_1173_err": 327.66793840329075,
    "C_1332": 88119.92023420449,
    "C_1332_err": 185.69972948500066
}