{
    "C_1173": 93433.68022323548,
    "C_1173_err": 299.164167970681,
    "C_1332": 83879.78642637846,
    "C_1332_err": 245.50232265926869
}