{
    "C_1173": 77067.11097243546,
    "C_1173_err": 263.28583414198835,
    "C_1332": 69441.37129101247,
    "C_1332_err": 193.29766233528883
}