{
    "C_1173": 74970.45415204368,
    "C_1173_err": 321.78814506589583,
    "C_1332": 67253.28166962623,
    "C_1332_err": 331.7063653289348
}