{
    "C_1173": 74330.91611507414,
    "C_1173_err": 280.93809054503123,
    "C_1332": 67001.57552956822,
    "C_1332_err": 209.34264120439323
}