{
    "C_1173": 91838.14135712065,
    "C_1173_err": 309.6371284417376,
    "C_1332": 82506.15044541033,
    "C_1332_err": 195.961823475943
}