{
    "C_1173": 87909.06701445443,
    "C_1173_err": 254.8146143564506,
    "C_1332": 79092.40393387369,
    "C_1332_err": 215.9705244743289
}