{
    "C_1173": 70336.15844655078,
    "C_1173_err": 270.7484135852767,
    "C_1332": 63421.15858716338,
    "C_1332_err": 260.48938343315814
}