{
    "C_1173": 77085.16033622237,
    "C_1173_err": 258.04233553835746,
    "C_1332": 69441.55461675138,
    "C_1332_err": 212.57792554361384
}