{
    "C_1173": 87213.09486285383,
    "C_1173_err": 323.12853527791947,
    "C_1332": 78449.75310713214,
    "C_1332_err": 246.7403266999758
}