{
    "C_1173": 100077.27384636927,
    "C_1173_err": 318.1537051319859,
    "C_1332": 89731.81332588421,
    "C_1332_err": 307.3856727716858
}