{
    "C_1173": 80662.47142903027,
    "C_1173_err": 239.88585927064364,
    "C_1332": 72507.05707615105,
    "C_1332_err": 221.57069635263198
}