{
    "C_1173": 75655.10988176429,
    "C_1173_err": 259.8555263498598,
    "C_1332": 68231.61260431759,
    "C_1332_err": 169.20903755828846
}