{
    "C_1173": 95821.46902753095,
    "C_1173_err": 291.2652262521387,
    "C_1332": 85987.95581321829,
    "C_1332_err": 317.69051383713276
}