{
    "C_1173": 74289.26899505967,
    "C_1173_err": 322.8638197093579,
    "C_1332": 8661.949641785324,
    "C_1332_err": 67.2135237431
}