{
    "C_1173": 79912.85226457629,
    "C_1173_err": 265.0888996354011,
    "C_1332": 71868.6801599735,
    "C_1332_err": 236.56063459431917
}