{
    "C_1173": 74284.36150928144,
    "C_1173_err": 275.7383716052463,
    "C_1332": 66614.68164828447,
    "C_1332_err": 316.03383377843494
}