{
    "C_1173": 85716.13492559646,
    "C_1173_err": 308.8728949429296,
    "C_1332": 77158.40337475519,
    "C_1332_err": 163.36251382494865
}