{
    "C_1173": 74270.46844652217,
    "C_1173_err": 310.46808703537437,
    "C_1332": 66610.09441435062,
    "C_1332_err": 327.19341036287364
}