{
    "C_1173": 88663.6426288824,
    "C_1173_err": 243.6626222896995,
    "C_1332": 79736.5291537579,
    "C_1332_err": 248.06539377835873
}