{
    "C_1173": 90226.9804690894,
    "C_1173_err": 273.28847255807665,
    "C_1332": 81135.38311666423,
    "C_1332_err": 225.37206967899888
}