{
    "C_1173": 72967.39459334066,
    "C_1173_err": 313.83761286545626,
    "C_1332": 65737.21342023148,
    "C_1332_err": 217.98131438669176
}