{
    "C_1173": 96643.89120510392,
    "C_1173_err": 350.9178537225582,
    "C_1332": 86715.00035619989,
    "C_1332_err": 273.6990232701213
}