{
    "C_1173": 95005.28020928666,
    "C_1173_err": 281.9464008985795,
    "C_1332": 85275.47409613944,
    "C_1332_err": 304.0863517740439
}