{
    "C_1173": 71641.73727191862,
    "C_1173_err": 298.72982433508923,
    "C_1332": 64562.20824827041,
    "C_1332_err": 233.9987999936714
}