{
    "C_1173": 74987.42135233701,
    "C_1173_err": 285.3693742255768,
    "C_1332": 67260.94270127399,
    "C_1332_err": 323.8816854910777
}