{
    "C_1173": 81392.24736349109,
    "C_1173_err": 304.25619071179585,
    "C_1332": 73154.05089415531,
    "C_1332_err": 232.26413790481573
}