{
    "C_1173": 84269.83893382545,
    "C_1173_err": 320.77824658410304,
    "C_1332": 75793.92675405457,
    "C_1332_err": 228.4415360205462
}