{
    "C_1173": 100084.7486609083,
    "C_1173_err": 342.68265810480864,
    "C_1332": 89734.7712165585,
    "C_1332_err": 228.84135184993
}