{
    "C_1173": 82767.56167782749,
    "C_1173_err": 294.89867021422015,
    "C_1332": 74500.91702496797,
    "C_1332_err": 235.83876139329192
}