{
    "C_79": 70351.01134696009,
    "C_79_err": 117.08917514835967,
    "C_81": 873414.4427604032,
    "C_81_err": 1453.6731556154841,
    "C_356": 953332.2117955148,
    "C_356_err": 2384.0733371434935,
    "C_161": 15721.381400969221,
    "C_161_err": 263.32297684329916,
    "C_223": 9563.746062944374,
    "C_223_err": 203.11631398782242,
    "C_276": 128761.872472743,
    "C_276_err": 314.33489413987036,
    "C_303": 318357.1673468499,
    "C_303_err": 599.4701291596332,
    "C_383": 137811.31853958333,
    "C_383_err": 788.9647092038991,
    "O_Ba133": 0.9899649276823098,
    "O_Ba133_err": 0.002910191173035789
}