{
    "C_79": 14863.19319055263,
    "C_79_err": 56.620781309574895,
    "C_81": 184527.94564874386,
    "C_81_err": 702.9523415415147,
    "C_356": 296505.19788393035,
    "C_356_err": 1043.6105245785398,
    "C_161": 4934.724151644817,
    "C_161_err": 138.95425746582745,
    "C_223": 2941.5214805331525,
    "C_223_err": 149.32778031719414,
    "C_276": 39618.262918516244,
    "C_276_err": 191.94510771357628,
    "C_303": 96585.04335065445,
    "C_303_err": 334.11499131355055,
    "C_383": 41295.37219508699,
    "C_383_err": 217.09348382385414,
    "O_Ba133": 0.6724709727259148,
    "O_Ba133_err": 0.003355493018388909
}