{
    "C_79": 17092.77872059498,
    "C_79_err": 49.4177703797849,
    "C_81": 212208.4603424771,
    "C_81_err": 613.526281318839,
    "C_356": 678274.3586384212,
    "C_356_err": 941.2867486082155,
    "C_161": 9418.80222741574,
    "C_161_err": 189.63150661495428,
    "C_223": NaN,
    "C_223_err": NaN,
    "C_276": 91471.4286739565,
    "C_276_err": 326.6157335573371,
    "C_303": 225788.74479869613,
    "C_303_err": 453.45766881000355,
    "C_383": 95434.88088758489,
    "C_383_err": 264.7605366728895,
    "O_Ba133": 0.3380656162845004,
    "O_Ba133_err": 0.0010215715941364024
}