{
    "C_79": 47794.47145520464,
    "C_79_err": 67.37617014803246,
    "C_81": 593372.8720287463,
    "C_81_err": 836.4815086302898,
    "C_356": 873284.0416949157,
    "C_356_err": 1723.0981184750392,
    "C_161": 13745.24387912173,
    "C_161_err": 213.5318626022762,
    "C_223": 8873.0205581175,
    "C_223_err": 156.7604361232661,
    "C_276": 117985.50076003812,
    "C_276_err": 353.6773243622564,
    "C_303": 291977.0101706389,
    "C_303_err": 501.4104777315027,
    "C_383": 124988.97934147566,
    "C_383_err": 380.63165769775395,
    "O_Ba133": 0.7342025193080817,
    "O_Ba133_err": 0.0017384178209640811
}