{
    "C_79": 54400.965867010025,
    "C_79_err": 89.8706381879508,
    "C_81": 675393.1234055202,
    "C_81_err": 1115.7524514655024,
    "C_356": 900287.6221559162,
    "C_356_err": 2067.6130217524915,
    "C_161": 14627.21429252168,
    "C_161_err": 246.5666486608725,
    "C_223": 9204.139244679123,
    "C_223_err": 188.28500435958819,
    "C_276": 121739.72389350341,
    "C_276_err": 346.02593830103336,
    "C_303": 301107.38141550415,
    "C_303_err": 513.0527682910875,
    "C_383": 129359.10605256152,
    "C_383_err": 386.77812661469295,
    "O_Ba133": 0.810623262291327,
    "O_Ba133_err": 0.002238701736180673
}