{
    "C_79": 36876.77561394417,
    "C_79_err": 59.58323959705229,
    "C_81": 457828.64818821056,
    "C_81_err": 739.7315406577435,
    "C_356": 821319.3471296215,
    "C_356_err": 1526.2861056270185,
    "C_161": 12304.814323095736,
    "C_161_err": 220.2765748568394,
    "C_223": 8285.099688903696,
    "C_223_err": 222.76045408411144,
    "C_276": 111024.37116744957,
    "C_276_err": 282.27998995226113,
    "C_303": 274325.69269904477,
    "C_303_err": 451.9404387320083,
    "C_383": 116707.69545317724,
    "C_383_err": 344.754870360379,
    "O_Ba133": 0.6023301722175062,
    "O_Ba133_err": 0.0014385262016311429
}