{
    "C_79": 42671.083893916766,
    "C_79_err": 66.49409626033513,
    "C_81": 529765.5321169391,
    "C_81_err": 825.5304781000098,
    "C_356": 850097.7978922394,
    "C_356_err": 1758.8148223337137,
    "C_161": 13004.868077905221,
    "C_161_err": 220.39316242899122,
    "C_223": 8688.133467094452,
    "C_223_err": 197.81968826220597,
    "C_276": 114798.6851144024,
    "C_276_err": 377.78044642113406,
    "C_303": 284033.2760348555,
    "C_303_err": 544.7508715826809,
    "C_383": 121300.83826907928,
    "C_383_err": 419.03940590194514,
    "O_Ba133": 0.6733773660279725,
    "O_Ba133_err": 0.0017000375211742213
}