{
    "C_79": 78990.79863877404,
    "C_79_err": 185.31271434522242,
    "C_81": 980678.2170625136,
    "C_81_err": 2300.674830927478,
    "C_356": 968554.5495197844,
    "C_356_err": 2676.280458452844,
    "C_161": 16778.40872900168,
    "C_161_err": 295.276853514382,
    "C_223": 9714.50428183169,
    "C_223_err": 216.15864896720524,
    "C_276": 130712.3909949361,
    "C_276_err": 382.9731695620454,
    "C_303": 322845.2953750677,
    "C_303_err": 568.3150610294358,
    "C_383": 140835.2582435789,
    "C_383_err": 2274.087521717615,
    "O_Ba133": 1.0940726221632828,
    "O_Ba133_err": 0.0038494375744667934
}