{
    "C_79": 61892.71605588434,
    "C_79_err": 89.77543421078458,
    "C_81": 768403.9087692645,
    "C_81_err": 1114.5704851074765,
    "C_356": 927546.0628087547,
    "C_356_err": 2223.774299354261,
    "C_161": 15225.691915416952,
    "C_161_err": 222.8444895361459,
    "C_223": 9465.951477271214,
    "C_223_err": 191.1469919216798,
    "C_276": 125322.86147625484,
    "C_276_err": 396.0848789880461,
    "C_303": 310011.87355767866,
    "C_303_err": 570.838338705992,
    "C_383": 133679.8980313803,
    "C_383_err": 390.0694516374137,
    "O_Ba133": 0.8951540609324357,
    "O_Ba133_err": 0.0024615241450187154
}