{
    "C_79": 42014.519745587226,
    "C_79_err": 68.71036622379003,
    "C_81": 521614.22627540294,
    "C_81_err": 853.0456787783744,
    "C_356": 846956.1447330591,
    "C_356_err": 1561.1146755439563,
    "C_161": 12979.873340744729,
    "C_161_err": 232.46934872184377,
    "C_223": 8673.575544243004,
    "C_223_err": 179.7787046546387,
    "C_276": 114303.97837787308,
    "C_276_err": 362.1510835857532,
    "C_303": 282983.95406200865,
    "C_303_err": 606.8459116756853,
    "C_383": 120767.83897454276,
    "C_383_err": 393.96455343788415,
    "O_Ba133": 0.6654757150367365,
    "O_Ba133_err": 0.0015892080569806309
}