{
    "cuspEmax_ctc": {
        "resolution": [
            0.22680716165629247,
            0.0018158846604829117,
            3.403366333138841e-25
        ],
        "calibration": [
            0.11639695388988831,
            0.34707426005112163
        ]
    }
}