{
    "cuspEmax_ctc": {
        "resolution": [
            0.19697510086286826,
            0.0014805934518715646,
            6.310980018121436e-19
        ],
        "calibration": [
            0.07140351209919907,
            1.1923619879607925
        ]
    }
}