{
    "cuspEmax_ctc": {
        "resolution": [
            0.26235738038660816,
            3.107988530437896e-14,
            9.343866801259645e-06
        ],
        "calibration": [
            0.07257237075775556,
            0.16158691102854955
        ]
    }
}