{
    "C_60": 1993840.7036300795,
    "C_60_err": 1.796723137336559e-05,
    "C_99_103": 6469.355160558021,
    "C_99_103_err": 6.59791702743499e-06,
    "O_Am241": 308.1977498755994,
    "O_Am241_err": 3.143346604022287e-07
}