{
    "C_60": 810524.2544190004,
    "C_60_err": 1483.9960579984056,
    "C_99_103": 37942.47489841744,
    "C_99_103_err": 375.6567486207664,
    "O_Am241": 21.361923717127027,
    "O_Am241_err": 0.2150838363489334
}