{
    "C_60": 2727491.6860341816,
    "C_60_err": 2.3755672178601278e-05,
    "C_99_103": 6955.610525162595,
    "C_99_103_err": 1.8482987293972437e-05,
    "O_Am241": 392.1282935792935,
    "O_Am241_err": 1.0419992857986176e-06
}