{
    "C_60": 1796027.7906084682,
    "C_60_err": 1.5923387519734336e-05,
    "C_99_103": 6286.308807625799,
    "C_99_103_err": 3.115962122731684e-05,
    "O_Am241": 285.7046711465625,
    "O_Am241_err": 1.4161670781578523e-06
}