{
    "C_60": 2456836.632604728,
    "C_60_err": 2.0921336336080648e-05,
    "C_99_103": 6797.323086082477,
    "C_99_103_err": 1.1776418809690233e-06,
    "O_Am241": 361.4417913479944,
    "O_Am241_err": 6.269568684964191e-08
}