{
    "C_60": 1181362.9722456445,
    "C_60_err": 9.426908026779514e-06,
    "C_99_103": 5600.796088367265,
    "C_99_103_err": 1.638604542981566e-05,
    "O_Am241": 210.92768842259952,
    "O_Am241_err": 6.171057625010547e-07
}