{
    "C_60": 700262.3111370238,
    "C_60_err": 6.210704304250754e-06,
    "C_99_103": 4875.643330451339,
    "C_99_103_err": 1.2627595061878908e-06,
    "O_Am241": 143.62459755074013,
    "O_Am241_err": 3.72196290395245e-08
}