{
    "C_60": 958358.1530405331,
    "C_60_err": 8.562949456837957e-06,
    "C_99_103": 5297.814393072977,
    "C_99_103_err": 1.6444907330228752e-06,
    "O_Am241": 180.8968910450336,
    "O_Am241_err": 5.617533082121695e-08
}