{
    "C_60": 862815.4610660448,
    "C_60_err": 7.148769186628677e-06,
    "C_99_103": 5174.0815293704845,
    "C_99_103_err": 6.147757182649873e-06,
    "O_Am241": 166.75722177323732,
    "O_Am241_err": 1.9814296055537914e-07
}