{
    "C_60": 1311570.618823673,
    "C_60_err": 1.1238372826663859e-05,
    "C_99_103": 5803.302772102837,
    "C_99_103_err": 7.829349800766446e-06,
    "O_Am241": 226.00416871726017,
    "O_Am241_err": 3.0491281456033187e-07
}