{
    "C_60": 3359251.288482151,
    "C_60_err": 2.9099941705225396e-05,
    "C_99_103": 7314.131510697191,
    "C_99_103_err": 2.2906607553035944e-06,
    "O_Am241": 459.2823199267227,
    "O_Am241_err": 1.4389437201804718e-07
}