{
    "C_60": 1064311.6748286923,
    "C_60_err": 8.821012790157824e-06,
    "C_99_103": 5479.542729292528,
    "C_99_103_err": 2.594994048661333e-06,
    "O_Am241": 194.23366645889945,
    "O_Am241_err": 9.199898875485182e-08
}