{
    "C_60": 1457121.1546241592,
    "C_60_err": 1.2093217645840065e-05,
    "C_99_103": 5956.376456626183,
    "C_99_103_err": 4.596704290861113e-07,
    "O_Am241": 244.63214594221657,
    "O_Am241_err": 1.8987813285602868e-08
}