{
    "C_60": 810524.2544190004,
    "C_60_err": 6.117478746265649e-06,
    "C_99_103": 37942.47489841744,
    "C_99_103_err": 1.766208957229066e-05,
    "O_Am241": 21.361923717127027,
    "O_Am241_err": 9.945207903898137e-09
}