{
    "C_60": 2213865.1255479213,
    "C_60_err": 1.871410392366435e-05,
    "C_99_103": 6605.9813486234,
    "C_99_103_err": 1.3900165429984963e-05,
    "O_Am241": 335.1303930050093,
    "O_Am241_err": 7.051799342992237e-07
}