{
    "C_60": 777276.2606482132,
    "C_60_err": 6.569170462708725e-06,
    "C_99_103": 5034.4283929488665,
    "C_99_103_err": 7.397515561710034e-06,
    "O_Am241": 154.39215735729857,
    "O_Am241_err": 2.268653339448279e-07
}