{
    "C_60": 3027025.19857429,
    "C_60_err": 2.7095485191936525e-05,
    "C_99_103": 7109.9889903463245,
    "C_99_103_err": 7.647813631071998e-07,
    "O_Am241": 425.7425999793067,
    "O_Am241_err": 4.595301975844728e-08
}