{
    "C_60": 1617769.1640245274,
    "C_60_err": 1.3865935205008978e-05,
    "C_99_103": 6115.950482777281,
    "C_99_103_err": 1.1869095489787313e-05,
    "O_Am241": 264.51639341754304,
    "O_Am241_err": 5.133463654227931e-07
}