{
    "C_60": 567740.203539101,
    "C_60_err": 5.167800986765128e-06,
    "C_99_103": 4594.030851099733,
    "C_99_103_err": 6.814408348472189e-06,
    "O_Am241": 123.58214864908749,
    "O_Am241_err": 1.8331506878600995e-07
}