{
    "C_60": 630738.365770078,
    "C_60_err": 5.839328689105552e-06,
    "C_99_103": 4769.302561740994,
    "C_99_103_err": 4.794454729327423e-06,
    "O_Am241": 132.2496020340199,
    "O_Am241_err": 1.3295269263740032e-07
}