{
    "C_60": 4582725.156889249,
    "C_60_err": 4.073368116369255e-05,
    "C_99_103": 7960.154596819137,
    "C_99_103_err": 3.863137414118916e-06,
    "O_Am241": 575.7080595797094,
    "O_Am241_err": 2.794433586173802e-07
}