{
    "C_60": 3728372.1444816445,
    "C_60_err": 3.2730012115740614e-05,
    "C_99_103": 7497.093079263493,
    "C_99_103_err": 3.897176778032764e-06,
    "O_Am241": 497.3090376580887,
    "O_Am241_err": 2.5855055548559086e-07
}