{
    "C_60": 4135122.0455341726,
    "C_60_err": 3.6203505989606394e-05,
    "C_99_103": 7731.471333027002,
    "C_99_103_err": 1.1678802000023764e-05,
    "O_Am241": 534.8428348780027,
    "O_Am241_err": 8.079223496994995e-07
}