{
    "C_60": 630793.1412001813,
    "C_60_err": 0.00023378279969371585,
    "C_99_103": 4721.966996795564,
    "C_99_103_err": 3.2833482391067374e-05,
    "O_Am241": 133.58694409093755,
    "O_Am241_err": 9.301950935278338e-07
}