{
    "C_60": 958782.1262948812,
    "C_60_err": 0.00035585422815617024,
    "C_99_103": 5271.665739595694,
    "C_99_103_err": 4.20891038966788e-05,
    "O_Am241": 181.87460541995864,
    "O_Am241_err": 1.4536593089538073e-06
}