{
    "C_60": 335763.2230989753,
    "C_60_err": 0.000457735045953072,
    "C_99_103": 12868.851214748242,
    "C_99_103_err": 6.338826955743397e-05,
    "O_Am241": 26.091157438682377,
    "O_Am241_err": 1.333489113119343e-07
}