{
    "C_60": 567911.6094101961,
    "C_60_err": 0.0002121381023361714,
    "C_99_103": 4575.339854918822,
    "C_99_103_err": 5.542634157894815e-05,
    "O_Am241": 124.12446450281718,
    "O_Am241_err": 1.504376736306833e-06
}