{
    "C_60": 4584122.746011856,
    "C_60_err": 0.0016604093125215102,
    "C_99_103": 7887.54950703174,
    "C_99_103_err": 5.9866469508967714e-05,
    "O_Am241": 581.1846558839493,
    "O_Am241_err": 4.416209347370195e-06
}