{
    "C_60": 335763.2230989753,
    "C_60_err": 989.6271182020331,
    "C_99_103": 12868.85121474824,
    "C_99_103_err": 201.35772281637665,
    "O_Am241": 26.09115743868238,
    "O_Am241_err": 0.4154256767457723
}