{
    "C_60": 1311771.1432754179,
    "C_60_err": 0.0005026042270866136,
    "C_99_103": 5731.49037344966,
    "C_99_103_err": 7.551535589079193e-05,
    "O_Am241": 228.87086216737222,
    "O_Am241_err": 3.0167670019993266e-06
}