{
    "C_60": 2213109.875471668,
    "C_60_err": 0.0008056018185194705,
    "C_99_103": 6567.113727888538,
    "C_99_103_err": 4.484131589484839e-05,
    "O_Am241": 336.99886543357127,
    "O_Am241_err": 2.304350363770501e-06
}