{
    "C_60": 1993831.4623368406,
    "C_60_err": 0.0007371344663474264,
    "C_99_103": 6404.606723625336,
    "C_99_103_err": 5.2059634597656614e-05,
    "O_Am241": 311.31208337617176,
    "O_Am241_err": 2.5331060765062957e-06
}