{
    "C_60": 1795603.7875359284,
    "C_60_err": 0.0006643502026275686,
    "C_99_103": 6257.269750889056,
    "C_99_103_err": 4.6755410088146264e-05,
    "O_Am241": 286.96282228855523,
    "O_Am241_err": 2.1468631939044147e-06
}