{
    "C_60": 1064143.1887403685,
    "C_60_err": 0.00037257225603012575,
    "C_99_103": 5436.440132259224,
    "C_99_103_err": 4.397064191862608e-05,
    "O_Am241": 195.74264828667248,
    "O_Am241_err": 1.584674854942696e-06
}