{
    "C_60": 700727.4770878619,
    "C_60_err": 0.0002341620391301067,
    "C_99_103": 4889.226510206613,
    "C_99_103_err": 3.7461619545606914e-05,
    "O_Am241": 143.32072274112127,
    "O_Am241_err": 1.0991780119786794e-06
}