{
    "C_60": 777565.7542749677,
    "C_60_err": 0.0002737337687189548,
    "C_99_103": 5013.876989517709,
    "C_99_103_err": 3.3895117524834624e-05,
    "O_Am241": 155.082734558624,
    "O_Am241_err": 1.0498203322474797e-06
}