{
    "C_60": 1181873.7856668509,
    "C_60_err": 0.00043123658197403644,
    "C_99_103": 5603.98171782933,
    "C_99_103_err": 5.227146002516418e-05,
    "O_Am241": 210.89893671613243,
    "O_Am241_err": 1.968676420834748e-06
}