{
    "C_60": 3357145.785742107,
    "C_60_err": 0.0011609344894284584,
    "C_99_103": 7275.57347888535,
    "C_99_103_err": 6.159853635472127e-05,
    "O_Am241": 461.42696455268793,
    "O_Am241_err": 3.909921986190061e-06
}