{
    "C_60": 1456756.2725481747,
    "C_60_err": 0.0005361742097879235,
    "C_99_103": 5879.395993854791,
    "C_99_103_err": 5.9000292695054064e-05,
    "O_Am241": 247.77311718258002,
    "O_Am241_err": 2.4880984139217578e-06
}