{
    "C_60": 2726168.484696476,
    "C_60_err": 0.0010040026098684027,
    "C_99_103": 6925.9019635151235,
    "C_99_103_err": 5.18558639918779e-05,
    "O_Am241": 393.61927140430606,
    "O_Am241_err": 2.9506835521337702e-06
}