{
    "C_60": 862671.2232345459,
    "C_60_err": 0.00034128585142878184,
    "C_99_103": 5134.2399831269995,
    "C_99_103_err": 3.949011240545325e-05,
    "O_Am241": 168.02315942955545,
    "O_Am241_err": 1.2940619715399236e-06
}