{
    "C_60": 2457539.4660735517,
    "C_60_err": 0.0009332774673773483,
    "C_99_103": 6745.097179386432,
    "C_99_103_err": 4.8312190509829274e-05,
    "O_Am241": 364.34456031026406,
    "O_Am241_err": 2.613306714261777e-06
}