{
    "C_60": 3727381.844168864,
    "C_60_err": 0.0013583673538613422,
    "C_99_103": 7499.570218339842,
    "C_99_103_err": 6.987764527909177e-05,
    "O_Am241": 497.0127268164954,
    "O_Am241_err": 4.634483334422237e-06
}