{
    "C_60": 3025732.189041502,
    "C_60_err": 0.0011509282413370292,
    "C_99_103": 7123.489193087081,
    "C_99_103_err": 5.945156336617742e-05,
    "O_Am241": 424.75423307693,
    "O_Am241_err": 3.548614580698027e-06
}