{
    "C_60": 1619138.670733116,
    "C_60_err": 0.0006033878275856289,
    "C_99_103": 6082.997968870734,
    "C_99_103_err": 4.9537782871840865e-05,
    "O_Am241": 266.1744552634953,
    "O_Am241_err": 2.1698989500329364e-06
}