{
    "C_60": 4133581.208641802,
    "C_60_err": 0.0015487095965167202,
    "C_99_103": 7726.279978024874,
    "C_99_103_err": 5.046142934118343e-05,
    "O_Am241": 535.0027724077506,
    "O_Am241_err": 3.499923612509392e-06
}