{
    "C_60": 865659.3086123066,
    "C_60_err": 1.6795006852702438e-06,
    "C_99_103": 5217.0264316606135,
    "C_99_103_err": 2.6702213743765833e-05,
    "O_Am241": 165.92963826268397,
    "O_Am241_err": 8.492747820374942e-07
}