{
    "C_60": 707502.9630150218,
    "C_60_err": 2.9840882843738814e-06,
    "C_99_103": 4895.278920711477,
    "C_99_103_err": 5.462156353162061e-05,
    "O_Am241": 144.52761006561678,
    "O_Am241_err": 1.6126404086744202e-06
}