{
    "C_60": 1621732.067617745,
    "C_60_err": 2.516382973183698e-06,
    "C_99_103": 6120.5185986328115,
    "C_99_103_err": 1.5835425479145324e-05,
    "O_Am241": 264.9664471210011,
    "O_Am241_err": 6.855394873518539e-07
}