{
    "C_60": 4618233.95056319,
    "C_60_err": 1.6883595951346086e-05,
    "C_99_103": 7992.040817144932,
    "C_99_103_err": 9.856753966115685e-05,
    "O_Am241": 577.8541496755021,
    "O_Am241_err": 7.126798476387139e-06
}