{
    "C_60": 1315841.1002222884,
    "C_60_err": 2.136772001490317e-06,
    "C_99_103": 5814.731906455038,
    "C_99_103_err": 3.228191554726175e-05,
    "O_Am241": 226.2943711577742,
    "O_Am241_err": 1.2563289603994795e-06
}