{
    "C_60": 779314.8764582282,
    "C_60_err": 1.1650017186278644e-06,
    "C_99_103": 5010.14853324212,
    "C_99_103_err": 5.571637018464182e-05,
    "O_Am241": 155.54725998391217,
    "O_Am241_err": 1.7297947833824182e-06
}