{
    "C_60": 569311.7553921253,
    "C_60_err": 1.0458630638398789e-06,
    "C_99_103": 4618.757845988577,
    "C_99_103_err": 4.184141928848774e-05,
    "O_Am241": 123.26079313436544,
    "O_Am241_err": 1.1166220021450815e-06
}