{
    "C_60": 961036.4115091118,
    "C_60_err": 1.3674964225839775e-06,
    "C_99_103": 5335.947471804073,
    "C_99_103_err": 6.161263353244546e-05,
    "O_Am241": 180.10604800503918,
    "O_Am241_err": 2.079632169471162e-06
}