{
    "C_60": 2232374.4367210562,
    "C_60_err": 9.047034975817256e-06,
    "C_99_103": 6657.699424876602,
    "C_99_103_err": 4.237758367170677e-07,
    "O_Am241": 335.3071825951999,
    "O_Am241_err": 2.1386185946499222e-08
}