{
    "C_60": 2733011.466027793,
    "C_60_err": 4.393793457246192e-06,
    "C_99_103": 6926.636886380384,
    "C_99_103_err": 1.3726837365378971e-05,
    "O_Am241": 394.5654306495585,
    "O_Am241_err": 7.819288592116194e-07
}