{
    "C_60": 1998484.6577989256,
    "C_60_err": 3.4473160448640627e-06,
    "C_99_103": 6436.767568778534,
    "C_99_103_err": 3.1153162580923765e-05,
    "O_Am241": 310.47954372199985,
    "O_Am241_err": 1.5026828628800972e-06
}