{
    "C_60": 632364.6418125487,
    "C_60_err": 9.174609610874615e-07,
    "C_99_103": 4741.534138562103,
    "C_99_103_err": 5.5753271061700835e-05,
    "O_Am241": 133.36709666806635,
    "O_Am241_err": 1.5681953837208754e-06
}