{
    "C_60": 4167367.689005733,
    "C_60_err": 1.649175839569736e-05,
    "C_99_103": 7801.790839331243,
    "C_99_103_err": 5.9772997815416254e-05,
    "O_Am241": 534.155269582048,
    "O_Am241_err": 4.092402203362602e-06
}