{
    "C_60": 3033027.150848001,
    "C_60_err": 5.614589864075259e-06,
    "C_99_103": 7173.043849357556,
    "C_99_103_err": 2.7246152090201184e-05,
    "O_Am241": 422.83683392227556,
    "O_Am241_err": 1.6061072950989272e-06
}