{
    "C_60": 3366605.75181496,
    "C_60_err": 5.272050813669854e-06,
    "C_99_103": 7352.5275004119585,
    "C_99_103_err": 9.72505009389716e-05,
    "O_Am241": 457.88414278305396,
    "O_Am241_err": 6.056347639265543e-06
}