{
    "C_60": 1799766.6057457358,
    "C_60_err": 2.7944302796647363e-06,
    "C_99_103": 6313.703683691512,
    "C_99_103_err": 4.121138788327483e-05,
    "O_Am241": 285.057186068866,
    "O_Am241_err": 1.860651558086611e-06
}