{
    "C_60": 1074927.9182975367,
    "C_60_err": 4.4597667963686485e-06,
    "C_99_103": 5504.602555940065,
    "C_99_103_err": 1.6171502051830896e-05,
    "O_Am241": 195.2780255020542,
    "O_Am241_err": 5.736912169625166e-07
}