{
    "C_60": 1470855.0633680047,
    "C_60_err": 6.040771950346219e-06,
    "C_99_103": 5950.646516942204,
    "C_99_103_err": 6.169161394147783e-05,
    "O_Am241": 247.17567396757715,
    "O_Am241_err": 2.562522812814704e-06
}