{
    "C_60": 3734986.4129474037,
    "C_60_err": 6.204228419261909e-06,
    "C_99_103": 7499.8354140138745,
    "C_99_103_err": 2.5757144484132162e-05,
    "O_Am241": 498.0091171025389,
    "O_Am241_err": 1.7103434376797987e-06
}