{
    "C_60": 2462039.8808816276,
    "C_60_err": 3.872432363643402e-06,
    "C_99_103": 6830.723045241826,
    "C_99_103_err": 0.00010078112816847634,
    "O_Am241": 360.43620339674663,
    "O_Am241_err": 5.317909564903199e-06
}