{
    "C_60": 1129753.5108529015,
    "C_60_err": 8.368535742327154e-07,
    "C_99_103": 42446.30633608239,
    "C_99_103_err": 0.0001488659837001904,
    "O_Am241": 26.616061758300283,
    "O_Am241_err": 9.334678671159824e-08
}