{
    "C_60": 1184594.811787055,
    "C_60_err": 1.6722059548775897e-06,
    "C_99_103": 5632.429190312285,
    "C_99_103_err": 8.193571687049616e-06,
    "O_Am241": 210.3168582792918,
    "O_Am241_err": 3.0595095089857624e-07
}