{
    "cuspEmax_ctc": {
        "resolution": [
            0.27580186008346974,
            0.00214799965111459,
            4.145013134996845e-08
        ],
        "calibration": [
            0.06378860246414235,
            0.1009522546333935
        ]
    }
}