{
    "cuspEmax_ctc": {
        "resolution": [
            0.3474290145773289,
            0.0019886502969191423,
            6.4724727641021835e-28
        ],
        "calibration": [
            0.1626691726746929,
            0.08361746324000015
        ]
    }
}