{
    "cuspEmax_ctc": {
        "resolution": [
            0.3374985597144056,
            0.0019558931165255897,
            6.428390045753027e-25
        ],
        "calibration": [
            0.16267300771731288,
            0.09010199022628189
        ]
    }
}