{
    "C_60": 4156314.1803710074,
    "C_60_err": 0.03913834757915069,
    "C_99_103": 7805.717021447809,
    "C_99_103_err": 3.4779801596364895e-05,
    "O_Am241": 532.4705173081065,
    "O_Am241_err": 5.547041233863163e-06
}