{
    "C_60": 1622529.3104621961,
    "C_60_err": 0.015534855910936951,
    "C_99_103": 6197.151363523345,
    "C_99_103_err": 2.005755015901418e-05,
    "O_Am241": 261.8185703858166,
    "O_Am241_err": 2.646128049770976e-06
}