{
    "C_60": 703058.2510744758,
    "C_60_err": 0.007120618306457466,
    "C_99_103": 4893.552814160312,
    "C_99_103_err": 1.8254709848202213e-05,
    "O_Am241": 143.67031025803163,
    "O_Am241_err": 1.5506628927607248e-06
}