{
    "C_60": 1068094.3924258153,
    "C_60_err": 0.010371232779512601,
    "C_99_103": 5501.716567223104,
    "C_99_103_err": 2.805016325384964e-05,
    "O_Am241": 194.13838924183574,
    "O_Am241_err": 2.129148855284398e-06
}