{
    "C_60": 3735439.9290440395,
    "C_60_err": 0.03652991630330338,
    "C_99_103": 7493.864654257372,
    "C_99_103_err": 3.4970288150370134e-05,
    "O_Am241": 498.4664257209239,
    "O_Am241_err": 5.401195216676504e-06
}