{
    "C_60": 4608961.356410823,
    "C_60_err": 0.04320092369221595,
    "C_99_103": 8038.055275293727,
    "C_99_103_err": 4.0629945820124945e-05,
    "O_Am241": 573.3925929294386,
    "O_Am241_err": 6.106232617900403e-06
}