{
    "C_60": 569199.9669869355,
    "C_60_err": 0.005878901817494564,
    "C_99_103": 4602.671172962908,
    "C_99_103_err": 2.1002366659608633e-05,
    "O_Am241": 123.66731091513553,
    "O_Am241_err": 1.3963826173465606e-06
}