{
    "C_60": 2699913.0085045053,
    "C_60_err": 0.026562161232822068,
    "C_99_103": 7024.759310746711,
    "C_99_103_err": 3.333861528743143e-05,
    "O_Am241": 384.3424221487686,
    "O_Am241_err": 4.1981839688507076e-06
}