{
    "C_60": 1998430.0702347653,
    "C_60_err": 0.01928453948765757,
    "C_99_103": 6447.71807621355,
    "C_99_103_err": 2.3244652224012317e-05,
    "O_Am241": 309.9437733804192,
    "O_Am241_err": 3.192815453863827e-06
}