{
    "C_60": 3366522.9907785435,
    "C_60_err": 0.03287694127212082,
    "C_99_103": 7302.149173344719,
    "C_99_103_err": 3.525465348429098e-05,
    "O_Am241": 461.031801851909,
    "O_Am241_err": 5.022520900562403e-06
}