{
    "C_60": 1316738.6287792043,
    "C_60_err": 0.0123565706115486,
    "C_99_103": 5819.387783000267,
    "C_99_103_err": 1.274325849419731e-05,
    "O_Am241": 226.26755216857904,
    "O_Am241_err": 2.1803888687511626e-06
}