{
    "C_60": 2463085.547847987,
    "C_60_err": 0.023509530474941642,
    "C_99_103": 6745.730146004505,
    "C_99_103_err": 1.9799455409847553e-05,
    "O_Am241": 365.13253488310266,
    "O_Am241_err": 3.64615649140049e-06
}