{
    "C_60": 1185884.176369318,
    "C_60_err": 0.01107930466696383,
    "C_99_103": 5635.072673080993,
    "C_99_103_err": 1.8564360765061044e-05,
    "O_Am241": 210.44700666139454,
    "O_Am241_err": 2.084790153230298e-06
}