{
    "C_60": 633285.2417108566,
    "C_60_err": 0.005953677200000451,
    "C_99_103": 4735.237324980742,
    "C_99_103_err": 2.354397402740276e-05,
    "O_Am241": 133.73886000812684,
    "O_Am241_err": 1.422325190343012e-06
}