{
    "C_60": 951995.0012774864,
    "C_60_err": 4.832802055834695e-06,
    "C_99_103": 41432.1076314633,
    "C_99_103_err": 0.0001680865472141469,
    "O_Am241": 22.977228427417653,
    "O_Am241_err": 9.321674023824905e-08
}