{
    "C_60": 1800268.156818422,
    "C_60_err": 0.017618882383635126,
    "C_99_103": 6277.454390275725,
    "C_99_103_err": 1.4435493708304904e-05,
    "O_Am241": 286.78315203805863,
    "O_Am241_err": 2.8831294170906802e-06
}