{
    "C_60": 2192959.647142513,
    "C_60_err": 0.020640032755299687,
    "C_99_103": 6593.409778170191,
    "C_99_103_err": 2.721889611150963e-05,
    "O_Am241": 332.5987191639567,
    "O_Am241_err": 3.4182811087564377e-06
}