{
    "C_60": 865920.0452866592,
    "C_60_err": 0.008866217253709757,
    "C_99_103": 5234.825525653699,
    "C_99_103_err": 2.3180984890727616e-05,
    "O_Am241": 165.41526380261305,
    "O_Am241_err": 1.8453091100339465e-06
}