{
    "C_60": 780403.4907302216,
    "C_60_err": 0.007669628910387805,
    "C_99_103": 5050.234618946136,
    "C_99_103_err": 1.9229853838610446e-05,
    "O_Am241": 154.528165444534,
    "O_Am241_err": 1.6286698987001405e-06
}