{
    "C_60": 1462519.907242263,
    "C_60_err": 0.013549285511499087,
    "C_99_103": 6001.033300314945,
    "C_99_103_err": 2.5083311201270655e-05,
    "O_Am241": 243.71134670515946,
    "O_Am241_err": 2.4769879410295186e-06
}