{
    "C_60": 961766.7258264977,
    "C_60_err": 0.00941954931425612,
    "C_99_103": 5324.636890082398,
    "C_99_103_err": 1.808518780283394e-05,
    "O_Am241": 180.6257864490013,
    "O_Am241_err": 1.8724094990055022e-06
}