{
    "C_60": 3007260.0376479644,
    "C_60_err": 0.028727852189265324,
    "C_99_103": 7174.5708869155,
    "C_99_103_err": 3.2213649577963465e-05,
    "O_Am241": 419.1553871371462,
    "O_Am241_err": 4.424353310711248e-06
}