{
    "cuspEmax_ctc": {
        "resolution": [
            0.25685264146616316,
            0.0012315309667208822,
            1.8405466332402108e-22
        ],
        "calibration": [
            0.06333262975317602,
            -0.18227248209174365
        ]
    }
}