{
    "cuspEmax_ctc": {
        "resolution": [
            0.386710845331354,
            0.0021478879238162503,
            4.96545716056675e-24
        ],
        "calibration": [
            0.07151887711191758,
            0.19771913136265115
        ]
    }
}