{
    "cuspEmax_ctc": {
        "resolution": [
            0.36282402673818,
            0.002177994824843407,
            9.032995764241665e-20
        ],
        "calibration": [
            0.07011589376656487,
            1.3877798646799304
        ]
    }
}