{
    "C_60": 2213998.881419089,
    "C_60_err": 0.00015299745619146154,
    "C_99_103": 6594.918947229956,
    "C_99_103_err": 3.329907936197967e-05,
    "O_Am241": 335.7128266677225,
    "O_Am241_err": 1.6952406963879762e-06
}