{
    "C_60": 777400.0585081866,
    "C_60_err": 5.3810697902695326e-05,
    "C_99_103": 5044.367105324121,
    "C_99_103_err": 3.460900193048986e-05,
    "O_Am241": 154.11250653975458,
    "O_Am241_err": 1.0574074729494744e-06
}