{
    "C_60": 1618763.8514220358,
    "C_60_err": 0.00011138785168549048,
    "C_99_103": 6090.237275911692,
    "C_99_103_err": 3.8038280529611846e-05,
    "O_Am241": 265.79651630727494,
    "O_Am241_err": 1.6602072399615225e-06
}