{
    "C_60": 1064818.637967904,
    "C_60_err": 7.375354763937414e-05,
    "C_99_103": 5446.380260400748,
    "C_99_103_err": 2.6596435150000588e-05,
    "O_Am241": 195.50941856005372,
    "O_Am241_err": 9.548317136937931e-07
}