{
    "C_60": 4131684.943620879,
    "C_60_err": 0.00028528925080345546,
    "C_99_103": 7786.368034983814,
    "C_99_103_err": 3.776255956033541e-05,
    "O_Am241": 530.6305744934477,
    "O_Am241_err": 2.573728774994545e-06
}