{
    "C_60": 3359516.1457983437,
    "C_60_err": 0.00023338110886422792,
    "C_99_103": 7298.481099853926,
    "C_99_103_err": 4.276821564333875e-05,
    "O_Am241": 460.3034658629974,
    "O_Am241_err": 2.6975121171150625e-06
}