{
    "C_60": 1119276.08842219,
    "C_60_err": 1389.1302733035486,
    "C_99_103": 40463.163642374086,
    "C_99_103_err": 330.18402171380336,
    "O_Am241": 27.661605956338388,
    "O_Am241_err": 0.22831766202172393
}