{
    "C_60": 1993680.731141309,
    "C_60_err": 0.00013742877206054938,
    "C_99_103": 6454.905253487833,
    "C_99_103_err": 3.737375715886112e-05,
    "O_Am241": 308.8628961771432,
    "O_Am241_err": 1.788435998553061e-06
}