{
    "C_60": 1796175.603957415,
    "C_60_err": 0.000122978923813577,
    "C_99_103": 6284.889057755654,
    "C_99_103_err": 3.889179245093333e-05,
    "O_Am241": 285.79273038096125,
    "O_Am241_err": 1.7686345399417813e-06
}