{
    "C_60": 1119276.08842219,
    "C_60_err": 7.633323534636527e-05,
    "C_99_103": 40463.16364241761,
    "C_99_103_err": 0.0002682991074835073,
    "O_Am241": 27.661605956308634,
    "O_Am241_err": 1.8342551759024264e-07
}