{
    "C_60": 700555.036184707,
    "C_60_err": 4.853175393955411e-05,
    "C_99_103": 4894.371359298319,
    "C_99_103_err": 2.160672823244726e-05,
    "O_Am241": 143.13483484529502,
    "O_Am241_err": 6.319619044879821e-07
}