{
    "C_60": 3025678.4306804533,
    "C_60_err": 0.00020886116846474678,
    "C_99_103": 7148.782478689304,
    "C_99_103_err": 2.3395697778840258e-05,
    "O_Am241": 423.24387959769024,
    "O_Am241_err": 1.3854510744292444e-06
}