{
    "C_60": 1312210.695483565,
    "C_60_err": 9.05935625240828e-05,
    "C_99_103": 5763.44833983743,
    "C_99_103_err": 6.627242631088245e-05,
    "O_Am241": 227.67805280971405,
    "O_Am241_err": 2.6180591980328445e-06
}