{
    "C_60": 567941.0326987228,
    "C_60_err": 3.949241223585864e-05,
    "C_99_103": 4597.250517848822,
    "C_99_103_err": 1.1401622464520583e-05,
    "O_Am241": 123.53928298962437,
    "O_Am241_err": 3.0650968172704164e-07
}