{
    "C_60": 630760.3087123745,
    "C_60_err": 4.398983510921217e-05,
    "C_99_103": 4738.016278001331,
    "C_99_103_err": 2.4825612943212035e-05,
    "O_Am241": 133.12750984858422,
    "O_Am241_err": 6.976051962301909e-07
}