{
    "C_60": 863230.6561790123,
    "C_60_err": 5.9091770232069796e-05,
    "C_99_103": 5175.89546002743,
    "C_99_103_err": 3.0908037481276434e-05,
    "O_Am241": 166.77899753687018,
    "O_Am241_err": 9.959919462324727e-07
}