{
    "C_60": 2726819.0142154843,
    "C_60_err": 0.00018780101573440122,
    "C_99_103": 6946.211709013492,
    "C_99_103_err": 3.01213739732452e-05,
    "O_Am241": 392.562036466169,
    "O_Am241_err": 1.7025106159351507e-06
}