{
    "C_60": 1457715.1342144266,
    "C_60_err": 0.00010105239604166205,
    "C_99_103": 5943.54426199071,
    "C_99_103_err": 2.5980809539819056e-05,
    "O_Am241": 245.2602470779253,
    "O_Am241_err": 1.0722324448269318e-06
}