{
    "C_60": 4578643.558978883,
    "C_60_err": 0.0003160326951795467,
    "C_99_103": 7957.466754620303,
    "C_99_103_err": 3.1649542227232835e-05,
    "O_Am241": 575.3895932170133,
    "O_Am241_err": 2.288864008784311e-06
}