{
    "C_60": 3725475.53172334,
    "C_60_err": 0.0002570273230215192,
    "C_99_103": 7518.982145305922,
    "C_99_103_err": 2.6508305489436967e-05,
    "O_Am241": 495.476044460239,
    "O_Am241_err": 1.7471440646374862e-06
}