{
    "C_60": 2456133.4249301073,
    "C_60_err": 0.00016998989844085877,
    "C_99_103": 6785.666046892711,
    "C_99_103_err": 4.88634276502198e-05,
    "O_Am241": 361.95907784981824,
    "O_Am241_err": 2.606579513221451e-06
}