{
    "C_60": 1181788.493667856,
    "C_60_err": 8.202171864007957e-05,
    "C_99_103": 5624.7546779191325,
    "C_99_103_err": 2.559338747206667e-05,
    "O_Am241": 210.10489547342473,
    "O_Am241_err": 9.56116635077149e-07
}