{
    "C_60": 958537.1875760905,
    "C_60_err": 6.596751411493129e-05,
    "C_99_103": 5309.783679319342,
    "C_99_103_err": 2.3183196843509793e-05,
    "O_Am241": 180.5228320900193,
    "O_Am241_err": 7.882837564636076e-07
}