{
    "cuspEmax_ctc": {
        "resolution": [
            0.23905818651685531,
            0.0012944207514115386,
            3.458209701940438e-22
        ],
        "calibration": [
            0.032693723508230646,
            0.03926314662114461
        ]
    }
}