{
    "trapEmax": {
        "resolution": [
            0.16357699219610006,
            0.0017318925247534085,
            2.0289778676045888e-23
        ],
        "calibration": [
            0.06672790628506022,
            0.01949524337234797
        ]
    }
}