{
    "trapEmax": {
        "resolution": [
            0.16986139439264472,
            0.0017268802017447063,
            3.1419621112733366e-30
        ],
        "calibration": [
            0.06673268849106886,
            -0.029937265585625993
        ]
    }
}