{
    "trapEmax": {
        "resolution": [
            0.1635952504338977,
            0.0017291156517304034,
            2.2857204959095837e-23
        ],
        "calibration": [
            0.06672901365169664,
            0.015011233794612703
        ]
    }
}