{
    "cuspEmax_ctc": {
        "resolution": [
            0.12445446593524667,
            0.001730440133458388,
            1.090843327177878e-26
        ],
        "calibration": [
            0.06674141293703009,
            0.05038839506034958
        ]
    }
}