{
    "cuspEmax_ctc": {
        "resolution": [
            0.13281474535414448,
            0.0017137494787462279,
            3.0740246952105077e-24
        ],
        "calibration": [
            0.06674642283111944,
            0.0017744857064522779
        ]
    }
}