{
    "cuspEmax_ctc": {
        "resolution": [
            0.13213688120081876,
            0.0017458680647419584,
            2.858614799003107e-27
        ],
        "calibration": [
            0.06674139224754627,
            0.05200096680275581
        ]
    }
}