{
    "trapEmax": {
        "resolution": [
            0.16721658390847188,
            0.001719878667751038,
            2.102724294750908e-34
        ],
        "calibration": [
            0.06673331526896294,
            -0.03299408393377239
        ]
    }
}