{
    "trapEmax": {
        "resolution": [
            0.1680827863194979,
            0.001712344416641696,
            2.6291730792380372e-21
        ],
        "calibration": [
            0.06673334622781849,
            -0.033155866169488526
        ]
    }
}