{
    "cuspEmax_ctc": {
        "resolution": [
            0.1300746338078671,
            0.0017082528719884118,
            2.042619420452934e-26
        ],
        "calibration": [
            0.0667464967550387,
            0.0007197855104549746
        ]
    }
}