{
    "cuspEmax_ctc": {
        "resolution": [
            0.15189153118207246,
            0.0017100244803748097,
            3.898219851341775e-24
        ],
        "calibration": [
            0.0815144394733967,
            -0.16028540511961684
        ]
    }
}