{
    "cuspEmax_ctc": {
        "resolution": [
            0.14775274739713629,
            0.0017179788497717367,
            1.5368904375157027e-27
        ],
        "calibration": [
            0.08149548818411469,
            -0.08232140679429173
        ]
    }
}