{
    "cuspEmax_ctc": {
        "resolution": [
            0.12585918112843467,
            0.0016637822956616674,
            2.537639326686666e-07
        ],
        "calibration": [
            0.09171673966784394,
            -0.05781224944840788
        ]
    }
}