{
    "cuspEmax_ctc": {
        "resolution": [
            0.12575334204803196,
            0.0016779121872079947,
            2.017643008214858e-07
        ],
        "calibration": [
            0.09171862846217134,
            -0.06175159297408489
        ]
    }
}