{
    "C_60": 3732363.8268041196,
    "C_60_err": 9499.343592277031,
    "C_99_103": 6247.702139775594,
    "C_99_103_err": 75.08788391633014,
    "O_Am241": 597.3978501699473,
    "O_Am241_err": 7.33904026362834
}