{
    "C_60": 985754.3471331983,
    "C_60_err": 8.037594652732238e-05,
    "C_99_103": 4125.365780731727,
    "C_99_103_err": 6.206433704626952e-06,
    "O_Am241": 238.94956217878757,
    "O_Am241_err": 3.6001682719600723e-07
}