{
    "C_60": 5203949.207449495,
    "C_60_err": 12624.817283604525,
    "C_99_103": 6937.615407450978,
    "C_99_103_err": 89.37541388292054,
    "O_Am241": 750.106326427445,
    "O_Am241_err": 9.833267308261417
}