{
    "C_60": 1715721.5283948823,
    "C_60_err": 5431.480079652835,
    "C_99_103": 4972.819056935704,
    "C_99_103_err": 69.8177805310858,
    "O_Am241": 345.01989892472085,
    "O_Am241_err": 4.965649669813393
}