{
    "C_60": 5812669.486475005,
    "C_60_err": 0.000499099717524154,
    "C_99_103": 7058.824463281706,
    "C_99_103_err": 1.658674990994088e-05,
    "O_Am241": 823.4614016414635,
    "O_Am241_err": 1.9362521634317863e-06
}