{
    "C_60": 1376803.1698102334,
    "C_60_err": 0.00011051085088906176,
    "C_99_103": 4559.841492985049,
    "C_99_103_err": 9.522669184426847e-06,
    "O_Am241": 301.9410152586082,
    "O_Am241_err": 6.310323178867286e-07
}