{
    "C_60": 703967.7069665731,
    "C_60_err": 2646.2833748479493,
    "C_99_103": 3766.1114649855417,
    "C_99_103_err": 62.79186663525307,
    "O_Am241": 186.92163349691927,
    "O_Am241_err": 3.194748449721129
}