{
    "C_60": 4673600.631450678,
    "C_60_err": 0.00039686930187243785,
    "C_99_103": 6613.884650127678,
    "C_99_103_err": 5.534708261027536e-05,
    "O_Am241": 706.6347356633225,
    "O_Am241_err": 5.913647835874834e-06
}