{
    "C_60": 1539385.1322497106,
    "C_60_err": 0.00012516582958768674,
    "C_99_103": 4748.957723329007,
    "C_99_103_err": 4.221089446747642e-05,
    "O_Am241": 324.1522081124373,
    "O_Am241_err": 2.8813326888556056e-06
}