{
    "C_60": 1231766.206260019,
    "C_60_err": 9.969143018997983e-05,
    "C_99_103": 4382.452289879644,
    "C_99_103_err": 2.4298092509617876e-05,
    "O_Am241": 281.0677960156064,
    "O_Am241_err": 1.5585198502502658e-06
}