{
    "C_60": 2683314.7306719716,
    "C_60_err": 0.00021995953199016594,
    "C_99_103": 5636.497589257317,
    "C_99_103_err": 1.531212339138476e-05,
    "O_Am241": 476.0606543656012,
    "O_Am241_err": 1.293856199437031e-06
}