{
    "C_60": 3743399.013701099,
    "C_60_err": 0.0003145912033458709,
    "C_99_103": 6156.726562429236,
    "C_99_103_err": 1.0916304365060104e-05,
    "O_Am241": 608.0177470516217,
    "O_Am241_err": 1.0792680073875767e-06
}