{
    "C_60": 1102002.2745878664,
    "C_60_err": 9.039396682425371e-05,
    "C_99_103": 4266.614202480008,
    "C_99_103_err": 3.5698887863701366e-05,
    "O_Am241": 258.2849590542584,
    "O_Am241_err": 2.161181779069683e-06
}