{
    "C_60": 2149058.435677459,
    "C_60_err": 0.00017639845060590797,
    "C_99_103": 5276.238366010072,
    "C_99_103_err": 2.2589347376703747e-05,
    "O_Am241": 407.30882242202256,
    "O_Am241_err": 1.7441462345897886e-06
}