{
    "C_60": 5219565.171797745,
    "C_60_err": 0.00044444655878772554,
    "C_99_103": 6870.651474094699,
    "C_99_103_err": 2.8340837638766132e-05,
    "O_Am241": 759.6899932237493,
    "O_Am241_err": 3.134322513179177e-06
}