{
    "C_60": 788974.6821657434,
    "C_60_err": 6.321499562332578e-05,
    "C_99_103": 3851.4709100479013,
    "C_99_103_err": 1.1601282697045494e-05,
    "O_Am241": 204.8502249121053,
    "O_Am241_err": 6.172618275863323e-07
}