{
    "C_60": 982885.0370583943,
    "C_60_err": 3416.3808983404406,
    "C_99_103": 4165.960364260001,
    "C_99_103_err": 61.30662243108733,
    "O_Am241": 235.93240240368536,
    "O_Am241_err": 3.5675351045114625
}