{
    "C_60": 879858.5155098978,
    "C_60_err": 3154.259739722285,
    "C_99_103": 4068.332221736512,
    "C_99_103_err": 58.257202683205605,
    "O_Am241": 216.2700751941891,
    "O_Am241_err": 3.1924942901344995
}