{
    "C_60": 3029530.2034806544,
    "C_60_err": 0.0002373347748324539,
    "C_99_103": 11275.732668794728,
    "C_99_103_err": 4.288791071757034e-08,
    "O_Am241": 268.6770157175501,
    "O_Am241_err": 2.1073073245916845e-08
}