{
    "C_60": 6459358.680440726,
    "C_60_err": 0.0005490962217730155,
    "C_99_103": 7271.524869982211,
    "C_99_103_err": 1.599148036773943e-05,
    "O_Am241": 888.3086829704438,
    "O_Am241_err": 1.9550203808733906e-06
}