{
    "C_60": 4673600.631450678,
    "C_60_err": 0.00039686930187243785,
    "C_99_103": 6598.442727896072,
    "C_99_103_err": 6.133131280676777e-05,
    "O_Am241": 708.2884286760894,
    "O_Am241_err": 6.583685548999852e-06
}