{
    "C_60": 881896.1705798797,
    "C_60_err": 7.114521993270562e-05,
    "C_99_103": 3981.6727931849086,
    "C_99_103_err": 3.4840021355417934e-05,
    "O_Am241": 221.4888606842196,
    "O_Am241_err": 1.938131282466466e-06
}