{
    "C_60": 1535416.0222569576,
    "C_60_err": 5229.06337959435,
    "C_99_103": 4779.905273669252,
    "C_99_103_err": 66.33994751554455,
    "O_Am241": 321.2231068082044,
    "O_Am241_err": 4.590489481827786
}