{
    "C_60": 2998167.189497777,
    "C_60_err": 0.00025013747729840663,
    "C_99_103": 5786.949115734458,
    "C_99_103_err": 7.079215199732008e-05,
    "O_Am241": 518.0911616011782,
    "O_Am241_err": 6.337992695627396e-06
}