{
    "C_60": 2676343.730221687,
    "C_60_err": 7591.443613093845,
    "C_99_103": 5676.6355529777575,
    "C_99_103_err": 66.49039574940664,
    "O_Am241": 471.4665412715766,
    "O_Am241_err": 5.681904197346778
}