{
    "C_60": 1228670.771597086,
    "C_60_err": 4153.514339234951,
    "C_99_103": 4446.626596594253,
    "C_99_103_err": 68.34558703219709,
    "O_Am241": 276.315257174539,
    "O_Am241_err": 4.348530732498958
}