{
    "C_60": 2143398.887055331,
    "C_60_err": 6547.576542602499,
    "C_99_103": 5323.703431515016,
    "C_99_103_err": 61.816960783176995,
    "O_Am241": 402.61425427399587,
    "O_Am241_err": 4.834086380702372
}