{
    "C_60": 3743399.013701099,
    "C_60_err": 0.0003145912033458709,
    "C_99_103": 6144.9941700891,
    "C_99_103_err": 1.1749319707654816e-05,
    "O_Am241": 609.1786110916394,
    "O_Am241_err": 1.1658830506755971e-06
}