{
    "C_60": 2401725.8815311585,
    "C_60_err": 0.0001998065790057013,
    "C_99_103": 5472.74796726712,
    "C_99_103_err": 1.1301776546975065e-05,
    "O_Am241": 438.8519069206266,
    "O_Am241_err": 9.070085462045493e-07
}