{
    "C_60": 881896.1705798797,
    "C_60_err": 7.114521993270562e-05,
    "C_99_103": 3995.441443022684,
    "C_99_103_err": 5.3156746489603805e-05,
    "O_Am241": 220.72559018977788,
    "O_Am241_err": 2.936664222700461e-06
}