{
    "C_60": 788974.6821657434,
    "C_60_err": 6.321499562332578e-05,
    "C_99_103": 3859.730007721221,
    "C_99_103_err": 9.955635995464998e-06,
    "O_Am241": 204.4118838849956,
    "O_Am241_err": 5.275063011002772e-07
}