{
    "C_60": 3349477.8777840068,
    "C_60_err": 0.0002844125445553014,
    "C_99_103": 5962.863616507593,
    "C_99_103_err": 5.2834393653960316e-05,
    "O_Am241": 561.7230400023424,
    "O_Am241_err": 4.9774170409105375e-06
}