{
    "C_60": 1099411.6844079809,
    "C_60_err": 3951.923806285465,
    "C_99_103": 4326.50485047484,
    "C_99_103_err": 73.27725156851773,
    "O_Am241": 254.11081748523148,
    "O_Am241_err": 4.3996924759837155
}