{
    "C_60": 1923083.867520233,
    "C_60_err": 0.00015803692590216079,
    "C_99_103": 5069.846467694039,
    "C_99_103_err": 4.103107100479064e-05,
    "O_Am241": 379.31796944433415,
    "O_Am241_err": 3.0700387041578633e-06
}