{
    "C_60": 5219565.171797745,
    "C_60_err": 0.00044444655878772554,
    "C_99_103": 6842.160483501326,
    "C_99_103_err": 2.5842343069387746e-05,
    "O_Am241": 762.8533683744797,
    "O_Am241_err": 2.8819738809158046e-06
}