{
    "C_60": 3019495.55008632,
    "C_60_err": 3268.3666534455824,
    "C_99_103": 11159.27370022265,
    "C_99_103_err": 138.76941321614424,
    "O_Am241": 270.5817270192123,
    "O_Am241_err": 3.3774998120183506
}