{
    "C_60": 1720457.0148256924,
    "C_60_err": 0.0001409309576581863,
    "C_99_103": 4897.772696308468,
    "C_99_103_err": 8.331169319472694e-06,
    "O_Am241": 351.27334841864536,
    "O_Am241_err": 5.982125617243113e-07
}