{
    "C_60": 3349477.8777840068,
    "C_60_err": 0.0002844125445553014,
    "C_99_103": 5951.595051280713,
    "C_99_103_err": 6.315268626136861e-05,
    "O_Am241": 562.786588960423,
    "O_Am241_err": 5.9719491217382825e-06
}