{
    "C_60": 4182613.513225238,
    "C_60_err": 0.00035063827763581745,
    "C_99_103": 6407.3887523877875,
    "C_99_103_err": 1.3609563128518213e-05,
    "O_Am241": 652.7797320970323,
    "O_Am241_err": 1.3876111116767105e-06
}