{
    "C_60": 2990935.6557134856,
    "C_60_err": 8773.485583583739,
    "C_99_103": 5877.415748042991,
    "C_99_103_err": 80.07121594250368,
    "O_Am241": 508.8861812624673,
    "O_Am241_err": 7.091716783181799
}