{
    "C_60": 3238115.8783373805,
    "C_60_err": 2474.490981148379,
    "C_99_103": 12231.091844698507,
    "C_99_103_err": 147.42850108141212,
    "O_Am241": 264.74462946175345,
    "O_Am241_err": 3.1975284729534206
}