{
    "C_60": 4658350.123225676,
    "C_60_err": 11439.790549887097,
    "C_99_103": 6704.611457054581,
    "C_99_103_err": 85.36612782305465,
    "O_Am241": 694.7979242442406,
    "O_Am241_err": 9.009523530397207
}