{
    "C_60": 786568.7239553386,
    "C_60_err": 2473.072115984549,
    "C_99_103": 3898.789512764588,
    "C_99_103_err": 60.01312025216572,
    "O_Am241": 201.74690666939634,
    "O_Am241_err": 3.1695621072439386
}