{
    "C_60": 3341314.319240146,
    "C_60_err": 8717.254348201419,
    "C_99_103": 6046.812040807947,
    "C_99_103_err": 70.21022002290975,
    "O_Am241": 552.5745296349074,
    "O_Am241_err": 6.57597279751571
}