{
    "C_60": 2683314.7306719716,
    "C_60_err": 0.00021995953199016594,
    "C_99_103": 5622.9876969126235,
    "C_99_103_err": 1.624253636251975e-05,
    "O_Am241": 477.2044463382485,
    "O_Am241_err": 1.3790055015005692e-06
}