{
    "C_60": 5815034.107699287,
    "C_60_err": 13729.609233085648,
    "C_99_103": 7161.498427752017,
    "C_99_103_err": 88.326915307755,
    "O_Am241": 811.9856712060491,
    "O_Am241_err": 10.196541439036274
}