{
    "C_60": 2395016.16303398,
    "C_60_err": 7254.199162982562,
    "C_99_103": 5513.0695231741665,
    "C_99_103_err": 78.46047013967596,
    "O_Am241": 434.4251696748134,
    "O_Am241_err": 6.321087264953431
}