{
    "C_60": 6459358.680440726,
    "C_60_err": 0.0005490962217730155,
    "C_99_103": 7293.582048939095,
    "C_99_103_err": 2.6562151763232346e-05,
    "O_Am241": 885.6222686053537,
    "O_Am241_err": 3.226184411790059e-06
}