{
    "C_60": 1376803.1698102334,
    "C_60_err": 0.00011051085088906176,
    "C_99_103": 4552.756383339723,
    "C_99_103_err": 1.0175711139950248e-05,
    "O_Am241": 302.4109031725227,
    "O_Am241_err": 6.76344052848728e-07
}