{
    "C_60": 2149058.435677459,
    "C_60_err": 0.00017639845060590797,
    "C_99_103": 5255.439994828382,
    "C_99_103_err": 1.9129470312004164e-05,
    "O_Am241": 408.9207445603491,
    "O_Am241_err": 1.488824136239457e-06
}