{
    "C_60": 4169270.21158187,
    "C_60_err": 10856.637654343169,
    "C_99_103": 6481.933080216678,
    "C_99_103_err": 82.68862509838335,
    "O_Am241": 643.2140165573106,
    "O_Am241_err": 8.374542650180551
}