{
    "C_60": 2998167.189497777,
    "C_60_err": 0.00025013747729840663,
    "C_99_103": 5797.889907484441,
    "C_99_103_err": 5.334186542698945e-05,
    "O_Am241": 517.1135080760107,
    "O_Am241_err": 4.757753895441303e-06
}