{
    "C_60": 4182613.513225238,
    "C_60_err": 0.00035063827763581745,
    "C_99_103": 6396.733185860495,
    "C_99_103_err": 1.527673982267336e-05,
    "O_Am241": 653.8671211847003,
    "O_Am241_err": 1.5625335400886905e-06
}