{
    "C_60": 1231766.206260019,
    "C_60_err": 9.969143018997983e-05,
    "C_99_103": 4380.155997939259,
    "C_99_103_err": 6.701378187332378e-06,
    "O_Am241": 281.21514549699384,
    "O_Am241_err": 4.3084402357231273e-07
}