{
    "C_60": 1373334.4430043376,
    "C_60_err": 4630.839274714268,
    "C_99_103": 4631.974082265637,
    "C_99_103_err": 68.00013913025549,
    "O_Am241": 296.49009657942617,
    "O_Am241_err": 4.465991832585375
}