{
    "C_60": 5812669.486475005,
    "C_60_err": 0.000499099717524154,
    "C_99_103": 7088.925943326354,
    "C_99_103_err": 1.899300316273765e-05,
    "O_Am241": 819.9647637661047,
    "O_Am241_err": 2.1980182826914635e-06
}