{
    "C_60": 1539385.1322497106,
    "C_60_err": 0.00012516582958768674,
    "C_99_103": 4764.874775738683,
    "C_99_103_err": 2.6553786734209153e-05,
    "O_Am241": 323.0693784625357,
    "O_Am241_err": 1.8005989314086652e-06
}