{
    "C_60": 1918141.8840821343,
    "C_60_err": 5830.911231877667,
    "C_99_103": 5125.301577380257,
    "C_99_103_err": 75.70532267427356,
    "O_Am241": 374.2495646592902,
    "O_Am241_err": 5.6438566356544335
}