{
    "C_60": 1161619.746696252,
    "C_60_err": 3526.5942662102625,
    "C_99_103": 4393.78457827308,
    "C_99_103_err": 66.6411041419125,
    "O_Am241": 264.37794707559635,
    "O_Am241_err": 4.089395390306585
}