{
    "C_60": 1720457.0148256924,
    "C_60_err": 0.0001409309576581863,
    "C_99_103": 4888.67192056217,
    "C_99_103_err": 8.62494745722695e-06,
    "O_Am241": 351.9272806156829,
    "O_Am241_err": 6.215643617957259e-07
}