{
    "C_60": 6497922.445567194,
    "C_60_err": 16046.6147550559,
    "C_99_103": 7391.21961099944,
    "C_99_103_err": 85.16667627320543,
    "O_Am241": 879.1407626282864,
    "O_Am241_err": 10.360092445110002
}