{
    "C_60": 2401725.8815311585,
    "C_60_err": 0.0001998065790057013,
    "C_99_103": 5461.499809970471,
    "C_99_103_err": 1.1991930486673329e-05,
    "O_Am241": 439.7557383681652,
    "O_Am241_err": 9.662737842782945e-07
}