{
    "C_60": 705159.1807978208,
    "C_60_err": 5.709956285279705e-05,
    "C_99_103": 3682.3169979983345,
    "C_99_103_err": 2.1271358580381323e-06,
    "O_Am241": 191.49877133911536,
    "O_Am241_err": 1.1170315056924977e-07
}