{
    "C_79": 51374.85231457011,
    "C_79_err": 81.5143353562227,
    "C_81": 637823.6381695669,
    "C_81_err": 1012.0081634791422,
    "C_356": 1049786.978272252,
    "C_356_err": 2284.794578326786,
    "C_161": 15973.777618926508,
    "C_161_err": 236.83736100656054,
    "C_223": 10780.03886275898,
    "C_223_err": 198.45306431381988,
    "C_276": 140894.71226735864,
    "C_276_err": 373.60989311279513,
    "C_303": 349312.40744351473,
    "C_303_err": 663.120969160985,
    "C_383": 150198.85347054238,
    "C_383_err": 351.8099261968951,
    "O_Ba133": 0.656512706623991,
    "O_Ba133_err": 0.0017253943607495965
}