{
    "C_79": 75769.24085181505,
    "C_79_err": 117.18627433948082,
    "C_81": 940682.2732168532,
    "C_81_err": 1454.8786512335544,
    "C_356": 1148742.5405192939,
    "C_356_err": 3370.3095023628134,
    "C_161": 18694.266163801,
    "C_161_err": 213.92899972578547,
    "C_223": 11699.3515256872,
    "C_223_err": 205.9575991014495,
    "C_276": 153961.48586485191,
    "C_276_err": 430.31807557791956,
    "C_303": 382834.2553057101,
    "C_303_err": 589.5779429051358,
    "C_383": 166043.63723560458,
    "C_383_err": 499.13955990056553,
    "O_Ba133": 0.8848384021794623,
    "O_Ba133_err": 0.002890299940411324
}