{
    "C_79": 62589.3555633084,
    "C_79_err": 97.95756181228754,
    "C_81": 777052.7539746703,
    "C_81_err": 1216.152371178966,
    "C_356": 1099554.5016319237,
    "C_356_err": 2694.401837021635,
    "C_161": 17413.968664377593,
    "C_161_err": 258.88370711109377,
    "C_223": 11078.58051647043,
    "C_223_err": 188.4429992782748,
    "C_276": 147534.65635008237,
    "C_276_err": 354.59246357113483,
    "C_303": 366352.6521362019,
    "C_303_err": 715.001252570853,
    "C_383": 158132.4894493295,
    "C_383_err": 454.6067407401129,
    "O_Ba133": 0.7636202737488761,
    "O_Ba133_err": 0.002175476682638868
}