{
    "C_79": 45147.37690192942,
    "C_79_err": 82.65184134225225,
    "C_81": 560508.9434239414,
    "C_81_err": 1026.1304076075846,
    "C_356": 1017947.5338152648,
    "C_356_err": 2116.79776127917,
    "C_161": 15438.830202319534,
    "C_161_err": 235.4642774160505,
    "C_223": 10309.096242758846,
    "C_223_err": 155.8232336447773,
    "C_276": 136587.85326087376,
    "C_276_err": 315.4165561161819,
    "C_303": 338605.2328204406,
    "C_303_err": 592.4724787543604,
    "C_383": 145263.0769837407,
    "C_383_err": 478.8243901839873,
    "O_Ba133": 0.5949779337407227,
    "O_Ba133_err": 0.0015979685238204997
}