{
    "C_79": 58488.5291342105,
    "C_79_err": 75.94233846425875,
    "C_81": 726140.606986977,
    "C_81_err": 942.8312964053256,
    "C_356": 1082504.2374298205,
    "C_356_err": 2564.314733997709,
    "C_161": 17225.3566301348,
    "C_161_err": 255.53726193456998,
    "C_223": 10947.00724317497,
    "C_223_err": 206.12908195841507,
    "C_276": 145293.31417424994,
    "C_276_err": 355.52087761423354,
    "C_303": 360466.27261948603,
    "C_303_err": 575.5003832248372,
    "C_383": 155301.5538735493,
    "C_383_err": 419.61207200183196,
    "O_Ba133": 0.7248277734081902,
    "O_Ba133_err": 0.0019265742711250143
}