{
    "C_79": 17513.23726276128,
    "C_79_err": 72.57824310472719,
    "C_81": 217428.49280937607,
    "C_81_err": 901.0657351492547,
    "C_356": 307553.5633883644,
    "C_356_err": 1282.1097345573164,
    "C_161": 4684.633134175716,
    "C_161_err": 120.26597975021026,
    "C_223": 2910.7389524148934,
    "C_223_err": 100.46604095214566,
    "C_276": 40698.34949840321,
    "C_276_err": 196.3102431309418,
    "C_303": 100094.96413650239,
    "C_303_err": 399.50424442500037,
    "C_383": 43735.321475040226,
    "C_383_err": 226.55514104967796,
    "O_Ba133": 0.7639050820408275,
    "O_Ba133_err": 0.00433364610969265
}