{
    "C_79": 96684.4677779468,
    "C_79_err": 225.22142587154917,
    "C_81": 1200346.7886393839,
    "C_81_err": 2796.14524949961,
    "C_356": 1199662.981253427,
    "C_356_err": 3843.8703708700978,
    "C_161": 20593.494762865022,
    "C_161_err": 268.31806554404426,
    "C_223": 12127.70953390525,
    "C_223_err": 243.2842025922014,
    "C_276": 160636.1522997182,
    "C_276_err": 482.0498812025512,
    "C_303": 398660.8658292136,
    "C_303_err": 621.535014942165,
    "C_383": 174878.90775882223,
    "C_383_err": 2657.7739027826174,
    "O_Ba133": 1.0811630238537258,
    "O_Ba133_err": 0.004179511336096329
}