{
    "C_79": 66601.25468214176,
    "C_79_err": 91.13626453267341,
    "C_81": 826860.8600160073,
    "C_81_err": 1131.4653219339455,
    "C_356": 1115309.7481466925,
    "C_356_err": 2726.717978732604,
    "C_161": 17931.09711439272,
    "C_161_err": 288.34765684389527,
    "C_223": 11145.313456420872,
    "C_223_err": 199.8088452568233,
    "C_276": 149655.30050107962,
    "C_276_err": 446.0126567645276,
    "C_303": 371753.1432885113,
    "C_303_err": 583.5030966060492,
    "C_383": 160637.30672784668,
    "C_383_err": 433.17934477479645,
    "O_Ba133": 0.8010887703463659,
    "O_Ba133_err": 0.0022071727242213165
}