{
    "C_79": 20952.255716027747,
    "C_79_err": 60.848932176128855,
    "C_81": 260124.23134238189,
    "C_81_err": 755.4452334319394,
    "C_356": 842336.8264008437,
    "C_356_err": 1264.1604959598349,
    "C_161": 11754.497021669178,
    "C_161_err": 172.75928593725584,
    "C_223": 8088.372681337171,
    "C_223_err": 171.87407053781882,
    "C_276": 112740.07871532919,
    "C_276_err": 395.8140647360865,
    "C_303": 279151.52279113105,
    "C_303_err": 521.0033720748461,
    "C_383": 118856.94439350566,
    "C_383_err": 334.4589015504637,
    "O_Ba133": 0.3336865707978122,
    "O_Ba133_err": 0.0010297274658642203
}