{
    "C_79": 86085.58816877248,
    "C_79_err": 157.8717573483253,
    "C_81": 1068760.6983972106,
    "C_81_err": 1959.992761041473,
    "C_356": 1180787.8862945004,
    "C_356_err": 3608.3506968821944,
    "C_161": 19684.537891881984,
    "C_161_err": 289.6693515565828,
    "C_223": 11976.656144776725,
    "C_223_err": 203.48862493091136,
    "C_276": 158222.6643012603,
    "C_276_err": 354.1590723392532,
    "C_303": 392980.6424928311,
    "C_303_err": 651.2281268761288,
    "C_383": 171259.02408943936,
    "C_383_err": 884.548902643742,
    "O_Ba133": 0.978030262649521,
    "O_Ba133_err": 0.003421368197795284
}