{
    "trapEmax": {
        "resolution": [
            0.24376954523579836,
            3.9465231462828065e-20,
            8.276471206094644e-06
        ],
        "calibration": [
            0.05928598110026994,
            0.7282964843838492
        ]
    }
}