{
    "trapEmax": {
        "resolution": [
            0.20887771283705048,
            0.0013971790257898402,
            1.5349987440937338e-20
        ],
        "calibration": [
            0.07155444554426287,
            -0.19685975694638086
        ]
    }
}