{
    "trapEmax": {
        "resolution": [
            0.20923577282084208,
            0.0013884497556113711,
            1.6372376912169917e-20
        ],
        "calibration": [
            0.07155396913551242,
            -0.196268743863139
        ]
    }
}