{
    "trapEmax": {
        "resolution": [
            0.2535201082686019,
            1.825033897592502e-19,
            6.795792942262006e-06
        ],
        "calibration": [
            0.05955061245624108,
            0.4664085506934043
        ]
    }
}