{
    "trapEmax": {
        "resolution": [
            0.2540293951571842,
            3.547017948376679e-19,
            6.819184416549702e-06
        ],
        "calibration": [
            0.05956844523555135,
            0.44894290322059394
        ]
    }
}