{
    "trapEmax": {
        "resolution": [
            0.24512124539909716,
            3.160640116930587e-16,
            7.89955514991698e-06
        ],
        "calibration": [
            0.05931653492623434,
            0.6976336498396746
        ]
    }
}