{
    "cuspEmax_ctc": {
        "resolution": [
            0.313410221293855,
            0.002278537108840163,
            9.251684429606229e-27
        ],
        "calibration": [
            0.11422763829454889,
            -0.1777577562455781
        ]
    }
}