{
    "cuspEmax_ctc": {
        "resolution": [
            0.3155380456590658,
            0.0022716233063466286,
            1.6533272718968556e-26
        ],
        "calibration": [
            0.11422679986369884,
            -0.17611294825146037
        ]
    }
}