{
    "cuspEmax_ctc": {
        "resolution": [
            0.2613347869890271,
            0.0017735786572442025,
            3.4611272216571893e-29
        ],
        "calibration": [
            0.07155846381774823,
            -0.4939211824403371
        ]
    }
}