{
    "cuspEmax_ctc": {
        "resolution": [
            0.18142373960165029,
            0.0016738778893478064,
            2.912142111205851e-19
        ],
        "calibration": [
            0.05915581747978086,
            0.12236413363893378
        ]
    }
}