{
    "C_60": 4440564.00550397,
    "C_60_err": 0.00025797128379467793,
    "C_99_103": 6840.147931892473,
    "C_99_103_err": 6.63903923571231e-05,
    "O_Am241": 649.1912235990769,
    "O_Am241_err": 6.301154960828045e-06
}