{
    "C_60": 3559881.285310856,
    "C_60_err": 0.00020719459410546703,
    "C_99_103": 6381.021744185179,
    "C_99_103_err": 3.826523575401059e-05,
    "O_Am241": 557.8857788025659,
    "O_Am241_err": 3.3456454421405512e-06
}