{
    "C_60": 6908723.239294598,
    "C_60_err": 0.0003995533182510336,
    "C_99_103": 7855.32927588951,
    "C_99_103_err": 3.8410936946379104e-08,
    "O_Am241": 879.4950531863323,
    "O_Am241_err": 5.104546282784001e-08
}