{
    "C_60": 5378770.697664824,
    "C_60_err": 8.681773876695331e-05,
    "C_99_103": 13017.55673468548,
    "C_99_103_err": 7.216595099722166e-05,
    "O_Am241": 413.19356675688664,
    "O_Am241_err": 2.2906474452176983e-06
}