{
    "C_60": 1311186.3370184998,
    "C_60_err": 7.676910796068637e-05,
    "C_99_103": 4717.816579693447,
    "C_99_103_err": 4.167905682799786e-05,
    "O_Am241": 277.92227927260745,
    "O_Am241_err": 2.455329210897792e-06
}