{
    "C_60": 3976581.660899238,
    "C_60_err": 0.0002315331316704583,
    "C_99_103": 6624.317496139503,
    "C_99_103_err": 7.547104448948964e-05,
    "O_Am241": 600.3005839041829,
    "O_Am241_err": 6.839331557300582e-06
}