{
    "C_60": 1466393.3813970252,
    "C_60_err": 8.534289305854592e-05,
    "C_99_103": 4912.530795152529,
    "C_99_103_err": 3.9475449536292547e-08,
    "O_Am241": 298.50059827492544,
    "O_Am241_err": 1.7537301404180515e-08
}