{
    "C_60": 1049426.4985021271,
    "C_60_err": 6.186915415647837e-05,
    "C_99_103": 4433.513543826865,
    "C_99_103_err": 3.5444217204804417e-08,
    "O_Am241": 236.70312228172335,
    "O_Am241_err": 1.408260244583287e-08
}