{
    "C_60": 2285770.323942604,
    "C_60_err": 0.00013245286902351106,
    "C_99_103": 5613.292504884786,
    "C_99_103_err": 7.800896333579055e-05,
    "O_Am241": 407.2067012281093,
    "O_Am241_err": 5.659075977225824e-06
}