{
    "C_60": 6205449.692166825,
    "C_60_err": 0.00010217516102167812,
    "C_99_103": 15863.679017723001,
    "C_99_103_err": 0.00015984903223517817,
    "O_Am241": 391.1734273767174,
    "O_Am241_err": 3.941631522684956e-06
}