{
    "C_60": 939272.4628038617,
    "C_60_err": 5.462048236575673e-05,
    "C_99_103": 4321.4005371467665,
    "C_99_103_err": 3.6433274140268213e-05,
    "O_Am241": 217.35371547484988,
    "O_Am241_err": 1.8325299408718445e-06
}