{
    "C_60": 1830700.2253996816,
    "C_60_err": 0.00010665767628387918,
    "C_99_103": 5235.373850050753,
    "C_99_103_err": 3.238840273730233e-08,
    "O_Am241": 349.6789871810079,
    "O_Am241_err": 2.04870369360422e-08
}