{
    "C_60": 3187456.2207839014,
    "C_60_err": 0.0001852793538508618,
    "C_99_103": 6205.619527163341,
    "C_99_103_err": 7.919324849098071e-05,
    "O_Am241": 513.6402911637936,
    "O_Am241_err": 6.554908014945028e-06
}