{
    "C_60": 5541457.153976507,
    "C_60_err": 0.00032149498196298865,
    "C_99_103": 7361.998190790624,
    "C_99_103_err": 9.140898846056115e-05,
    "O_Am241": 752.7110181728251,
    "O_Am241_err": 9.346009343259283e-06
}