{
    "C_60": 840507.4467868445,
    "C_60_err": 4.9142160022542375e-05,
    "C_99_103": 4189.2889217655365,
    "C_99_103_err": 3.8303600069396193e-08,
    "O_Am241": 200.6324850071741,
    "O_Am241_err": 1.1872999181677458e-08
}