{
    "C_60": 6205449.692166825,
    "C_60_err": 0.00010217516102167812,
    "C_99_103": 15863.676178523247,
    "C_99_103_err": 0.00015984899612246813,
    "O_Am241": 391.17349738693997,
    "O_Am241_err": 3.941632043107481e-06
}