{
    "C_60": 6189620.043805491,
    "C_60_err": 0.000359434679196996,
    "C_99_103": 7618.573135284789,
    "C_99_103_err": 5.0355043044160116e-08,
    "O_Am241": 812.4382261474632,
    "O_Am241_err": 4.748334912987005e-08
}