{
    "C_60": 751594.2628654116,
    "C_60_err": 4.3896428213677924e-05,
    "C_99_103": 4046.1925111246937,
    "C_99_103_err": 3.684837938319972e-05,
    "O_Am241": 185.75346101278208,
    "O_Am241_err": 1.6916779764847078e-06
}