{
    "C_60": 1173117.3255158984,
    "C_60_err": 6.833083195101342e-05,
    "C_99_103": 4584.72552045209,
    "C_99_103_err": 5.4313932578325375e-05,
    "O_Am241": 255.8751489664358,
    "O_Am241_err": 3.0313163806489795e-06
}