{
    "C_60": 2853080.35831994,
    "C_60_err": 0.00016598115546134773,
    "C_99_103": 5979.008044575735,
    "C_99_103_err": 7.292944952262574e-05,
    "O_Am241": 477.182893391205,
    "O_Am241_err": 5.82054436066708e-06
}