{
    "C_60": 2553426.9597118357,
    "C_60_err": 0.00014827387201571396,
    "C_99_103": 5789.386917409847,
    "C_99_103_err": 7.840426862195757e-05,
    "O_Am241": 441.05308491874484,
    "O_Am241_err": 5.973130302463498e-06
}