{
    "C_60": 4961019.310307852,
    "C_60_err": 0.00028771340833552705,
    "C_99_103": 7114.64916630584,
    "C_99_103_err": 9.684541430840704e-05,
    "O_Am241": 697.2964083461303,
    "O_Am241_err": 9.491764229902261e-06
}