{
    "C_60": 1638379.036686885,
    "C_60_err": 9.612659390367817e-05,
    "C_99_103": 5062.679681790062,
    "C_99_103_err": 2.1715924626756838e-08,
    "O_Am241": 323.61894089013094,
    "O_Am241_err": 1.903796997643974e-08
}