{
    "C_60": 2045304.3012985296,
    "C_60_err": 0.00011910937327080928,
    "C_99_103": 5398.620905813088,
    "C_99_103_err": 5.278533625063817e-05,
    "O_Am241": 378.85681120824796,
    "O_Am241_err": 3.7043606554852992e-06
}