{
    "C_79": 16650.12302441206,
    "C_79_err": 112.34400370210271,
    "C_81": 206712.84811439438,
    "C_81_err": 1394.7614044525205,
    "C_356": 154308.74058475104,
    "C_356_err": 378.0532030892604,
    "C_161": 3490.474780687665,
    "C_161_err": 105.51516623109585,
    "C_223": 1967.949899505706,
    "C_223_err": 75.42449732734893,
    "C_276": 23264.150481519766,
    "C_276_err": 165.99666837469238,
    "C_303": 55185.413639663544,
    "C_303_err": 241.50698900344503,
    "C_383": 20986.47165530336,
    "C_383_err": 152.16887307743613,
    "O_Ba133": 1.447506928592478,
    "O_Ba133_err": 0.009736843430479468
}