{
    "C_79": 12227.43674467038,
    "C_79_err": 77.18611722577175,
    "C_81": 151804.780716848,
    "C_81_err": 958.2729270671285,
    "C_356": 139932.40564862316,
    "C_356_err": 525.2822627819285,
    "C_161": 3080.2380769775755,
    "C_161_err": 91.26447030243591,
    "C_223": 1808.4845336998017,
    "C_223_err": 72.93438466609987,
    "C_276": 21063.190829466395,
    "C_276_err": 156.96540076303643,
    "C_303": 50073.255887263054,
    "C_303_err": 195.7936918012021,
    "C_383": 18958.749364003877,
    "C_383_err": 140.70879308685292,
    "O_Ba133": 1.172224665910561,
    "O_Ba133_err": 0.008158665186508967
}