{
    "C_79": 49755.63576628347,
    "C_79_err": 117.40076297654115,
    "C_81": 617720.9119663413,
    "C_81_err": 1457.5415478974355,
    "C_356": 625363.7497716267,
    "C_356_err": 1651.4722415644912,
    "C_161": 13569.300036173232,
    "C_161_err": 212.35588698106696,
    "C_223": 7591.803739696823,
    "C_223_err": 107.77735214675342,
    "C_276": 93622.71535162615,
    "C_276_err": 331.7849751889163,
    "C_303": 223850.89199676967,
    "C_303_err": 447.8181456111067,
    "C_383": 86406.79640954675,
    "C_383_err": 320.3329747452702,
    "O_Ba133": 1.0673412841348369,
    "O_Ba133_err": 0.003662276205594118
}