{
    "C_79": 16979.08165570787,
    "C_79_err": 62.62916901860909,
    "C_81": 210796.90055577003,
    "C_81_err": 777.5470417782034,
    "C_356": 435614.8514431097,
    "C_356_err": 929.1447520125084,
    "C_161": 9007.149897479223,
    "C_161_err": 173.52366844908605,
    "C_223": 5722.51514237048,
    "C_223_err": 116.5148861342619,
    "C_276": 66084.53464490676,
    "C_276_err": 259.63275483554054,
    "C_303": 156632.91978324528,
    "C_303_err": 418.1952602424463,
    "C_383": 58560.374655906526,
    "C_383_err": 265.24684275883897,
    "O_Ba133": 0.5228838765641234,
    "O_Ba133_err": 0.0021096321443855566
}