{
    "C_79": 15053.150081090373,
    "C_79_err": 91.9180010277049,
    "C_81": 186886.27836523074,
    "C_81_err": 1141.1706542684874,
    "C_356": 149651.75298103123,
    "C_356_err": 348.07979728689367,
    "C_161": 3333.24647180168,
    "C_161_err": 90.18299087167344,
    "C_223": 1827.6800561619093,
    "C_223_err": 70.71779939655713,
    "C_276": 22499.205473080387,
    "C_276_err": 156.63270501258322,
    "C_303": 53457.51702980968,
    "C_303_err": 187.09578534416033,
    "C_383": 20299.32860544984,
    "C_383_err": 150.7330385974451,
    "O_Ba133": 1.3493956764537032,
    "O_Ba133_err": 0.00826900579952201
}