{
    "C_79": 13257.091400510613,
    "C_79_err": 69.33030931838059,
    "C_81": 164588.04040633934,
    "C_81_err": 860.7423307829138,
    "C_356": 170418.47544138107,
    "C_356_err": 781.0281261544575,
    "C_161": 3823.827413390266,
    "C_161_err": 82.43830095506613,
    "C_223": 2096.2466055036853,
    "C_223_err": 93.1014011444765,
    "C_276": 25749.501761433083,
    "C_276_err": 183.8516838386776,
    "C_303": 57798.31158663936,
    "C_303_err": 279.19481314150033,
    "C_383": 22476.322707251315,
    "C_383_err": 152.83702317035954,
    "O_Ba133": 1.0435789391158086,
    "O_Ba133_err": 0.006967790219665754
}