{
    "C_79": 14296.184863478435,
    "C_79_err": 92.61307442665293,
    "C_81": 177488.48377677824,
    "C_81_err": 1149.8000560893893,
    "C_356": 147168.296553354,
    "C_356_err": 409.700903706102,
    "C_161": 3134.3812110165845,
    "C_161_err": 82.14381827385803,
    "C_223": 1898.0243592675863,
    "C_223_err": 80.61700520075945,
    "C_276": 22216.23874484557,
    "C_276_err": 158.20415027975864,
    "C_303": 52649.867616015115,
    "C_303_err": 239.50231172486585,
    "C_383": 19988.814976465826,
    "C_383_err": 129.5643803251597,
    "O_Ba133": 1.3031656486608008,
    "O_Ba133_err": 0.008636997104077296
}