{
    "C_79": 12879.922328808809,
    "C_79_err": 81.08637651249215,
    "C_81": 159905.45079917723,
    "C_81_err": 1006.6950140607516,
    "C_356": 142267.86641104956,
    "C_356_err": 364.8634746045247,
    "C_161": 3095.624647775616,
    "C_161_err": 91.29951301698497,
    "C_223": NaN,
    "C_223_err": NaN,
    "C_276": 21386.60387330836,
    "C_276_err": 139.76964858884097,
    "C_303": 50923.06103593617,
    "C_303_err": 239.10538003882814,
    "C_383": 19301.46323781518,
    "C_383_err": 129.54664325954602,
    "O_Ba133": 1.2145073760280014,
    "O_Ba133_err": 0.007752230130761923
}