{
    "C_79": 13255.40894850272,
    "C_79_err": 58.921923400446715,
    "C_81": 164567.15260593963,
    "C_81_err": 731.521237688565,
    "C_356": 175275.67316041555,
    "C_356_err": 772.7431364409802,
    "C_161": 3820.9629274881695,
    "C_161_err": 93.44951875133006,
    "C_223": 2060.708405700206,
    "C_223_err": 81.78961221264782,
    "C_276": 26455.119149237544,
    "C_276_err": 182.42064948779168,
    "C_303": 61299.067065699615,
    "C_303_err": 316.69365339676403,
    "C_383": 23380.16787986395,
    "C_383_err": 157.255488529881,
    "O_Ba133": 1.0145307580230818,
    "O_Ba133_err": 0.006126775069136833
}