{
    "C_79": 3698.8485128629977,
    "C_79_err": 30.715742465765146,
    "C_81": 45921.55323516473,
    "C_81_err": 381.3388404240277,
    "C_356": 50993.18673403495,
    "C_356_err": 278.4761562075684,
    "C_161": 1021.4041863367604,
    "C_161_err": 38.666323168159295,
    "C_223": 596.7267748757697,
    "C_223_err": 47.595058505411906,
    "C_276": 7792.753067570316,
    "C_276_err": 94.27012353796383,
    "C_303": 17852.132328957967,
    "C_303_err": 124.28452403481505,
    "C_383": 6634.846780706591,
    "C_383_err": 62.268232387561504,
    "O_Ba133": 0.9730790508707123,
    "O_Ba133_err": 0.009193784863988802
}