{
    "C_79": 11020.480837806514,
    "C_79_err": 73.45445944233032,
    "C_81": 136820.30926936446,
    "C_81_err": 911.944043642516,
    "C_356": 135324.45115852705,
    "C_356_err": 349.5989671379943,
    "C_161": 3041.1299885028243,
    "C_161_err": 100.35156704633445,
    "C_223": 1736.3158854707617,
    "C_223_err": 82.80908527882663,
    "C_276": 20329.829761095272,
    "C_276_err": 154.8759208556428,
    "C_303": 48456.626052847285,
    "C_303_err": 214.06652438061428,
    "C_383": 18313.870862622327,
    "C_383_err": 130.23560565084594,
    "O_Ba133": 1.092491333543127,
    "O_Ba133_err": 0.007326234466379663
}