{
    "C_79": 13575.596927492297,
    "C_79_err": 87.66818275485181,
    "C_81": 168542.3165715083,
    "C_81_err": 1088.408759484764,
    "C_356": 144700.68984880837,
    "C_356_err": 439.14771913255765,
    "C_161": 3151.8665468535905,
    "C_161_err": 108.69398498986445,
    "C_223": 1862.6230038803699,
    "C_223_err": 87.08202001797663,
    "C_276": 21830.216110032034,
    "C_276_err": 157.23533820745033,
    "C_303": 51745.80058921945,
    "C_303_err": 235.73448092247295,
    "C_383": 19633.079316165124,
    "C_383_err": 128.8603455435875,
    "O_Ba133": 1.258583588573682,
    "O_Ba133_err": 0.008457781897113518
}