{
    "C_79": 6889.479170282273,
    "C_79_err": 43.465038306236806,
    "C_81": 85533.53384991965,
    "C_81_err": 539.6225510472419,
    "C_356": 115730.07089649019,
    "C_356_err": 382.6038786538591,
    "C_161": 2512.397788941439,
    "C_161_err": 98.79810816404525,
    "C_223": 1464.0153248731956,
    "C_223_err": 80.91613334044233,
    "C_276": 17604.554225907745,
    "C_276_err": 152.75270699595188,
    "C_303": 41455.89638727266,
    "C_303_err": 193.84288241963336,
    "C_383": 15603.875312552133,
    "C_383_err": 109.56975696462,
    "O_Ba133": 0.7986084541749372,
    "O_Ba133_err": 0.005371510950265103
}