{
    "C_79": 3714.4550696359156,
    "C_79_err": 28.382151272518037,
    "C_81": 46115.31010981924,
    "C_81_err": 352.3670856097522,
    "C_356": 51256.689906585474,
    "C_356_err": 248.39604384452815,
    "C_161": 1003.3634997496392,
    "C_161_err": 40.22766112815701,
    "C_223": 629.4045930207925,
    "C_223_err": 57.992428710526674,
    "C_276": 7852.813156256659,
    "C_276_err": 94.24598294260086,
    "C_303": 17935.68532882732,
    "C_303_err": 153.23580862569597,
    "C_383": 6667.427994088073,
    "C_383_err": 79.59374221378472,
    "O_Ba133": 0.9721612002310164,
    "O_Ba133_err": 0.008352344151622901
}