{
    "C_79": 43525.218170425556,
    "C_79_err": 107.70228689433264,
    "C_81": 540369.689738493,
    "C_81_err": 1337.1340523862432,
    "C_356": 598928.72642255,
    "C_356_err": 1558.3427744890196,
    "C_161": 12889.11066719449,
    "C_161_err": 192.8036433184501,
    "C_223": 7442.967983996601,
    "C_223_err": 143.85997005054057,
    "C_276": 89790.0409897069,
    "C_276_err": 354.4185955889299,
    "C_303": 214533.35170912024,
    "C_303_err": 514.340296788051,
    "C_383": 82484.9315878432,
    "C_383_err": 265.88065307146746,
    "O_Ba133": 0.9748988187568999,
    "O_Ba133_err": 0.0033839012975739303
}