{
    "C_79": 6537.694121311338,
    "C_79_err": 35.85781372147263,
    "C_81": 81166.0892796785,
    "C_81_err": 445.178140164698,
    "C_356": 113766.54904937715,
    "C_356_err": 322.8671917096826,
    "C_161": 2538.656590819609,
    "C_161_err": 101.33609267255515,
    "C_223": 1427.4921654201175,
    "C_223_err": 61.70246725424694,
    "C_276": 17280.61069746492,
    "C_276_err": 144.69729708064287,
    "C_303": 40727.4729046004,
    "C_303_err": 207.8576750002593,
    "C_383": 15317.986821736446,
    "C_383_err": 115.81688777392426,
    "O_Ba133": 0.7709101149136948,
    "O_Ba133_err": 0.004494236767450644
}