{
    "C_79": 10456.31990799276,
    "C_79_err": 63.40277967344582,
    "C_81": 129816.19810300464,
    "C_81_err": 787.1514910401387,
    "C_356": 133021.4260567584,
    "C_356_err": 350.2267639193253,
    "C_161": 2905.641458328793,
    "C_161_err": 61.16305904926765,
    "C_223": 1779.9382893273382,
    "C_223_err": 55.76261168323627,
    "C_276": 20055.006598661555,
    "C_276_err": 131.5037702237459,
    "C_303": 47602.53551049522,
    "C_303_err": 229.8399035800941,
    "C_383": 17986.530573824944,
    "C_383_err": 139.78595675011513,
    "O_Ba133": 1.0545107068025648,
    "O_Ba133_err": 0.006553778949882687
}