{
    "C_79": 13255.678528001266,
    "C_79_err": 58.83378078699773,
    "C_81": 164570.4994608455,
    "C_81_err": 730.4269388272548,
    "C_356": 175274.19451377494,
    "C_356_err": 768.2623698152037,
    "C_161": 3828.7204484525705,
    "C_161_err": 95.34717359728728,
    "C_223": 2062.6229425200004,
    "C_223_err": 81.23220841172487,
    "C_276": 26455.34503669498,
    "C_276_err": 181.6757083508589,
    "C_303": 61301.99493192708,
    "C_303_err": 324.44583619685733,
    "C_383": 23379.520892889686,
    "C_383_err": 158.89180360815234,
    "O_Ba133": 1.0145599498097893,
    "O_Ba133_err": 0.006103719422289151
}