{
    "C_79": 8056.982452868794,
    "C_79_err": 48.13469616464232,
    "C_81": 100028.19724505435,
    "C_81_err": 597.5967938931066,
    "C_356": 122070.8372192429,
    "C_356_err": 393.55550416905066,
    "C_161": 2693.9760914748067,
    "C_161_err": 75.9710296689556,
    "C_223": 1594.277584969347,
    "C_223_err": 99.1303466905896,
    "C_276": 18513.815532308137,
    "C_276_err": 146.2209255708949,
    "C_303": 43671.464316585596,
    "C_303_err": 240.6363176036264,
    "C_383": 16438.734486337074,
    "C_383_err": 143.73206592433334,
    "O_Ba133": 0.8854299860645578,
    "O_Ba133_err": 0.00568068501843736
}