{
    "C_79": 8489.173600474398,
    "C_79_err": 54.42266442165556,
    "C_81": 105393.89111532124,
    "C_81_err": 675.6625130084785,
    "C_356": 124222.11093178843,
    "C_356_err": 409.6052278355526,
    "C_161": 2737.958098166624,
    "C_161_err": 83.1726554998954,
    "C_223": NaN,
    "C_223_err": NaN,
    "C_276": 18789.041746122566,
    "C_276_err": 125.28735732525939,
    "C_303": 44425.03267186564,
    "C_303_err": 181.38371340787504,
    "C_383": 16718.35523568366,
    "C_383_err": 143.55432623267504,
    "O_Ba133": 0.9167696786148638,
    "O_Ba133_err": 0.006238134960153226
}