{
    "C_79": 9919.261568164533,
    "C_79_err": 61.82789629108529,
    "C_81": 123148.56814816143,
    "C_81_err": 767.5991652742287,
    "C_356": 130838.60855456827,
    "C_356_err": 393.42931337528637,
    "C_161": 2928.7687192681033,
    "C_161_err": 88.23496685243931,
    "C_223": 1682.2644268806391,
    "C_223_err": 74.8739173841846,
    "C_276": 19699.21515815567,
    "C_276_err": 147.22046646863708,
    "C_303": 46832.025114672695,
    "C_303_err": 229.3253941041643,
    "C_383": 17663.663054992387,
    "C_383_err": 118.26142584362196,
    "O_Ba133": 1.0170379461107457,
    "O_Ba133_err": 0.006632864691672493
}