{
    "C_79": 56890.717164217334,
    "C_79_err": 121.78863288885893,
    "C_81": 706303.6206425147,
    "C_81_err": 1512.0173668088523,
    "C_356": 652313.5898669359,
    "C_356_err": 1860.55310870539,
    "C_161": 14305.20321713304,
    "C_161_err": 176.9776071421805,
    "C_223": 7853.604077151728,
    "C_223_err": 160.76082180121,
    "C_276": 97400.22705554595,
    "C_276_err": 297.2431919044479,
    "C_303": 233433.9773986227,
    "C_303_err": 491.4057779585451,
    "C_383": NaN,
    "C_383_err": NaN,
    "O_Ba133": 1.1699807418735741,
    "O_Ba133_err": 0.004067388015550597
}