{
    "C_79": 9413.748715094234,
    "C_79_err": 60.44087215725988,
    "C_81": 116872.57838739658,
    "C_81_err": 750.3791298014529,
    "C_356": 128594.99820210604,
    "C_356_err": 425.8952802368816,
    "C_161": 2841.480047786595,
    "C_161_err": 88.95988459049495,
    "C_223": 1634.375232169789,
    "C_223_err": 91.51248314452768,
    "C_276": 19476.08168300385,
    "C_276_err": 146.37610567912574,
    "C_303": 46072.20150028542,
    "C_303_err": 211.08765607332435,
    "C_383": 17304.567998413087,
    "C_383_err": 131.94722490084834,
    "O_Ba133": 0.9820469603647662,
    "O_Ba133_err": 0.006696944246295775
}