{
    "C_79": 29117.811514852572,
    "C_79_err": 82.54665451660419,
    "C_81": 361500.3769202459,
    "C_81_err": 1024.8245032438786,
    "C_356": 524699.7752317563,
    "C_356_err": 1017.129090187053,
    "C_161": 11171.302874419336,
    "C_161_err": 168.9035956964209,
    "C_223": 6691.398092841417,
    "C_223_err": 176.41908015381696,
    "C_276": 79025.21774078395,
    "C_276_err": 285.0967637416377,
    "C_303": 188086.64102252328,
    "C_303_err": 401.75536620125183,
    "C_383": 71488.71904839606,
    "C_383_err": 225.607438141503,
    "O_Ba133": 0.7444603692894,
    "O_Ba133_err": 0.002433564275647066
}