{
    "C_79": 7249.1037727079465,
    "C_79_err": 42.08633195147892,
    "C_81": 89998.30721588159,
    "C_81_err": 522.5057815862855,
    "C_356": 117833.7067373109,
    "C_356_err": 332.93765315103497,
    "C_161": 2480.5319325411765,
    "C_161_err": 74.67158530198805,
    "C_223": 592.747698636416,
    "C_223_err": 0.0,
    "C_276": 17907.37179298675,
    "C_276_err": 120.45413514252114,
    "C_303": 42159.318717127266,
    "C_303_err": 204.80123255794277,
    "C_383": 15887.84159645033,
    "C_383_err": 96.01669379857172,
    "O_Ba133": 0.8252936590154564,
    "O_Ba133_err": 0.005022730655035075
}