{
    "C_79": 6204.840263742208,
    "C_79_err": 33.894994690492965,
    "C_81": 77033.67723664858,
    "C_81_err": 420.8095567234787,
    "C_356": 111752.16353357852,
    "C_356_err": 314.33760843052283,
    "C_161": 2342.9695092991487,
    "C_161_err": 92.34102007286853,
    "C_223": 1417.7677690330156,
    "C_223_err": 73.30870047855467,
    "C_276": 16967.902617031912,
    "C_276_err": 121.54533257739502,
    "C_303": 40000.55444777275,
    "C_303_err": 228.93017108697953,
    "C_383": 15051.94461338515,
    "C_383_err": 111.67401836279201,
    "O_Ba133": 0.7448492706396673,
    "O_Ba133_err": 0.004319834164869585
}