{
    "C_79": 3393.730454697902,
    "C_79_err": 26.857081313181848,
    "C_81": 42133.4837583258,
    "C_81_err": 333.433198190069,
    "C_356": 46558.808571791786,
    "C_356_err": 223.79066881523556,
    "C_161": 930.262168954377,
    "C_161_err": 45.87181914631442,
    "C_223": 577.0958161578426,
    "C_223_err": 48.2267205080027,
    "C_276": 7113.604093611772,
    "C_276_err": 87.80986594789441,
    "C_303": 16200.233361431767,
    "C_303_err": 155.8010724531777,
    "C_383": 6078.790037883947,
    "C_383_err": 70.18802490214584,
    "O_Ba133": 0.9778431967996473,
    "O_Ba133_err": 0.008585551889866856
}