{
    "C_79": 33286.08506182669,
    "C_79_err": 97.30170864523566,
    "C_81": 413249.8862392735,
    "C_81_err": 1208.0098922370767,
    "C_356": 548565.1350520577,
    "C_356_err": 1316.1728277238672,
    "C_161": 11603.8504422191,
    "C_161_err": 193.61397244808862,
    "C_223": 6846.662832972557,
    "C_223_err": 184.2384289436462,
    "C_276": 82535.13641694478,
    "C_276_err": 283.0294456226012,
    "C_303": 196605.39090656635,
    "C_303_err": 456.52567891843375,
    "C_383": 74951.93157958506,
    "C_383_err": 304.5523731674939,
    "O_Ba133": 0.8140072030985434,
    "O_Ba133_err": 0.0029487660006640836
}