{
    "C_79": 3391.0268485695465,
    "C_79_err": 28.195682568148296,
    "C_81": 42099.91823318412,
    "C_81_err": 350.0520590536147,
    "C_356": 45096.24674798353,
    "C_356_err": 266.73616774665254,
    "C_161": 934.0715636466798,
    "C_161_err": 37.248392850975044,
    "C_223": 551.0798634228511,
    "C_223_err": 47.51872605365603,
    "C_276": 6901.33049457873,
    "C_276_err": 87.05538551771876,
    "C_303": 15150.743002316949,
    "C_303_err": 128.99723841297595,
    "C_383": 5802.344591102196,
    "C_383_err": 60.499279895185666,
    "O_Ba133": 1.008752354402704,
    "O_Ba133_err": 0.009810448382722868
}