{
    "C_79": 15843.971311588633,
    "C_79_err": 106.40414553651844,
    "C_81": 196704.39854764723,
    "C_81_err": 1321.017504962814,
    "C_356": 151932.35109043177,
    "C_356_err": 397.98638430191136,
    "C_161": 3397.556469126524,
    "C_161_err": 93.68944855307817,
    "C_223": 1853.495995211663,
    "C_223_err": 73.335379574436,
    "C_276": 22891.904275653967,
    "C_276_err": 153.1128854035003,
    "C_303": 54306.359285423845,
    "C_303_err": 235.00069551292847,
    "C_383": 20641.287546820226,
    "C_383_err": 132.1479616707434,
    "O_Ba133": 1.3989671609354928,
    "O_Ba133_err": 0.009461437535615716
}