{
    "C_79": 11617.719083222093,
    "C_79_err": 78.50896907659842,
    "C_81": 144235.07842943285,
    "C_81_err": 974.6962575924861,
    "C_356": 137599.99163535467,
    "C_356_err": 395.72500628099624,
    "C_161": 3070.4946158479065,
    "C_161_err": 94.49877594126059,
    "C_223": 1752.7091170019628,
    "C_223_err": 73.4969154870281,
    "C_276": 20800.84753838998,
    "C_276_err": 128.21669746253667,
    "C_303": 49250.789717772685,
    "C_303_err": 190.3052850434267,
    "C_383": 18653.985087487923,
    "C_383_err": 126.9110818586434,
    "O_Ba133": 1.1326512135674465,
    "O_Ba133_err": 0.007817471833605098
}