{
    "C_79": 16215.486340668971,
    "C_79_err": 86.99623269665584,
    "C_81": 201316.79268226412,
    "C_81_err": 1080.0664361207462,
    "C_356": 217169.20937855743,
    "C_356_err": 1089.1944735493973,
    "C_161": 4801.821171481376,
    "C_161_err": 110.01075842093603,
    "C_223": 2627.0665036202345,
    "C_223_err": 127.32172358553471,
    "C_276": 32821.66945930572,
    "C_276_err": 190.13520216502604,
    "C_303": 76232.01144617531,
    "C_303_err": 367.3364377282269,
    "C_383": 29024.84882594787,
    "C_383_err": 152.89151255445836,
    "O_Ba133": 1.0016718283656076,
    "O_Ba133_err": 0.007080511924977674
}