{
    "C_79": 7636.810209250239,
    "C_79_err": 46.315919020956436,
    "C_81": 94811.71920163486,
    "C_81_err": 575.0165040714969,
    "C_356": 119983.14516625588,
    "C_356_err": 298.04750846377215,
    "C_161": 2672.1292380614877,
    "C_161_err": 109.62163641084757,
    "C_223": 1495.607522514481,
    "C_223_err": 70.23001219200071,
    "C_276": 18170.879492152708,
    "C_276_err": 126.17097513764425,
    "C_303": 42861.172548516166,
    "C_303_err": 235.47983241823394,
    "C_383": 16178.061013725697,
    "C_383_err": 111.82871769775865,
    "O_Ba133": 0.8538576753336998,
    "O_Ba133_err": 0.005255064252054705
}