{
    "C_79": 8937.25177971202,
    "C_79_err": 57.370599688449495,
    "C_81": 110956.82398208014,
    "C_81_err": 712.2614074528258,
    "C_356": 126376.58461193666,
    "C_356_err": 394.62944375869637,
    "C_161": 2740.1359389717186,
    "C_161_err": 85.90100375627772,
    "C_223": 1667.9249801895587,
    "C_223_err": 80.92971729382943,
    "C_276": 19062.34963330185,
    "C_276_err": 129.29278455246362,
    "C_303": 45252.33474640391,
    "C_303_err": 275.00445230407064,
    "C_383": 17011.32586533941,
    "C_383_err": 133.13911232415734,
    "O_Ba133": 0.948704826372304,
    "O_Ba133_err": 0.00638334359175714
}