{
    "C_79": 64932.15604249312,
    "C_79_err": 129.87819184756728,
    "C_81": 806138.8429426712,
    "C_81_err": 1612.4500044471563,
    "C_356": 680089.9279190409,
    "C_356_err": 1956.2882273476885,
    "C_161": 15234.377256964739,
    "C_161_err": 220.37013936880854,
    "C_223": 8218.345208994655,
    "C_223_err": 173.93483144570433,
    "C_276": 101459.18502955022,
    "C_276_err": 350.62242443619266,
    "C_303": 242987.4297043612,
    "C_303_err": 578.0870951666983,
    "C_383": 94689.1394577227,
    "C_383_err": 304.19774138406325,
    "O_Ba133": 1.2808173790347004,
    "O_Ba133_err": 0.004385407250581131
}