{
    "C_79": 38043.310206695656,
    "C_79_err": 99.31834961662443,
    "C_81": 472311.28520765726,
    "C_81_err": 1233.0466801460166,
    "C_356": 573405.2541789371,
    "C_356_err": 1410.8654661159646,
    "C_161": 12276.653727558438,
    "C_161_err": 236.37879896149528,
    "C_223": 7087.989689093967,
    "C_223_err": 143.70223806107202,
    "C_276": 86153.9214408819,
    "C_276_err": 277.52806383651284,
    "C_303": 205470.5803387065,
    "C_303_err": 468.94464426929466,
    "C_383": 78671.6795128457,
    "C_383_err": 243.75142403957454,
    "O_Ba133": 0.8900417142935552,
    "O_Ba133_err": 0.0030740973421175097
}