{
    "C_79": 74039.03102035134,
    "C_79_err": 168.79716893399308,
    "C_81": 919201.5549319267,
    "C_81_err": 2095.6327765767446,
    "C_356": 707445.9639524701,
    "C_356_err": 2300.3563842763974,
    "C_161": 16068.553536602758,
    "C_161_err": 259.7348496846438,
    "C_223": 8730.020275404133,
    "C_223_err": 186.79411114369975,
    "C_276": 105160.50348747187,
    "C_276_err": 309.85167722340566,
    "C_303": 252253.50665998194,
    "C_303_err": 435.1152483175509,
    "C_383": 98838.73286589616,
    "C_383_err": 548.3787052833974,
    "O_Ba133": 1.4039808502165814,
    "O_Ba133_err": 0.0054473134920597875
}