{
    "C_79": 83617.23011463218,
    "C_79_err": 198.19104469698308,
    "C_81": 1038115.8002910427,
    "C_81_err": 2460.5605171814127,
    "C_356": 728878.0117954762,
    "C_356_err": 2555.9793291889523,
    "C_161": 17034.9868695662,
    "C_161_err": 255.09410244616848,
    "C_223": 8883.72603602217,
    "C_223_err": 171.97366515241475,
    "C_276": 108118.63352614485,
    "C_276_err": 349.3572342398302,
    "C_303": 259156.20515563208,
    "C_303_err": 542.0319631415736,
    "C_383": 102346.98519166374,
    "C_383_err": 1422.5123966246829,
    "O_Ba133": 1.5389859650759146,
    "O_Ba133_err": 0.006371471855832661
}