{
    "C_79": 5889.489079582955,
    "C_79_err": 34.065572810899276,
    "C_81": 73118.56253519954,
    "C_81_err": 422.92730018059854,
    "C_356": 109811.94639752069,
    "C_356_err": 308.69167051014347,
    "C_161": 2397.932662389956,
    "C_161_err": 99.66147509689628,
    "C_223": 1380.801982432688,
    "C_223_err": 62.25506683726522,
    "C_276": 16631.135427486635,
    "C_276_err": 169.47467815947874,
    "C_303": 39219.85583750655,
    "C_303_err": 207.44555015589967,
    "C_383": 14794.266261421184,
    "C_383_err": 108.27938918071008,
    "O_Ba133": 0.7194850306065272,
    "O_Ba133_err": 0.004361194067643886
}