{
    "cuspEmax_ctc": {
        "resolution": [
            0.32641507686202065,
            0.0036247173386881578,
            5.240308354726458e-24
        ],
        "calibration": [
            0.08636818531625123,
            0.15495504137301086
        ]
    }
}