{
    "cuspEmax_ctc": {
        "resolution": [
            0.3784291448910883,
            0.0017533949619043877,
            3.677868530303699e-24
        ],
        "calibration": [
            0.11550301592721918,
            0.058706033488594565
        ]
    }
}