{
    "cuspEmax_ctc": {
        "resolution": [
            0.3675700850049485,
            0.0018279172446625874,
            1.4135805143604865e-24
        ],
        "calibration": [
            0.1155233659603425,
            0.005712153053550212
        ]
    }
}