{
    "cuspEmax_ctc": {
        "resolution": [
            1.1359157595482151e-20,
            0.0018551770427870182
        ],
        "calibration": [
            0.05889715624245592,
            0.0
        ]
    }
}