{
    "cuspEmax_ctc": {
        "resolution": [
            0.2310119829905635,
            0.0017283422326484805
        ],
        "calibration": [
            0.05889411970917822,
            0.7597145954844546
        ]
    }
}