{
    "cuspEmax_ctc": {
        "resolution": [
            0.3026225828510737,
            0.0022906650754321717,
            3.8832590036353283e-20
        ],
        "calibration": [
            0.06100844166901828,
            -0.008534306503613656
        ]
    }
}