{
    "cuspEmax_ctc": {
        "resolution": [
            0.5275899737854113,
            0.0010797711685298144
        ],
        "calibration": [
            0.0823899871826927,
            1.2169609890201047
        ]
    }
}