{
    "cuspEmax_ctc": {
        "resolution": [
            0.17012955828386542,
            0.0016709768845825162
        ],
        "calibration": [
            0.08248404729876695,
            0.0
        ]
    }
}