{
    "cuspEmax_ctc": {
        "resolution": [
            0.19133842751400731,
            0.001843772026623225,
            3.1487065041418406e-07
        ],
        "calibration": [
            0.0594759272934605,
            0.04894991374562315
        ]
    }
}