{
    "cuspEmax_ctc": {
        "resolution": [
            0.28145329503814576,
            2.1164580462131774e-19,
            1.0223048288800679e-05
        ],
        "calibration": [
            0.08283078118732948,
            -0.08834072564013058
        ]
    }
}