{
    "FCCD": 0.8947997170182316,
    "FCCD_err_up": 0.0539340585735798,
    "FCCD_err_low": 0.05708869867266275,
    "O_Am241_data": 28.69395313834536,
    "O_Am241_data_err": 0.14435470725340363,
    "a": 57.52344368283454,
    "a_err": 2.1571049512349703
}