{
    "FCCD": 1.0315987591358315,
    "FCCD_err_up": 0.05903271413407629,
    "FCCD_err_low": 0.06227099098770705,
    "O_Am241_data": 25.8260339533507,
    "O_Am241_data_err": 0.229300797583961,
    "a": 57.52344368283454,
    "a_err": 2.1571049512349703
}