{
    "FCCD": 1.0199509269935076,
    "FCCD_err_up": 0.0705692821932693,
    "FCCD_err_low": 0.049508854584893736,
    "O_Am241_data": 27.37397870222801,
    "O_Am241_data_err": 0.13694866618563137,
    "a": 57.52344368283454,
    "a_err": 2.1571049512349703
}