{
    "FCCD": 1.1140853189913353,
    "FCCD_err_up": 0.055210502255173655,
    "FCCD_err_low": 0.057707949831137695,
    "O_Am241_data": 24.34335227042701,
    "O_Am241_data_err": 0.1284179789625891,
    "a": 57.52344368283454,
    "a_err": 2.1571049512349703
}