{
    "FCCD": 2.5876927845366104,
    "FCCD_err_up": 0.35977638667693146,
    "FCCD_err_low": -0.2970116467361952,
    "O_Am241_data": 19.65108460362051,
    "O_Am241_data_err": 0.1056666193736877,
    "a": 665.8386802497962,
    "a_err": 19.64603305838176,
    "b": 1.3614115661255461,
    "b_err": 0.0765686071022751
}