{
    "FCCD": 1.4041350107355692,
    "FCCD_err_up": 0.050363494529913844,
    "FCCD_err_low": 0.06270442814842081,
    "O_Am241_data": 19.39742142080726,
    "O_Am241_data_err": 0.10519786111995243,
    "a": 57.52344368283454,
    "a_err": 2.1571049512349703
}