{
    "FCCD": 1.0466291357593145,
    "FCCD_err_up": 0.0518125226993853,
    "FCCD_err_low": 0.0602262916975268,
    "O_Am241_data": 25.555019109044633,
    "O_Am241_data_err": 0.13573796962911575,
    "a": 57.52344368283454,
    "a_err": 2.1571049512349703
}