{
    "FCCD": 1.1888920583518519,
    "FCCD_err_up": 0.048803091571447244,
    "FCCD_err_low": 0.0629906767632833,
    "O_Am241_data": 22.977228427417653,
    "O_Am241_data_err": 0.11531340550281752,
    "a": 57.52344368283454,
    "a_err": 2.1571049512349703
}