{
    "FCCD": 1.288197181687508,
    "FCCD_err_up": 0.04511241357282514,
    "FCCD_err_low": 0.06653845182641138,
    "O_Am241_data": 21.189842526506357,
    "O_Am241_data_err": 0.11015303568000717,
    "a": 57.52344368283454,
    "a_err": 2.1571049512349703
}