{
    "FCCD": 1.0129247677054993,
    "FCCD_err_up": 0.04830377631015259,
    "FCCD_err_low": 0.06266876370953356,
    "O_Am241_data": 26.236488578154283,
    "O_Am241_data_err": 0.13228530747489664,
    "a": 57.52344368283454,
    "a_err": 2.1571049512349703
}