{
    "FCCD": 1.0579648773865091,
    "FCCD_err_up": 0.052629964374615756,
    "FCCD_err_low": 0.059290437776467364,
    "O_Am241_data": 25.297368730978846,
    "O_Am241_data_err": 0.1340287416214242,
    "a": 57.52344368283454,
    "a_err": 2.1571049512349703
}