{
    "FCCD": 4.04397772450589,
    "FCCD_err_up": 0.0290579419244148,
    "FCCD_err_low": 0.06178979769372672,
    "O_Am241_data": 25.388877891303743,
    "O_Am241_data_err": 0.07748944651544495,
    "a": 579.2773948306095,
    "a_err": 17.052041612690743,
    "b": 0.7733648573362881,
    "b_err": 0.002098603449888529
}