{
    "FCCD": 0.39919189577562836,
    "FCCD_err_up": 0.1292241568446421,
    "FCCD_err_low": -0.07081124314370069,
    "O_Am241_data": 27.559269808882632,
    "O_Am241_data_err": 0.1328586007416388,
    "a": 57.52344368283454,
    "a_err": 2.1571049512349703
}