{
    "FCCD": 0.6025249076048085,
    "FCCD_err_up": 0.051997286163038225,
    "FCCD_err_low": 0.05817721781456142,
    "O_Am241_data": 36.04232765295422,
    "O_Am241_data_err": 0.17877344962128242,
    "a": 57.52344368283454,
    "a_err": 2.1571049512349703
}