{
    "FCCD": 1.0477701446350896,
    "FCCD_err_up": 0.054550402238259244,
    "FCCD_err_low": 0.05656966040227773,
    "O_Am241_data": 25.49257744375773,
    "O_Am241_data_err": 0.12511956383997935,
    "a": 57.52344368283454,
    "a_err": 2.1571049512349703
}