{
    "FCCD": 0.917258705733737,
    "FCCD_err_up": 0.05359972568270732,
    "FCCD_err_low": 0.057142458960732556,
    "O_Am241_data": 28.18041947549983,
    "O_Am241_data_err": 0.139738491693658,
    "a": 57.52344368283454,
    "a_err": 2.1571049512349703
}