{
    "FCCD": 0.5769536727898803,
    "FCCD_err_up": 0.055467863484628066,
    "FCCD_err_low": 0.057888207158999117,
    "O_Am241_data": 36.955428542962416,
    "O_Am241_data_err": 0.20519288799515964,
    "a": 57.52344368283454,
    "a_err": 2.1571049512349703
}