{
    "FCCD": 1.0575692685790694,
    "FCCD_err_up": 0.05803370564708987,
    "FCCD_err_low": 0.05326085368656108,
    "O_Am241_data": 25.24756150612089,
    "O_Am241_data_err": 0.12450558492162278,
    "a": 57.52344368283454,
    "a_err": 2.1571049512349703
}