{
    "FCCD": 0.9962719076842612,
    "FCCD_err_up": 0.05073787252850148,
    "FCCD_err_low": 0.0604119990051909,
    "O_Am241_data": 26.616061758300283,
    "O_Am241_data_err": 0.1315930092393273,
    "a": 57.52344368283454,
    "a_err": 2.1571049512349703
}