{
    "FCCD": -5.457280280859609,
    "FCCD_err_up": -5.224081886609446,
    "FCCD_err_low": -5.395331278504405,
    "O_Am241_data": 54.95551116725262,
    "O_Am241_data_err": 0.3822549820575678,
    "a": 57.52344368283454,
    "a_err": 2.1571049512349703
}