{
    "FCCD": 1.0156705006152082,
    "FCCD_err_up": 0.05391360583507088,
    "FCCD_err_low": 0.05754374404947804,
    "O_Am241_data": 26.185117228673818,
    "O_Am241_data_err": 0.13042492869552447,
    "a": 57.52344368283454,
    "a_err": 2.1571049512349703
}