{
    "FCCD": 1.0654298401546498,
    "FCCD_err_up": 0.048371605572043785,
    "FCCD_err_low": 0.06241627909286751,
    "O_Am241_data": 25.204002955452236,
    "O_Am241_data_err": 0.12329782547337632,
    "a": 57.52344368283454,
    "a_err": 2.1571049512349703
}