{
    "C_60": 2739171.7323434926,
    "C_60_err": 9088.881713332179,
    "C_99_103": 7183.473479002247,
    "C_99_103_err": 100.56076815095888,
    "O_Am241": 381.31577159020173,
    "O_Am241_err": 5.485903440429447
}