{
    "C_60": 1034495.7479052915,
    "C_60_err": 3865.063459748731,
    "C_99_103": 5293.536587038132,
    "C_99_103_err": 74.71611768227464,
    "O_Am241": 195.42620153762235,
    "O_Am241_err": 2.8533617598592294
}