{
    "C_60": 3055657.4175368026,
    "C_60_err": 9862.885860439816,
    "C_99_103": 7431.030244003456,
    "C_99_103_err": 89.49971947314441,
    "O_Am241": 411.2023928314107,
    "O_Am241_err": 5.127308805360005
}