{
    "C_60": 1974038.838956361,
    "C_60_err": 6693.4346537769425,
    "C_99_103": 6472.770119539158,
    "C_99_103_err": 68.86026011334147,
    "O_Am241": 304.9758916970323,
    "O_Am241_err": 3.4052813377506945
}