{
    "C_60": 3807219.1726175537,
    "C_60_err": 12132.857328644455,
    "C_99_103": 7932.444055710715,
    "C_99_103_err": 102.97372078775385,
    "O_Am241": 479.9553764109645,
    "O_Am241_err": 6.415457697611468
}