{
    "C_60": 6838621.471711617,
    "C_60_err": 11983.625744419875,
    "C_99_103": 17259.212176781162,
    "C_99_103_err": 152.41775038858952,
    "O_Am241": 396.2302219629481,
    "O_Am241_err": 3.5673696562860564
}