{
    "C_60": 9329935.366440848,
    "C_60_err": 21660.678734986323,
    "C_99_103": 10602.389162761156,
    "C_99_103_err": 101.90613475234824,
    "O_Am241": 879.9842397042398,
    "O_Am241_err": 8.701313953947045
}