{
    "C_60": 3410129.6644735746,
    "C_60_err": 10929.285556937788,
    "C_99_103": 7701.228460724171,
    "C_99_103_err": 100.79059098843882,
    "O_Am241": 442.8033373980584,
    "O_Am241_err": 5.966467924267387
}