{
    "C_60": 4247017.485607679,
    "C_60_err": 12602.144800707058,
    "C_99_103": 8233.741274577398,
    "C_99_103_err": 94.30621367604235,
    "O_Am241": 515.8065263382543,
    "O_Am241_err": 6.10289658684402
}