{
    "C_60": 6598931.870043092,
    "C_60_err": 17872.86254304806,
    "C_99_103": 9534.335839489448,
    "C_99_103_err": 114.73676323978789,
    "O_Am241": 692.122868455246,
    "O_Am241_err": 8.537393057964296
}