{
    "C_60": 1281071.7931566446,
    "C_60_err": 4886.090345476861,
    "C_99_103": 5675.250360885884,
    "C_99_103_err": 73.59880726738645,
    "O_Am241": 225.72956463486736,
    "O_Am241_err": 3.051325934815334
}