{
    "C_60": 4741573.702757714,
    "C_60_err": 14044.79819435866,
    "C_99_103": 8507.41565394283,
    "C_99_103_err": 100.66052769922055,
    "O_Am241": 557.3459550621809,
    "O_Am241_err": 6.798071199438698
}