{
    "C_60": 5907947.225197877,
    "C_60_err": 16586.379663296677,
    "C_99_103": 9199.711876268258,
    "C_99_103_err": 105.9283247081703,
    "O_Am241": 642.1882885743545,
    "O_Am241_err": 7.610979607642226
}