{
    "C_60": 8275775.09339548,
    "C_60_err": 20911.49409097427,
    "C_99_103": 10268.317490940593,
    "C_99_103_err": 107.8890374746755,
    "O_Am241": 805.9523968456303,
    "O_Am241_err": 8.709566723906734
}