{
    "C_60": 1771582.4700102112,
    "C_60_err": 6529.413784512406,
    "C_99_103": 6230.835443412528,
    "C_99_103_err": 96.21813553257445,
    "O_Am241": 284.3250292997538,
    "O_Am241_err": 4.513941739570193
}