{
    "C_60": 7380447.769984603,
    "C_60_err": 19941.981697182735,
    "C_99_103": 9903.284730381632,
    "C_99_103_err": 109.91744846142802,
    "O_Am241": 745.2525067104872,
    "O_Am241_err": 8.513204744618053
}