{
    "C_60": 1426403.4078532353,
    "C_60_err": 4894.506109494628,
    "C_99_103": 5823.535456862533,
    "C_99_103_err": 79.83346161109414,
    "O_Am241": 244.93770466741853,
    "O_Am241_err": 3.4613814325622982
}