{
    "C_60": 5293339.682690261,
    "C_60_err": 15310.010807249191,
    "C_99_103": 8843.85453023057,
    "C_99_103_err": 103.78612282173223,
    "O_Am241": 598.5331016692172,
    "O_Am241_err": 7.234207376475427
}