{
    "C_60": 1587803.5040943616,
    "C_60_err": 5082.993869146962,
    "C_99_103": 6036.1581577417555,
    "C_99_103_err": 74.70681642710473,
    "O_Am241": 263.0486913365421,
    "O_Am241_err": 3.362778474906004
}