{
    "C_60": 2454645.3450277424,
    "C_60_err": 8173.761159126054,
    "C_99_103": 6942.430632892905,
    "C_99_103_err": 92.05370805377572,
    "O_Am241": 353.571461470245,
    "O_Am241_err": 4.833785789069646
}