{
    "C_60": 1151330.7633173612,
    "C_60_err": 4058.1589411803875,
    "C_99_103": 5471.1269584876245,
    "C_99_103_err": 84.8161821273585,
    "O_Am241": 210.4375884626925,
    "O_Am241_err": 3.3455712437717953
}