{
    "C_60": 2201549.1448628264,
    "C_60_err": 7557.017065770989,
    "C_99_103": 6699.148089026919,
    "C_99_103_err": 87.9818250063213,
    "O_Am241": 328.63121035776527,
    "O_Am241_err": 4.460990065187844
}