{
    "C_79": 98603.45296788191,
    "C_79_err": 223.69799320445475,
    "C_81": 1224171.1708088035,
    "C_81_err": 2777.2316892175704,
    "C_356": 1222368.8907872245,
    "C_356_err": 3279.0918388541195,
    "C_161": 21654.0323683728,
    "C_161_err": 263.4128200043386,
    "C_223": 12114.14045727671,
    "C_223_err": 272.7962765562653,
    "C_276": 163197.05112103935,
    "C_276_err": 493.64140421326005,
    "C_303": 405651.198580034,
    "C_303_err": 607.1207215560337,
    "C_383": 177639.3082729463,
    "C_383_err": 2944.8036242554813,
    "O_Ba133": 1.082140288211031,
    "O_Ba133_err": 0.0036908598330162995
}