{
    "C_79": 59621.84720839761,
    "C_79_err": 84.42879912240673,
    "C_81": 740210.8577948384,
    "C_81_err": 1048.1915060857289,
    "C_356": 1102746.6471844846,
    "C_356_err": 1967.811366103386,
    "C_161": 17461.52876182112,
    "C_161_err": 251.83567394088016,
    "C_223": 11116.958841438849,
    "C_223_err": 239.04678528419723,
    "C_276": 148024.87228513006,
    "C_276_err": 456.6848031801431,
    "C_303": 367262.6203538865,
    "C_303_err": 602.16913959248,
    "C_383": 157818.99312406848,
    "C_383_err": 443.41903671656183,
    "O_Ba133": 0.7253095777215521,
    "O_Ba133_err": 0.0016076530035089374
}