{
    "C_79": 67926.22589331382,
    "C_79_err": 91.12471620852833,
    "C_81": 843310.5026000077,
    "C_81_err": 1131.3219484002195,
    "C_356": 1136828.748853934,
    "C_356_err": 2436.802859311004,
    "C_161": 18534.007884407805,
    "C_161_err": 246.60504878781708,
    "C_223": 11172.37972524094,
    "C_223_err": 221.93209865959298,
    "C_276": 152426.8639729163,
    "C_276_err": 431.2000090046188,
    "C_303": 378514.47338281904,
    "C_303_err": 689.2579423676915,
    "C_383": 163106.43792005166,
    "C_383_err": 423.62712545875956,
    "O_Ba133": 0.8015602432749545,
    "O_Ba133_err": 0.001987160284744063
}