{
    "C_79": 77295.06063786555,
    "C_79_err": 102.37865237710014,
    "C_81": 959625.4698059547,
    "C_81_err": 1271.0406276251301,
    "C_356": 1170940.7724790187,
    "C_356_err": 2653.198435622659,
    "C_161": 19396.16591603315,
    "C_161_err": 230.5581048507687,
    "C_223": 11934.77277291604,
    "C_223_err": 241.7750345709145,
    "C_276": 156891.4002494507,
    "C_276_err": 451.94734566442906,
    "C_303": 389512.6831025751,
    "C_303_err": 744.8148759662922,
    "C_383": 168629.33415450776,
    "C_383_err": 519.5873947939173,
    "O_Ba133": 0.8855448156003127,
    "O_Ba133_err": 0.0022829986381139376
}