{
    "C_79": 52373.623282272696,
    "C_79_err": 76.45338480712186,
    "C_81": 650223.4739572473,
    "C_81_err": 949.1759849638904,
    "C_356": 1069915.2367369148,
    "C_356_err": 1817.4175977924444,
    "C_161": 16620.351854061155,
    "C_161_err": 244.77875189586442,
    "C_223": 10419.728129767609,
    "C_223_err": 258.05822301896495,
    "C_276": 143705.20667327766,
    "C_276_err": 374.7132790250386,
    "C_303": 356236.5511238148,
    "C_303_err": 643.6187592930995,
    "C_383": 152557.26310526568,
    "C_383_err": 354.83679159554487,
    "O_Ba133": 0.6566848224185857,
    "O_Ba133_err": 0.0014270393073567548
}