{
    "C_79": 62487.54214953215,
    "C_79_err": 90.51543499074856,
    "C_81": 775788.7308375884,
    "C_81_err": 1123.7576646021237,
    "C_356": 1115114.8850391756,
    "C_356_err": 2207.7324611754825,
    "C_161": 17454.542109542672,
    "C_161_err": 263.27861786626625,
    "C_223": 10949.915943454625,
    "C_223_err": 220.41622303634418,
    "C_276": 149543.1540374714,
    "C_276_err": 346.33781477884025,
    "C_303": 371357.2583211474,
    "C_303_err": 680.134372181828,
    "C_383": 159657.8649376407,
    "C_383_err": 428.13732834324543,
    "O_Ba133": 0.7517398289931989,
    "O_Ba133_err": 0.001799229496783986
}