{
    "C_79": 45991.99708499486,
    "C_79_err": 71.35356065903497,
    "C_81": 570994.9826778515,
    "C_81_err": 885.8611870499059,
    "C_356": 1037388.7700097897,
    "C_356_err": 1707.848747698586,
    "C_161": 15721.135818693829,
    "C_161_err": 242.68995442213725,
    "C_223": 10325.817744907241,
    "C_223_err": 215.76712364393197,
    "C_276": 139089.33803369335,
    "C_276_err": 394.2886507508078,
    "C_303": 345208.41630331223,
    "C_303_err": 694.5435949123151,
    "C_383": 147428.13386683186,
    "C_383_err": 378.5539997503551,
    "O_Ba133": 0.5947500084823782,
    "O_Ba133_err": 0.0013010141672740022
}