{
    "C_79": 21340.142222786435,
    "C_79_err": 54.09124362585004,
    "C_81": 264939.8789168634,
    "C_81_err": 671.5478925624401,
    "C_356": 858537.4745550718,
    "C_356_err": 1052.1418396166926,
    "C_161": 12366.36425881256,
    "C_161_err": 217.6247903598702,
    "C_223": 8651.420995847935,
    "C_223_err": 186.41028027200556,
    "C_276": 115126.00954928293,
    "C_276_err": 342.76537850952656,
    "C_303": 284933.7491073321,
    "C_303_err": 526.1396698237515,
    "C_383": 120776.8666903671,
    "C_383_err": 368.6441398165121,
    "O_Ba133": 0.3334508156303969,
    "O_Ba133_err": 0.0008847583498562852
}