{
    "C_79": 87802.0117568084,
    "C_79_err": 144.24169066733236,
    "C_81": 1090070.2591694356,
    "C_81_err": 1790.7741973415982,
    "C_356": 1203614.8635221214,
    "C_356_err": 2942.725197924277,
    "C_161": 20121.78371541573,
    "C_161_err": 320.600828533002,
    "C_223": 12213.975772165282,
    "C_223_err": 213.77526726307383,
    "C_276": 161261.89484367616,
    "C_276_err": 406.4371337269557,
    "C_303": 400135.3600079827,
    "C_303_err": 743.2771275629068,
    "C_383": 173888.14362243772,
    "C_383_err": 978.7371093115803,
    "O_Ba133": 0.9786122676147857,
    "O_Ba133_err": 0.002820036545597325
}