{
    "C_79": 18523.33590258201,
    "C_79_err": 156.26689129032917,
    "C_81": 229968.9627150714,
    "C_81_err": 1940.0681975289924,
    "C_356": 330999.4121456054,
    "C_356_err": 2104.775326410135,
    "C_161": 5364.933254943067,
    "C_161_err": 168.7928451072904,
    "C_223": 2938.522255219894,
    "C_223_err": 155.02123543114126,
    "C_276": 44354.175073555794,
    "C_276_err": 369.6816045441004,
    "C_303": 108891.06798599976,
    "C_303_err": 759.9543393488464,
    "C_383": 46329.29574579095,
    "C_383_err": 297.5574631312352,
    "O_Ba133": 0.7507333532917048,
    "O_Ba133_err": 0.007574049709069461
}