{
    "trapEmax_ctc": {
        "Qbb_fwhm": 2.26,
        "Qbb_fwhm_err": 0.01,
        "2.6_fwhm": 2.55,
        "2.6_fwhm_err": 0.01,
        "m0": 0.17501089833297467,
        "m1": 0.0024135824893478344,
        "Calibration_pars": [
            0.063299948581267,
            0.2954080646735972
        ],
        "Number_passed": 2246662,
        "Number_cut": 263254,
        "Cut Percentage": 10.488558182823649
    },
    "cuspEmax_ctc": {
        "Qbb_fwhm": 2.25,
        "Qbb_fwhm_err": 0.01,
        "2.6_fwhm": 2.55,
        "2.6_fwhm_err": 0.01,
        "m0": 0.11396344896311178,
        "m1": 0.002434556014138006,
        "Calibration_pars": [
            0.01,
            0.01
        ],
        "Number_passed": 2246662,
        "Number_cut": 263254,
        "Cut Percentage": 10.488558182823649
    },
    "zacEmax_ctc": {
        "Qbb_fwhm": 2.3,
        "Qbb_fwhm_err": 0.01,
        "2.6_fwhm": 2.59,
        "2.6_fwhm_err": 0.01,
        "m0": 0.3014385299559921,
        "m1": 0.002444919076303797,
        "Calibration_pars": [
            0.06329115727301114,
            0.1917448347292273
        ],
        "Number_passed": 2246662,
        "Number_cut": 263254,
        "Cut Percentage": 10.488558182823649
    },
    "trapEftp_ctc": {
        "Qbb_fwhm": 2.26,
        "Qbb_fwhm_err": 0.01,
        "2.6_fwhm": 2.55,
        "2.6_fwhm_err": 0.01,
        "m0": 0.18098177649622704,
        "m1": 0.002412671068951897,
        "Calibration_pars": [
            0.06330355203350438,
            0.36313409542326813
        ],
        "Number_passed": 2246662,
        "Number_cut": 263254,
        "Cut Percentage": 10.488558182823649
    },
    "cuspEftp_ctc": {
        "Qbb_fwhm": 2.28,
        "Qbb_fwhm_err": 0.01,
        "2.6_fwhm": 2.58,
        "2.6_fwhm_err": 0.01,
        "m0": 0.0649488362746035,
        "m1": 0.0025207687672411236,
        "Calibration_pars": [
            0.06330137236828678,
            0.38348095987241926
        ],
        "Number_passed": 2246662,
        "Number_cut": 263254,
        "Cut Percentage": 10.488558182823649
    },
    "zacEftp_ctc": {
        "Qbb_fwhm": 2.31,
        "Qbb_fwhm_err": 0.01,
        "2.6_fwhm": 2.6,
        "2.6_fwhm_err": 0.01,
        "m0": 0.30310400036380225,
        "m1": 0.0024581490291690927,
        "Calibration_pars": [
            0.06329205794914676,
            0.2407924192696633
        ],
        "Number_passed": 2246662,
        "Number_cut": 263254,
        "Cut Percentage": 10.488558182823649
    }
}
