{
    "cuspEmax_ctc": {
        "resolution": [
            0.37841178804161046,
            0.003736933095571904,
            2.212597683261476e-26
        ],
        "calibration": [
            0.06995427439848181,
            0.07424257523528578
        ]
    }
}