{
    "C_79": 87904.64863984285,
    "C_79_err": 111.56028539076634,
    "C_81": 1091344.5057550708,
    "C_81_err": 1385.0314676815897,
    "C_356": 1645527.9199841882,
    "C_356_err": 3479.050884629067,
    "C_161": 24892.34034347594,
    "C_161_err": 298.8296966820694,
    "C_223": 14983.343949321346,
    "C_223_err": 306.5669862417712,
    "C_276": 214221.4363455991,
    "C_276_err": 455.7622127872083,
    "C_303": 538253.6972557652,
    "C_303_err": 849.1097413039996,
    "C_383": 240090.90255727025,
    "C_383_err": 538.6307406073466,
    "O_Ba133": 0.7166388002740453,
    "O_Ba133_err": 0.0017345683532176942
}