{
    "C_79": 76597.08847530033,
    "C_79_err": 113.27267850118619,
    "C_81": 950960.0795612758,
    "C_81_err": 1406.290989693972,
    "C_356": 1588898.802020171,
    "C_356_err": 3125.140692542159,
    "C_161": 23420.872230349385,
    "C_161_err": 304.8854115842572,
    "C_223": 15208.849872174136,
    "C_223_err": 279.1359239548982,
    "C_276": 207009.80478739558,
    "C_276_err": 530.4451452968755,
    "C_303": 519871.97267293796,
    "C_303_err": 753.4754598681337,
    "C_383": 230581.88310919708,
    "C_383_err": 636.027692641404,
    "O_Ba133": 0.6467102667143501,
    "O_Ba133_err": 0.001551254346585183
}