{
    "C_79": 81777.26558946383,
    "C_79_err": 107.39462170728554,
    "C_81": 1015272.4671295848,
    "C_81_err": 1333.3143600640358,
    "C_356": 1616001.5072867612,
    "C_356_err": 3133.031972896721,
    "C_161": 24370.92469949843,
    "C_161_err": 276.9702063297362,
    "C_223": 15220.219544163996,
    "C_223_err": 285.22489613067495,
    "C_276": 210527.34895314593,
    "C_276_err": 530.3758975418668,
    "C_303": 528901.7712656424,
    "C_303_err": 746.0569076734424,
    "C_383": 235172.7223700622,
    "C_383_err": 591.2617058861539,
    "O_Ba133": 0.6788667756634561,
    "O_Ba133_err": 0.001554807274476992
}