{
    "C_79": 25872.852940088378,
    "C_79_err": 51.160839249040585,
    "C_81": 321213.91008638043,
    "C_81_err": 635.1666457711077,
    "C_356": 1191330.6046697467,
    "C_356_err": 1372.5470113249585,
    "C_161": 15962.179856278854,
    "C_161_err": 335.4782324913715,
    "C_223": 10739.209870925137,
    "C_223_err": 308.71307634827957,
    "C_276": 155506.19316006007,
    "C_276_err": 361.5774612563699,
    "C_303": 388271.148851275,
    "C_303_err": 576.8997123657199,
    "C_383": 169239.77787700563,
    "C_383_err": 472.30926267703535,
    "O_Ba133": 0.2913437812022684,
    "O_Ba133_err": 0.0006314817126815401
}