{
    "C_79": 12349.104676503712,
    "C_79_err": 46.996445248884456,
    "C_81": 153315.29956866842,
    "C_81_err": 583.4653013918108,
    "C_356": 242845.94915591466,
    "C_356_err": 994.3562313926493,
    "C_161": 3382.6258161710475,
    "C_161_err": 133.2959972077962,
    "C_223": 2090.6383130529416,
    "C_223_err": 76.33706380823571,
    "C_276": 31248.04082711439,
    "C_276_err": 205.43724675929022,
    "C_303": 77646.88924261992,
    "C_303_err": 354.8495863351917,
    "C_383": 35072.25806063692,
    "C_383_err": 232.8198222849487,
    "O_Ba133": 0.6821789896886871,
    "O_Ba133_err": 0.003689477406133382
}