{
    "C_79": 66846.04107062555,
    "C_79_err": 93.12923545547712,
    "C_81": 829899.9061220917,
    "C_81_err": 1156.208243956678,
    "C_356": 1533976.836118171,
    "C_356_err": 2818.1392998424453,
    "C_161": 22668.948994685874,
    "C_161_err": 420.13800912397613,
    "C_223": 14273.036352220437,
    "C_223_err": 278.4786920494281,
    "C_276": 200155.7429049777,
    "C_276_err": 423.57845254571345,
    "C_303": 501505.568777476,
    "C_303_err": 772.7580946119908,
    "C_383": 221684.9546394743,
    "C_383_err": 460.9043963333912,
    "O_Ba133": 0.5845889755819206,
    "O_Ba133_err": 0.0013134768380223556
}