{
    "C_79": 58362.42971418115,
    "C_79_err": 99.18024974796319,
    "C_81": 724575.0707911416,
    "C_81_err": 1231.3321572482978,
    "C_356": 1480872.0165263924,
    "C_356_err": 2528.7868023278793,
    "C_161": 21102.013800046247,
    "C_161_err": 234.93175560963763,
    "C_223": 13969.021404261313,
    "C_223_err": 289.4698738231006,
    "C_276": 193368.7489702439,
    "C_276_err": 449.6642951397506,
    "C_303": 484415.7060917541,
    "C_303_err": 732.9132510102338,
    "C_383": 213156.87575372614,
    "C_383_err": 449.37808777015175,
    "O_Ba133": 0.5287003142525578,
    "O_Ba133_err": 0.0012292106499633183
}