{
    "C_79": 116336.27193662019,
    "C_79_err": 189.47503120185723,
    "C_81": 1444325.791213154,
    "C_81_err": 2352.3503873740015,
    "C_356": 1757537.9309481385,
    "C_356_err": 4564.524230184549,
    "C_161": 27794.739424482934,
    "C_161_err": 343.7098592475012,
    "C_223": 16400.1258418636,
    "C_223_err": 263.438632776471,
    "C_276": 228562.53670239053,
    "C_276_err": 548.3175029959035,
    "C_303": 574462.8858774236,
    "C_303_err": 952.772919086382,
    "C_383": 259026.99826721297,
    "C_383_err": 1535.206435440523,
    "O_Ba133": 0.8879820091893234,
    "O_Ba133_err": 0.0026686214529789945
}