{
    "C_79": 101027.09149071506,
    "C_79_err": 156.97530751835643,
    "C_81": 1254260.8717148956,
    "C_81_err": 1948.8632518316706,
    "C_356": 1702870.424199697,
    "C_356_err": 4296.598269062556,
    "C_161": 26705.06513381934,
    "C_161_err": 301.9639488927453,
    "C_223": 16115.801802403335,
    "C_223_err": 281.69905395589456,
    "C_276": 221913.23103621416,
    "C_276_err": 462.22087943591504,
    "C_303": 556983.5190604666,
    "C_303_err": 863.3476685124426,
    "C_383": 249636.19263348824,
    "C_383_err": 706.3391024387702,
    "O_Ba133": 0.7958843749620933,
    "O_Ba133_err": 0.00231319939821035
}