{
    "C_79": 133281.0256290421,
    "C_79_err": 266.3937888885514,
    "C_81": 1654696.5068662523,
    "C_81_err": 3307.3040205408834,
    "C_356": 1787456.4535439475,
    "C_356_err": 5237.075926662753,
    "C_161": 29533.577419280675,
    "C_161_err": 321.01836327482164,
    "C_223": 16682.091118107524,
    "C_223_err": 237.66933274038288,
    "C_276": 231647.72859302352,
    "C_276_err": 462.8019468876407,
    "C_303": 582456.2085070593,
    "C_303_err": 694.9030263970664,
    "C_383": 265727.88096279494,
    "C_383_err": 5218.0191567313095,
    "O_Ba133": 1.0002915198019586,
    "O_Ba133_err": 0.0034691655959882876
}