{
    "C_79": 20377.884142361672,
    "C_79_err": 78.01674878354437,
    "C_81": 252993.3540693202,
    "C_81_err": 968.5852962183435,
    "C_356": 411350.81065145414,
    "C_356_err": 2336.1208863894785,
    "C_161": 5787.883605989793,
    "C_161_err": 182.5332380473523,
    "C_223": 3561.2310583567732,
    "C_223_err": 120.2963582661154,
    "C_276": 52869.328106994275,
    "C_276_err": 294.54468398842425,
    "C_303": 131788.02892798046,
    "C_303_err": 692.389613000346,
    "C_383": 59105.115861231025,
    "C_383_err": 289.7172642632963,
    "O_Ba133": 0.6645695866716423,
    "O_Ba133_err": 0.004452506434546427
}