{
    "C_79": 70159.21555539654,
    "C_79_err": 108.46404917904667,
    "C_81": 871033.2799141839,
    "C_81_err": 1346.5914030153342,
    "C_356": 1118774.4419772872,
    "C_356_err": 2356.465404618622,
    "C_161": 18254.357797543857,
    "C_161_err": 297.6696012972984,
    "C_223": 11296.323419294597,
    "C_223_err": 173.88233902969606,
    "C_276": 150998.60908899808,
    "C_276_err": 380.60291397942353,
    "C_303": 374806.2998546365,
    "C_303_err": 581.6913929867161,
    "C_383": 160873.80576490055,
    "C_383_err": 586.3788844972962,
    "O_Ba133": 0.8412710016919461,
    "O_Ba133_err": 0.0021442892229926102
}