{
    "C_79": 17241.47584720955,
    "C_79_err": 72.2513192799853,
    "C_81": 214054.54919742772,
    "C_81_err": 897.0069450232137,
    "C_356": 302448.59179633175,
    "C_356_err": 1350.0730693865298,
    "C_161": 5073.117070810751,
    "C_161_err": 153.80826393804773,
    "C_223": 2784.3994089389835,
    "C_223_err": 152.67835475766907,
    "C_276": 40936.77682860931,
    "C_276_err": 208.34730631756636,
    "C_303": 99542.5585993542,
    "C_303_err": 423.1745061939664,
    "C_383": 42276.05458684468,
    "C_383_err": 297.9488972792528,
    "O_Ba133": 0.7647449229996466,
    "O_Ba133_err": 0.004528390203891576
}