{
    "C_79": 19961.290095810073,
    "C_79_err": 50.491621553642645,
    "C_81": 247821.29968005698,
    "C_81_err": 626.8582449489974,
    "C_356": 821687.5762759693,
    "C_356_err": 969.53808193954,
    "C_161": 11472.49147610718,
    "C_161_err": 199.29678127079245,
    "C_223": 8172.047519157315,
    "C_223_err": 197.10644067102052,
    "C_276": 110970.45174596489,
    "C_276_err": 398.11208353202466,
    "C_303": 274194.08536972787,
    "C_303_err": 587.3210498208133,
    "C_383": 115525.71546917633,
    "C_383_err": 416.21321338799885,
    "O_Ba133": 0.3258934387075733,
    "O_Ba133_err": 0.0008565306182600871
}