{
    "C_79": 89190.19489173131,
    "C_79_err": 202.82204986976387,
    "C_81": 1107304.6837501926,
    "C_81_err": 2518.0548832887666,
    "C_356": 1169226.0978689787,
    "C_356_err": 3019.3387253493015,
    "C_161": 19784.22772098677,
    "C_161_err": 230.4420647498087,
    "C_223": 11674.747468535053,
    "C_223_err": 183.5486460157803,
    "C_276": 157412.7083077829,
    "C_276_err": 468.38082253424096,
    "C_303": 390648.7079005145,
    "C_303_err": 619.6112620683083,
    "C_383": 169494.86385103012,
    "C_383_err": 2660.010064052611,
    "O_Ba133": 1.023322076733187,
    "O_Ba133_err": 0.003413395490801433
}