{
    "C_79": 48000.92541151695,
    "C_79_err": 80.76032811115284,
    "C_81": 595936.0173731602,
    "C_81_err": 1002.647092398841,
    "C_356": 1022929.695428623,
    "C_356_err": 1677.67103655823,
    "C_161": 15631.234538359498,
    "C_161_err": 251.16720851344144,
    "C_223": 10229.653782582547,
    "C_223_err": 180.40703668778863,
    "C_276": 138204.05162053573,
    "C_276_err": 390.81831464535475,
    "C_303": 342522.5112294377,
    "C_303_err": 592.6991574696852,
    "C_383": 145735.4360549063,
    "C_383_err": 383.7928918537482,
    "O_Ba133": 0.6295026390008727,
    "O_Ba133_err": 0.0014257882164544805
}