{
    "C_79": 79524.12871049972,
    "C_79_err": 149.59466852129694,
    "C_81": 987299.5602171468,
    "C_81_err": 1857.2319223964791,
    "C_356": 1149626.3401095383,
    "C_356_err": 2725.9232468769605,
    "C_161": 18724.02902830591,
    "C_161_err": 281.5248525399119,
    "C_223": 11642.087531711213,
    "C_223_err": 205.4403941282887,
    "C_276": 154993.6957600587,
    "C_276_err": 448.3250954614076,
    "C_303": 384716.1625417954,
    "C_303_err": 634.6177900515954,
    "C_383": 165762.3838720603,
    "C_383_err": 923.6539199313764,
    "O_Ba133": 0.9279742919129687,
    "O_Ba133_err": 0.00273283129796484
}