{
    "C_79": 61851.14040903964,
    "C_79_err": 94.66573622132715,
    "C_81": 767887.743191445,
    "C_81_err": 1175.2840459176089,
    "C_356": 1086323.3644192228,
    "C_356_err": 2166.2623023766687,
    "C_161": 17234.489205208592,
    "C_161_err": 259.9603450502134,
    "C_223": 10890.226196446923,
    "C_223_err": 210.4123113816886,
    "C_276": 146772.34747438284,
    "C_276_err": 419.0083593367918,
    "C_303": 363918.6718263746,
    "C_303_err": 626.2868586674181,
    "C_383": 155845.25799826256,
    "C_383_err": 452.052261649875,
    "O_Ba133": 0.7638046927620719,
    "O_Ba133_err": 0.0018702885007150867
}