{
    "C_79": 54467.356710575696,
    "C_79_err": 79.7196936639321,
    "C_81": 676217.3719916741,
    "C_81_err": 989.7275175635345,
    "C_356": 1054193.0128796378,
    "C_356_err": 1798.6060626364285,
    "C_161": 16683.29840463286,
    "C_161_err": 299.4255183861907,
    "C_223": 10559.823917069767,
    "C_223_err": 245.8749464503684,
    "C_276": 142470.44332526159,
    "C_276_err": 468.885668776248,
    "C_303": 353288.64995132334,
    "C_303_err": 535.8231553466059,
    "C_383": 150730.75572363476,
    "C_383_err": 426.3301429810869,
    "O_Ba133": 0.6931223407621612,
    "O_Ba133_err": 0.0015118267777072994
}