{
    "C_79": 42267.61715135504,
    "C_79_err": 60.78983724985482,
    "C_81": 524756.4544451163,
    "C_81_err": 754.7115643472542,
    "C_356": 992115.9690603627,
    "C_356_err": 1467.0695254992927,
    "C_161": 15219.423738991383,
    "C_161_err": 273.8253737471299,
    "C_223": 9896.467996458196,
    "C_223_err": 223.28846542389377,
    "C_276": 133970.6267237617,
    "C_276_err": 292.35161636784386,
    "C_303": 332089.1459830868,
    "C_303_err": 678.9149516030002,
    "C_383": 140995.42503162325,
    "C_383_err": 420.79963806948433,
    "O_Ba133": 0.5715300320521021,
    "O_Ba133_err": 0.0011387228699789307
}