{
    "C_60": 2679588.8494841084,
    "C_60_err": 7558.54559055883,
    "C_99_103": 5650.014343147608,
    "C_99_103_err": 59.02352502272554,
    "O_Am241": 474.2623092158942,
    "O_Am241_err": 5.1318731658806565
}