{
    "cuspEmax_ctc": {
        "resolution": [
            0.4275874856009311,
            0.0005250456159606713,
            4.3372039803363816e-06
        ],
        "calibration": [
            0.060674161212089135,
            1.1330338644208617
        ]
    }
}