{
    "cuspEmax_ctc": {
        "resolution": [
            0.44849961314389586,
            2.3855153773883397e-25,
            7.842161597710792e-06
        ],
        "calibration": [
            0.06101147686755558,
            0.7919010358061477
        ]
    }
}