{
    "cuspEmax_ctc": {
        "resolution": [
            2.4649005405475588e-18,
            0.0018765707835084505
        ],
        "calibration": [
            0.08134794783522317,
            0.0
        ]
    }
}