{
    "C_60": 3076245.9679182633,
    "C_60_err": 0.00023653492664199582,
    "C_99_103": 11538.529332638751,
    "C_99_103_err": 3.483846977864072e-08,
    "O_Am241": 266.60641744148126,
    "O_Am241_err": 2.0515371713031767e-08
}