{
    "C_60": 1102002.2745878664,
    "C_60_err": 9.039396682425371e-05,
    "C_99_103": 4276.164589728453,
    "C_99_103_err": 3.4352970729939105e-05,
    "O_Am241": 257.70810535097905,
    "O_Am241_err": 2.070430238604578e-06
}