{
    "C_60": 705159.1807978208,
    "C_60_err": 5.709956285279705e-05,
    "C_99_103": 3691.167438910276,
    "C_99_103_err": 1.948105694004373e-06,
    "O_Am241": 191.03960805581912,
    "O_Am241_err": 1.0200570249193839e-07
}