{
    "C_60": 1923083.867520233,
    "C_60_err": 0.00015803692590216079,
    "C_99_103": 5078.03363648663,
    "C_99_103_err": 3.984061323302594e-05,
    "O_Am241": 378.7064059013931,
    "O_Am241_err": 2.971371238601778e-06
}