{
    "C_60": 3274041.7675252003,
    "C_60_err": 0.00024368830622650828,
    "C_99_103": 12319.839263524236,
    "C_99_103_err": 2.037275674029971e-07,
    "O_Am241": 265.7536107000005,
    "O_Am241_err": 2.0262462124546568e-08
}