{
    "C_60": 985754.3471331983,
    "C_60_err": 8.037594652732238e-05,
    "C_99_103": 4127.638409770883,
    "C_99_103_err": 5.515994165201921e-06,
    "O_Am241": 238.81799936732236,
    "O_Am241_err": 3.197393627042217e-07
}