{
    "C_79": 12261.91445708478,
    "C_79_err": 65.32983762000651,
    "C_81": 152232.8247690963,
    "C_81_err": 811.0760972446093,
    "C_356": 166702.73506270605,
    "C_356_err": 396.8428420972464,
    "C_161": 3448.9523938282723,
    "C_161_err": 115.6801833980103,
    "C_223": 2015.7675319828058,
    "C_223_err": 107.35411246853523,
    "C_276": 24816.613219405393,
    "C_276_err": 201.38993179328145,
    "C_303": 58882.745710198185,
    "C_303_err": 234.86923389974785,
    "C_383": 22681.86173022276,
    "C_383_err": 156.70902181192244,
    "O_Ba133": 0.9867548913597943,
    "O_Ba133_err": 0.005416972229591013
}