{
    "C_79": 17591.03930965142,
    "C_79_err": 99.86824536108752,
    "C_81": 218394.41256133304,
    "C_81_err": 1239.8736876904827,
    "C_356": 185849.35190399032,
    "C_356_err": 449.30003954822314,
    "C_161": 4012.8343910970048,
    "C_161_err": 91.08771849079478,
    "C_223": 2287.7128710193433,
    "C_223_err": 102.50649745995283,
    "C_276": 27670.238294439176,
    "C_276_err": 158.6591179713463,
    "C_303": 65725.03111744182,
    "C_303_err": 286.0555208228682,
    "C_383": 25360.99500234441,
    "C_383_err": 169.1336825584698,
    "O_Ba133": 1.2697674188979384,
    "O_Ba133_err": 0.0073633844876908805
}