{
    "C_79": 15877.406394881467,
    "C_79_err": 89.72358377237126,
    "C_81": 197119.49826099,
    "C_81_err": 1113.9267570230243,
    "C_356": 180248.53326845294,
    "C_356_err": 468.7936790944853,
    "C_161": 3781.633646592794,
    "C_161_err": 119.27723231722798,
    "C_223": 2241.893636843954,
    "C_223_err": 100.20818276489,
    "C_276": 26876.815117137096,
    "C_276_err": 174.5459717918825,
    "C_303": 63727.84358128931,
    "C_303_err": 241.71855740671248,
    "C_383": 24603.709515612853,
    "C_383_err": 160.66824256110522,
    "O_Ba133": 1.1816845374194793,
    "O_Ba133_err": 0.006919899766533855
}