{
    "C_79": 19426.73321679201,
    "C_79_err": 107.17067358304001,
    "C_81": 241184.7255971606,
    "C_81_err": 1330.5340229743458,
    "C_356": 191033.2786339629,
    "C_356_err": 582.3105899551479,
    "C_161": 4140.423806238116,
    "C_161_err": 126.14719215777102,
    "C_223": 2356.5688914018624,
    "C_223_err": 118.84486699328666,
    "C_276": 28447.974453758277,
    "C_276_err": 145.2623789550684,
    "C_303": 67543.33869821344,
    "C_303_err": 270.80595649710074,
    "C_383": 26110.856277903407,
    "C_383_err": 263.2958085396426,
    "O_Ba133": 1.364220206434858,
    "O_Ba133_err": 0.008131274215756337
}