{
    "C_79": 9478.980808087656,
    "C_79_err": 47.44809852918399,
    "C_81": 117682.44097588363,
    "C_81_err": 589.0726194755295,
    "C_356": 153775.8827931417,
    "C_356_err": 408.6641617816009,
    "C_161": 3152.091503301176,
    "C_161_err": 126.89160732473515,
    "C_223": 1927.7133403956,
    "C_223_err": 97.4499469039559,
    "C_276": 22984.30825208722,
    "C_276_err": 153.96219579921458,
    "C_303": 54407.980506554064,
    "C_303_err": 220.57055397435448,
    "C_383": 20889.458568856287,
    "C_383_err": 178.1268542642615,
    "O_Ba133": 0.8269269502749529,
    "O_Ba133_err": 0.004427076868564435
}