{
    "C_79": 18867.11975539867,
    "C_79_err": 107.62210085605449,
    "C_81": 234237.07168023218,
    "C_81_err": 1336.1385351562992,
    "C_356": 253194.25723993397,
    "C_356_err": 1293.247312415836,
    "C_161": 5182.189792169491,
    "C_161_err": 154.1412947815376,
    "C_223": 87.4525904529973,
    "C_223_err": 15528781.027938968,
    "C_276": 37640.98196698363,
    "C_276_err": 222.18653232761525,
    "C_303": 87874.7236267827,
    "C_303_err": 439.97923458881394,
    "C_383": 33783.34207117133,
    "C_383_err": 244.26830052602259,
    "O_Ba133": 0.9996442818044733,
    "O_Ba133_err": 0.007355207655752512
}