{
    "C_79": 17776.069253071608,
    "C_79_err": 88.56525126861906,
    "C_81": 220691.57676454564,
    "C_81_err": 1099.5459497122895,
    "C_356": 235360.92936776287,
    "C_356_err": 529.0061602377125,
    "C_161": 4865.885663553474,
    "C_161_err": 145.5320171178047,
    "C_223": 1672.4022715348851,
    "C_223_err": 0.0,
    "C_276": 34848.73048428648,
    "C_276_err": 210.76822473223595,
    "C_303": 82268.03344501003,
    "C_303_err": 333.63500856429613,
    "C_383": 31309.112062286178,
    "C_383_err": 174.63694180790958,
    "O_Ba133": 1.013199797681798,
    "O_Ba133_err": 0.005210845615537747
}