{
    "C_79": 18509.497958606644,
    "C_79_err": 103.64918068566129,
    "C_81": 229797.16333515442,
    "C_81_err": 1286.814356437078,
    "C_356": 188520.2750395998,
    "C_356_err": 456.50645819553847,
    "C_161": 3907.750463495428,
    "C_161_err": 103.28772985959081,
    "C_223": 2083.4440597366884,
    "C_223_err": 69.90096749390825,
    "C_276": 28090.487120078295,
    "C_276_err": 183.19832663073956,
    "C_303": 66590.14439321271,
    "C_303_err": 267.28911399173614,
    "C_383": 25734.125209869006,
    "C_383_err": 190.3269533239916,
    "O_Ba133": 1.3171350468356933,
    "O_Ba133_err": 0.007554303149134193
}