{
    "C_79": 11631.79908184335,
    "C_79_err": 64.18123480712048,
    "C_81": 144409.8829406215,
    "C_81_err": 796.8160849638731,
    "C_356": 164109.03017975163,
    "C_356_err": 431.16109782886997,
    "C_161": 3208.6907994023545,
    "C_161_err": 102.54528097186108,
    "C_223": NaN,
    "C_223_err": NaN,
    "C_276": 24440.012477487573,
    "C_276_err": 155.69109044033027,
    "C_303": 57963.836126006296,
    "C_303_err": 262.76213683967245,
    "C_383": 22289.549311487248,
    "C_383_err": 138.00181510207855,
    "O_Ba133": 0.9508415341407449,
    "O_Ba133_err": 0.005474356954314208
}