{
    "C_79": 8536.641559804715,
    "C_79_err": 39.78165735323536,
    "C_81": 105983.21030851928,
    "C_81_err": 493.89302902695977,
    "C_356": 148824.90353012783,
    "C_356_err": 406.31449191545954,
    "C_161": 3063.6548873653296,
    "C_161_err": 89.7591490500623,
    "C_223": 1736.5429706750963,
    "C_223_err": 101.26704975989557,
    "C_276": 22293.977207960652,
    "C_276_err": 189.26620139772567,
    "C_303": 52718.70983261271,
    "C_303_err": 253.81665839463528,
    "C_383": 20233.933649173443,
    "C_383_err": 154.97441965502924,
    "O_Ba133": 0.7694938760376271,
    "O_Ba133_err": 0.003936773397649401
}