{
    "C_79": 8108.868529227287,
    "C_79_err": 38.480619039958405,
    "C_81": 100672.3677779559,
    "C_81_err": 477.7405156281629,
    "C_356": 146361.0095515768,
    "C_356_err": 368.5579369838414,
    "C_161": 2902.851278733019,
    "C_161_err": 81.46557045180207,
    "C_223": 1859.5947978701527,
    "C_223_err": 76.95727408344545,
    "C_276": 21948.700769956056,
    "C_276_err": 155.5947017432301,
    "C_303": 51817.34037870742,
    "C_303_err": 237.0397157908903,
    "C_383": 19895.658211870392,
    "C_383_err": 122.65576640829462,
    "O_Ba133": 0.7432391771583762,
    "O_Ba133_err": 0.003771796985581261
}