{
    "C_79": 10502.503695355746,
    "C_79_err": 54.004270263434194,
    "C_81": 130389.57418007437,
    "C_81_err": 670.4681100630132,
    "C_356": 158942.97629420526,
    "C_356_err": 417.98427311766466,
    "C_161": 3214.5979121219884,
    "C_161_err": 97.32571393258728,
    "C_223": 1938.403859958094,
    "C_223_err": 78.111026027274,
    "C_276": 23712.844756033628,
    "C_276_err": 175.1796223777707,
    "C_303": 56166.71607115286,
    "C_303_err": 272.26593356415,
    "C_383": 21625.25436444334,
    "C_383_err": 132.08475490282788,
    "O_Ba133": 0.8864316068590364,
    "O_Ba133_err": 0.004831515746064986
}