{
    "C_79": 14323.114064493577,
    "C_79_err": 79.68147435579922,
    "C_81": 177822.8123478596,
    "C_81_err": 989.2530212474696,
    "C_356": 174658.8019007243,
    "C_356_err": 458.99695325080654,
    "C_161": 3463.7783315894844,
    "C_161_err": 105.0954996401118,
    "C_223": 124.93830828367791,
    "C_223_err": 2265777.80557729,
    "C_276": 26036.03152313252,
    "C_276_err": 158.03193060874725,
    "C_303": 61736.5958971693,
    "C_303_err": 239.9834955439481,
    "C_383": 23838.049413109475,
    "C_383_err": 183.45072826948183,
    "O_Ba133": 1.1001216332719865,
    "O_Ba133_err": 0.006375455281194548
}