{
    "C_79": 6940.546498251028,
    "C_79_err": 35.97057867546256,
    "C_81": 86167.53954432574,
    "C_81_err": 446.57812770668613,
    "C_356": 139343.65877352317,
    "C_356_err": 381.6448865745148,
    "C_161": 2836.213133191667,
    "C_161_err": 107.74504360759168,
    "C_223": 1822.3648119141412,
    "C_223_err": 106.7355913462049,
    "C_276": 20890.11143985019,
    "C_276_err": 143.13081460133043,
    "C_303": 49200.68173863347,
    "C_303_err": 228.06889702905383,
    "C_383": 18912.535363132112,
    "C_383_err": 120.4353322532499,
    "O_Ba133": 0.6681903350471542,
    "O_Ba133_err": 0.003699601345601859
}