{
    "C_79": 12915.181593867304,
    "C_79_err": 62.02946894365948,
    "C_81": 160343.1979012267,
    "C_81_err": 770.1017087722253,
    "C_356": 169208.38548936072,
    "C_356_err": 436.9246957515888,
    "C_161": 3495.889416303188,
    "C_161_err": 107.20256254582989,
    "C_223": NaN,
    "C_223_err": NaN,
    "C_276": 25218.625297924864,
    "C_276_err": 171.28873796858022,
    "C_303": 59818.033166879344,
    "C_303_err": 219.2379673282857,
    "C_383": 23055.25776085828,
    "C_383_err": 145.29043380016353,
    "O_Ba133": 1.023934948578467,
    "O_Ba133_err": 0.005276213536100108
}