{
    "C_79": 8993.389099342648,
    "C_79_err": 43.89442479704544,
    "C_81": 111653.77410127247,
    "C_81_err": 544.9534248387905,
    "C_356": 151263.99273751953,
    "C_356_err": 380.3830811912759,
    "C_161": 3177.463657118303,
    "C_161_err": 119.99365232200233,
    "C_223": 1891.7974514091818,
    "C_223_err": 80.84767904279605,
    "C_276": 22637.94991048766,
    "C_276_err": 179.97091599174666,
    "C_303": 53543.90956792719,
    "C_303_err": 236.93056348726878,
    "C_383": 20539.763432162083,
    "C_383_err": 140.15344414608543,
    "O_Ba133": 0.7975934061846947,
    "O_Ba133_err": 0.004133552192184612
}