{
    "C_79": 15080.413253840861,
    "C_79_err": 86.12831299867072,
    "C_81": 187224.7532269307,
    "C_81_err": 1069.2911311910443,
    "C_356": 177447.2176521208,
    "C_356_err": 480.8821614563725,
    "C_161": 3644.512812262442,
    "C_161_err": 148.61060081627818,
    "C_223": 2140.170552445896,
    "C_223_err": 80.6152049563854,
    "C_276": 26375.602168273228,
    "C_276_err": 165.21462193954642,
    "C_303": 62748.058412660954,
    "C_303_err": 247.4701079769021,
    "C_383": 24277.27118236013,
    "C_383_err": 153.12815255842742,
    "O_Ba133": 1.140086438984825,
    "O_Ba133_err": 0.006789235442193797
}