{
    "C_79": 16707.759310009315,
    "C_79_err": 90.32813799339006,
    "C_81": 207428.40803746952,
    "C_81_err": 1121.4323547103897,
    "C_356": 183084.41532149434,
    "C_356_err": 416.980166849382,
    "C_161": 3804.3475211297073,
    "C_161_err": 113.95258847228295,
    "C_223": 2270.4960931176615,
    "C_223_err": 121.05039206523526,
    "C_276": 27253.02242772391,
    "C_276_err": 191.77570364863917,
    "C_303": 64770.21126086587,
    "C_303_err": 228.5004214192801,
    "C_383": 24997.682186709302,
    "C_383_err": 124.5396108221467,
    "O_Ba133": 1.22422308285442,
    "O_Ba133_err": 0.006748023261199789
}