{
    "C_79": 11053.03283130754,
    "C_79_err": 55.809789089081114,
    "C_81": 137224.44533962972,
    "C_81_err": 692.8837966153844,
    "C_356": 161465.06205858823,
    "C_356_err": 412.2072380681466,
    "C_161": 3195.8868288877957,
    "C_161_err": 105.92196789107113,
    "C_223": 1855.1257947614888,
    "C_223_err": 102.32856220215696,
    "C_276": 24066.98800570882,
    "C_276_err": 151.40909809662782,
    "C_303": 57032.79264429775,
    "C_303_err": 273.5184168706785,
    "C_383": 21950.614728687564,
    "C_383_err": 160.5206159430914,
    "O_Ba133": 0.9183254648434978,
    "O_Ba133_err": 0.004902080320237534
}