{
    "C_79": 9971.483827220858,
    "C_79_err": 53.51263176726179,
    "C_81": 123796.91242096611,
    "C_81_err": 664.3643717520425,
    "C_356": 156322.11631371413,
    "C_356_err": 375.49319234713107,
    "C_161": 3142.642716958154,
    "C_161_err": 113.54712988663206,
    "C_223": 14.7049233289037,
    "C_223_err": 171004561.03562027,
    "C_276": 23319.937263978663,
    "C_276_err": 189.53927215067552,
    "C_303": 55250.191813652906,
    "C_303_err": 219.00467143933272,
    "C_383": 21263.528231298846,
    "C_383_err": 128.5750776743339,
    "O_Ba133": 0.8557227819237979,
    "O_Ba133_err": 0.004733335020846167
}