{
    "C_79": 7306.723797595183,
    "C_79_err": 30.52335104959343,
    "C_81": 90713.66526071029,
    "C_81_err": 378.9502828421222,
    "C_356": 141692.95338894258,
    "C_356_err": 386.74471556813046,
    "C_161": 2874.4015452145172,
    "C_161_err": 98.87597714280994,
    "C_223": NaN,
    "C_223_err": NaN,
    "C_276": 21194.322181689517,
    "C_276_err": 159.44706582829127,
    "C_303": 50158.5013824984,
    "C_303_err": 223.1842880035598,
    "C_383": 19230.630968445555,
    "C_383_err": 154.43781839687804,
    "O_Ba133": 0.6917802665122145,
    "O_Ba133_err": 0.003280900843984692
}