{
    "C_79": 13594.79964333552,
    "C_79_err": 75.82755160915973,
    "C_81": 168780.72010027512,
    "C_81_err": 941.4062067703227,
    "C_356": 171918.70016568986,
    "C_356_err": 472.8978270899104,
    "C_161": 3604.0539742708715,
    "C_161_err": 92.23922560653595,
    "C_223": 2117.433441476006,
    "C_223_err": 83.31000457608087,
    "C_276": 25638.984826807566,
    "C_276_err": 162.93318452225463,
    "C_303": 60761.00066818772,
    "C_303_err": 219.0014115716108,
    "C_383": 23467.856071083123,
    "C_383_err": 143.58328916211468,
    "O_Ba133": 1.0608242126530902,
    "O_Ba133_err": 0.006220499907607178
}