{
    "C_79": 7706.146229265312,
    "C_79_err": 35.89028803698191,
    "C_81": 95672.53243125623,
    "C_81_err": 445.5813118553603,
    "C_356": 144052.51718395148,
    "C_356_err": 391.9992855754339,
    "C_161": 3012.338928577704,
    "C_161_err": 77.86330042622195,
    "C_223": 1663.1054656557576,
    "C_223_err": 78.26470857899298,
    "C_276": 21552.147843213832,
    "C_276_err": 132.685590176441,
    "C_303": 51029.85691716583,
    "C_303_err": 272.6125155031859,
    "C_383": 19585.115083227,
    "C_383_err": 121.94012910375908,
    "O_Ba133": 0.7176457633746833,
    "O_Ba133_err": 0.003666551527637845
}