{
    "cuspEmax_ctc": {
        "resolution": [
            0.36622875467677185,
            5.061271293250103e-17,
            1.4085783216310216e-05
        ],
        "calibration": [
            0.06772639824155263,
            -0.06284758803423604
        ]
    }
}