{
    "cuspEmax_ctc": {
        "resolution": [
            0.42497308946244416,
            0.0021438577908893257,
            1.5411311284420712e-23
        ],
        "calibration": [
            0.12224658747418436,
            -0.35700422074521937
        ]
    }
}