{
    "cuspEmax_ctc": {
        "resolution": [
            0.419663932542837,
            0.002254036152250849,
            6.757160646993594e-27
        ],
        "calibration": [
            0.12223824936857283,
            -0.35520123789570185
        ]
    }
}