{
    "C_60": 1064874.9371440285,
    "C_60_err": 4.8337977813796805e-05,
    "C_99_103": 5446.015140007066,
    "C_99_103_err": 7.970741713416898e-05,
    "O_Am241": 195.5328638955357,
    "O_Am241_err": 2.861816227996606e-06
}