{
    "C_60": 926548.0921294909,
    "C_60_err": 0.005291759543566421,
    "C_99_103": 38925.714438537405,
    "C_99_103_err": 0.0003701014760276893,
    "O_Am241": 23.802982308583804,
    "O_Am241_err": 2.6400772355034313e-07
}