{
    "C_60": 2727169.0570200854,
    "C_60_err": 0.00012308747175697118,
    "C_99_103": 6940.911233439852,
    "C_99_103_err": 9.768824826522724e-05,
    "O_Am241": 392.91225104294057,
    "O_Am241_err": 5.529980948497234e-06
}