{
    "C_60": 3725678.8945311974,
    "C_60_err": 0.0001691952027340314,
    "C_99_103": 7499.73142496875,
    "C_99_103_err": 0.00010390886751335806,
    "O_Am241": 496.7749754514338,
    "O_Am241_err": 6.882860128198145e-06
}