{
    "C_60": 4134373.5619330434,
    "C_60_err": 0.0001879714027754574,
    "C_99_103": 7740.2843981300775,
    "C_99_103_err": 2.1157903941084844e-05,
    "O_Am241": 534.137164641113,
    "O_Am241_err": 1.4602546082629445e-06
}