{
    "C_60": 3359001.684584625,
    "C_60_err": 0.0001539045388155441,
    "C_99_103": 7305.321081463871,
    "C_99_103_err": 9.690512374110614e-05,
    "O_Am241": 459.80206032388844,
    "O_Am241_err": 6.099313206712788e-06
}