{
    "C_60": 777030.7235133838,
    "C_60_err": 3.5200358619159964e-05,
    "C_99_103": 5001.960751330843,
    "C_99_103_err": 5.449871078669729e-05,
    "O_Am241": 155.3452260309407,
    "O_Am241_err": 1.6925738013642085e-06
}