{
    "C_60": 1457277.7575322986,
    "C_60_err": 6.639067695498636e-05,
    "C_99_103": 5886.559403487536,
    "C_99_103_err": 7.222008136616211e-05,
    "O_Am241": 247.56018883779947,
    "O_Am241_err": 3.0372479102940105e-06
}