{
    "C_60": 863177.8172462533,
    "C_60_err": 4.016868173737894e-05,
    "C_99_103": 5161.896898610768,
    "C_99_103_err": 6.145926888512763e-09,
    "O_Am241": 167.22104958713183,
    "O_Am241_err": 7.784314129488548e-09
}