{
    "C_60": 1993447.8104587325,
    "C_60_err": 9.030583220887532e-05,
    "C_99_103": 6433.866380727429,
    "C_99_103_err": 1.3660972434548929e-08,
    "O_Am241": 309.8366817859448,
    "O_Am241_err": 1.4051421946780847e-08
}