{
    "C_60": 1795807.9860224482,
    "C_60_err": 8.177901492239636e-05,
    "C_99_103": 6274.420675064945,
    "C_99_103_err": 2.231601873700428e-08,
    "O_Am241": 286.21096337373973,
    "O_Am241_err": 1.307340734459868e-08
}