{
    "C_60": 2456346.930173248,
    "C_60_err": 0.00011199657815045422,
    "C_99_103": 6747.997368908577,
    "C_99_103_err": 2.8472135826493473e-05,
    "O_Am241": 364.0112459869762,
    "O_Am241_err": 1.5359790732287669e-06
}