{
    "C_60": 3026584.6019705166,
    "C_60_err": 0.00013936901300755367,
    "C_99_103": 7121.018472026238,
    "C_99_103_err": 8.020628790272042e-09,
    "O_Am241": 425.0213103448561,
    "O_Am241_err": 1.9577353758285385e-08
}