{
    "C_60": 926548.0921294909,
    "C_60_err": 1367.0267597414113,
    "C_99_103": 38925.71443853742,
    "C_99_103_err": 380.20758842540596,
    "O_Am241": 23.802982308583793,
    "O_Am241_err": 0.23513345890695628
}