{
    "C_60": 1618461.4849514242,
    "C_60_err": 7.436191089360035e-05,
    "C_99_103": 6106.360151891188,
    "C_99_103_err": 7.877268435330552e-05,
    "O_Am241": 265.04520609551236,
    "O_Am241_err": 3.419132554589257e-06
}