{
    "C_60": 1312038.5483863885,
    "C_60_err": 6.008654766118549e-05,
    "C_99_103": 5757.483874064824,
    "C_99_103_err": 8.370139656687693e-09,
    "O_Am241": 227.8840161926637,
    "O_Am241_err": 1.0441508213310983e-08
}