{
    "C_60": 1181838.5811477674,
    "C_60_err": 5.4054525713163534e-05,
    "C_99_103": 5618.322889901115,
    "C_99_103_err": 5.429263322587767e-05,
    "O_Am241": 210.35433603720278,
    "O_Am241_err": 2.032780770703967e-06
}