{
    "C_60": 958699.7790645729,
    "C_60_err": 4.361217091461162e-05,
    "C_99_103": 5295.014628396013,
    "C_99_103_err": 2.4451777153439408e-09,
    "O_Am241": 181.05705958266373,
    "O_Am241_err": 8.236883365685364e-09
}