{
    "C_60": 630499.9615361291,
    "C_60_err": 2.872232159657935e-05,
    "C_99_103": 4761.52058104423,
    "C_99_103_err": 1.707029306827841e-08,
    "O_Am241": 132.4156749518568,
    "O_Am241_err": 6.050824879212789e-09
}