{
    "C_60": 4580318.672210395,
    "C_60_err": 0.00020968518872151523,
    "C_99_103": 7919.231762800658,
    "C_99_103_err": 5.4242821867777366e-05,
    "O_Am241": 578.3791672477272,
    "O_Am241_err": 3.961699796489857e-06
}