{
    "C_60": 700512.2812283945,
    "C_60_err": 3.211162509489515e-05,
    "C_99_103": 4873.51733130301,
    "C_99_103_err": 4.493074669847832e-09,
    "O_Am241": 143.73854315217994,
    "O_Am241_err": 6.590336443130038e-09
}