{
    "C_60": 567608.9696934606,
    "C_60_err": 2.5901547098679777e-05,
    "C_99_103": 4580.483873243166,
    "C_99_103_err": 5.0034142199883496e-05,
    "O_Am241": 123.91899751228044,
    "O_Am241_err": 1.3536200577509966e-06
}