{
    "C_60": 2212704.8937744466,
    "C_60_err": 0.00010193214292996029,
    "C_99_103": 6568.8130506588805,
    "C_99_103_err": 9.838225785900416e-09,
    "O_Am241": 336.85003313536265,
    "O_Am241_err": 1.552578833135864e-08
}