{
  "V07647A": {
    "am_HS1": {
      "O_Am241_data": 307.25906026085505,
      "O_Am241_data_err": 2.645754979834811,
      "a": 882.7477816478817,
      "a_err": 3.3298882167082153
    },
    "am_HS6":{
      "O_Am241_data": 307.25906026085505,
      "O_Am241_data_err": 2.645754979834811,
      "a": 882.7477816478817,
      "a_err": 3.3298882167082153
    }
  },
  "V07647B": {
    "am_HS1": {
      "O_Am241_data": 307.25906026085505,
      "O_Am241_data_err": 2.645754979834811,
      "a": 882.7477816478817,
      "a_err": 3.3298882167082153
    },
    "am_HS6":{
      "O_Am241_data": 307.25906026085505,
      "O_Am241_data_err": 2.645754979834811,
      "a": 882.7477816478817,
      "a_err": 3.3298882167082153
    }
  },
  "V07298B": {
    "am_HS1": {
      "O_Am241_data": 307.25906026085505,
      "O_Am241_data_err": 2.645754979834811,
      "a": 882.7477816478817,
      "a_err": 3.3298882167082153
    },
    "am_HS6":{
      "O_Am241_data": 307.25906026085505,
      "O_Am241_data_err": 2.645754979834811,
      "a": 882.7477816478817,
      "a_err": 3.3298882167082153
    }
  },
  "V07302A": {
    "am_HS1": {
      "O_Am241_data": 307.25906026085505,
      "O_Am241_data_err": 2.645754979834811,
      "a": 882.7477816478817,
      "a_err": 3.3298882167082153
    },
    "am_HS6":{
      "O_Am241_data": 307.25906026085505,
      "O_Am241_data_err": 2.645754979834811,
      "a": 882.7477816478817,
      "a_err": 3.3298882167082153
    }
  },
  "V07302B": {
    "am_HS1": {
      "O_Am241_data": 307.25906026085505,
      "O_Am241_data_err": 2.645754979834811,
      "a": 882.7477816478817,
      "a_err": 3.3298882167082153
    },
    "am_HS6":{
      "O_Am241_data": 307.25906026085505,
      "O_Am241_data_err": 2.645754979834811,
      "a": 882.7477816478817,
      "a_err": 3.3298882167082153
    }
  }
}
