{
    "C_60": 3543885.1543576485,
    "C_60_err": 8750.551044544134,
    "C_99_103": 7973.606528729753,
    "C_99_103_err": 94.67342467929575,
    "O_Am241": 444.45197309255894,
    "O_Am241_err": 5.390038697648162
}