{
    "C_60": 4401717.535024129,
    "C_60_err": 11078.318215308123,
    "C_99_103": 8477.525963173968,
    "C_99_103_err": 89.81886792184768,
    "O_Am241": 519.2219468445172,
    "O_Am241_err": 5.654207676517339
}