{
    "C_60": 9408916.35938057,
    "C_60_err": 16844.455107985857,
    "C_99_103": 10712.116446071075,
    "C_99_103_err": 113.40561707649017,
    "O_Am241": 878.3433606933496,
    "O_Am241_err": 9.430748658610666
}