{
    "C_60": 1507708.3331215654,
    "C_60_err": 4002.530205262631,
    "C_99_103": 6116.432220728877,
    "C_99_103_err": 84.67904235878838,
    "O_Am241": 246.5012737346898,
    "O_Am241_err": 3.4748646274643367
}