{
    "C_60": 2566139.305951121,
    "C_60_err": 6463.405443726061,
    "C_99_103": 7178.9065616823,
    "C_99_103_err": 94.4497772927692,
    "O_Am241": 357.4554542397852,
    "O_Am241_err": 4.788292766235313
}