{
    "C_60": 1357541.7825081311,
    "C_60_err": 3652.5519569680228,
    "C_99_103": 5953.128108523885,
    "C_99_103_err": 90.47999301944537,
    "O_Am241": 228.0383955729691,
    "O_Am241_err": 3.5197824663459
}