{
    "C_60": 3948703.449597818,
    "C_60_err": 9759.697502158146,
    "C_99_103": 8157.725010378385,
    "C_99_103_err": 105.87769762606237,
    "O_Am241": 484.0446870388761,
    "O_Am241_err": 6.395233262355153
}