{
    "C_60": 1862175.7338740171,
    "C_60_err": 4885.698284238427,
    "C_99_103": 6516.674122384861,
    "C_99_103_err": 80.70947053611661,
    "O_Am241": 285.75554015773463,
    "O_Am241_err": 3.6176416775391274
}