{
    "C_60": 8443465.331862373,
    "C_60_err": 16822.6989045208,
    "C_99_103": 10416.908993096527,
    "C_99_103_err": 105.9642401193136,
    "O_Am241": 810.5538156720011,
    "O_Am241_err": 8.401887241591377
}