{
    "C_60": 1103159.06633952,
    "C_60_err": 3095.4330601642487,
    "C_99_103": 5544.765517729158,
    "C_99_103_err": 76.63868052370398,
    "O_Am241": 198.95504378178205,
    "O_Am241_err": 2.8060126918909516
}