{
    "C_60": 7571021.436157264,
    "C_60_err": 15111.788403507298,
    "C_99_103": 10090.052782180948,
    "C_99_103_err": 110.1214708596004,
    "O_Am241": 750.3450774338565,
    "O_Am241_err": 8.3249923815579
}