{
    "C_60": 4902815.805485959,
    "C_60_err": 11103.29959435817,
    "C_99_103": 8821.763901659255,
    "C_99_103_err": 120.3767368660523,
    "O_Am241": 555.7636613425809,
    "O_Am241_err": 7.68736767672445
}