{
    "C_60": 5465477.707450094,
    "C_60_err": 12583.411797195437,
    "C_99_103": 9045.720006252039,
    "C_99_103_err": 100.42166003541848,
    "O_Am241": 604.2059342620129,
    "O_Am241_err": 6.850362156463028
}