{
    "C_60": 6092701.253484935,
    "C_60_err": 13378.406860642704,
    "C_99_103": 9428.405535445123,
    "C_99_103_err": 103.8373320059209,
    "O_Am241": 646.2069573248679,
    "O_Am241_err": 7.2569105363354485
}