{
    "C_60": 1224037.2774878463,
    "C_60_err": 3483.4916204616925,
    "C_99_103": 5766.731681498784,
    "C_99_103_err": 81.08956940409456,
    "O_Am241": 212.25840651037828,
    "O_Am241_err": 3.04521080978175
}