{
    "C_60": 2854838.2780967643,
    "C_60_err": 7023.179603548945,
    "C_99_103": 7469.444186613942,
    "C_99_103_err": 74.02902483023779,
    "O_Am241": 382.20223711062005,
    "O_Am241_err": 3.9029250994503024
}