{
    "C_60": 2071885.0798419993,
    "C_60_err": 5500.92800742935,
    "C_99_103": 6714.637953443209,
    "C_99_103_err": 78.3407410113948,
    "O_Am241": 308.5624413717726,
    "O_Am241_err": 3.6920857738337527
}