{
    "C_60": 1675893.461103748,
    "C_60_err": 4484.765041154255,
    "C_99_103": 6302.601495046274,
    "C_99_103_err": 79.85153216401972,
    "O_Am241": 265.90503340897703,
    "O_Am241_err": 3.4432427479182564
}