{
    "C_60": 3182951.1709842393,
    "C_60_err": 8487.730931909298,
    "C_99_103": 7682.422237329657,
    "C_99_103_err": 82.19653662809634,
    "O_Am241": 414.31609362968385,
    "O_Am241_err": 4.568497486756169
}