{
    "C_60": 2304891.2986741527,
    "C_60_err": 5982.366078834263,
    "C_99_103": 6948.615244796007,
    "C_99_103_err": 86.31090648013434,
    "O_Am241": 331.70512648550283,
    "O_Am241_err": 4.209201055104511
}