{
    "C_60": 6790811.251693266,
    "C_60_err": 14189.491803327055,
    "C_99_103": 9720.617301680351,
    "C_99_103_err": 109.27701191317288,
    "O_Am241": 698.5987659980581,
    "O_Am241_err": 7.988000092019953
}