{
    "C_60": 3951906.899064359,
    "C_60_err": 6733.244413596233,
    "C_99_103": 13863.99350284796,
    "C_99_103_err": 147.12067099305725,
    "O_Am241": 285.04823651659626,
    "O_Am241_err": 3.063589648516479
}