{
    "C_60": 1040289.981399637,
    "C_60_err": 3640.212900006537,
    "C_99_103": 4047.5493910401847,
    "C_99_103_err": 60.08286733174819,
    "O_Am241": 257.0172420137637,
    "O_Am241_err": 3.919800272500597
}