{
    "C_60": 3954243.249025379,
    "C_60_err": 0.0013523623905825621,
    "C_99_103": 6096.195777625421,
    "C_99_103_err": 6.265481417087708e-07,
    "O_Am241": 648.6411187020027,
    "O_Am241_err": 2.3163757184243526e-07
}