{
    "C_60": 1625350.8276465924,
    "C_60_err": 4676.054831218535,
    "C_99_103": 4642.85695717461,
    "C_99_103_err": 60.80601620090264,
    "O_Am241": 350.07557687835646,
    "O_Am241_err": 4.69414537143276
}