{
    "C_60": 2535758.6695233486,
    "C_60_err": 0.0008425568318952414,
    "C_99_103": 5299.584105467818,
    "C_99_103_err": 4.768118423497617e-07,
    "O_Am241": 478.4825788323829,
    "O_Am241_err": 1.6471085177579408e-07
}