{
    "C_60": 4419936.062494018,
    "C_60_err": 0.0015256289295814685,
    "C_99_103": 6278.931070742649,
    "C_99_103_err": 7.91823232346861e-07,
    "O_Am241": 703.9312922368558,
    "O_Am241_err": 2.58684440302529e-07
}