{
    "C_60": 2031102.7230194781,
    "C_60_err": 5417.392830369593,
    "C_99_103": 4979.778962565868,
    "C_99_103_err": 74.95063460274274,
    "O_Am241": 407.87005573695933,
    "O_Am241_err": 6.234498110588514
}