{
    "C_60": 4419936.062494018,
    "C_60_err": 0.0015256289295814685,
    "C_99_103": 6290.865028786889,
    "C_99_103_err": 6.876214761160956e-07,
    "O_Am241": 702.5959136412032,
    "O_Am241_err": 2.5438415920391225e-07
}