{
    "C_60": 25819257.73054399,
    "C_60_err": 0.0023814661421547867,
    "C_99_103": 8517.878105754342,
    "C_99_103_err": 1.9155918591394243e-05,
    "O_Am241": 3031.1842233456614,
    "O_Am241_err": 6.822583437080066e-06
}