{
    "C_60": 2834301.0164963105,
    "C_60_err": 7259.17571373587,
    "C_99_103": 5490.565132735039,
    "C_99_103_err": 78.62774252092281,
    "O_Am241": 516.2129849982215,
    "O_Am241_err": 7.509735958380755
}