{
    "C_60": 2834301.0164963105,
    "C_60_err": 0.0009356229137295891,
    "C_99_103": 5490.56513273504,
    "C_99_103_err": 6.865980122102398e-07,
    "O_Am241": 516.2129849982214,
    "O_Am241_err": 1.822226976035827e-07
}