{
    "C_60": 5506602.530513426,
    "C_60_err": 0.0019178342948822369,
    "C_99_103": 6686.604075631085,
    "C_99_103_err": 7.722053448435719e-07,
    "O_Am241": 823.5275288067224,
    "O_Am241_err": 3.0217421332825316e-07
}