{
    "C_60": 831915.9699402296,
    "C_60_err": 0.0002466650223326844,
    "C_99_103": 3797.705278521392,
    "C_99_103_err": 8.726594917025281e-07,
    "O_Am241": 219.05753841544276,
    "O_Am241_err": 8.217292824203112e-08
}