{
    "C_60": 3539060.5402135313,
    "C_60_err": 0.0011719328036424725,
    "C_99_103": 5861.943054421199,
    "C_99_103_err": 1.1993362796468288e-06,
    "O_Am241": 603.7350597502476,
    "O_Am241_err": 2.3500359603782947e-07
}