{
    "C_60": 1625350.8276465924,
    "C_60_err": 0.000504793088828559,
    "C_99_103": 4642.856957174611,
    "C_99_103_err": 8.167460512434072e-07,
    "O_Am241": 350.0755768783564,
    "O_Am241_err": 1.2495425975291473e-07
}