{
    "C_60": 3539060.5402135313,
    "C_60_err": 8815.814769053974,
    "C_99_103": 5876.807209571023,
    "C_99_103_err": 72.44745662427425,
    "O_Am241": 602.2080381418306,
    "O_Am241_err": 7.573877371349468
}