{
    "C_60": 1040289.981399637,
    "C_60_err": 0.00031079554093066397,
    "C_99_103": 4038.044485814188,
    "C_99_103_err": 5.494124956682356e-07,
    "O_Am241": 257.62221913458785,
    "O_Am241_err": 8.457260904613207e-08
}