{
    "C_60": 1625350.8276465924,
    "C_60_err": 0.000504793088828559,
    "C_99_103": 4632.696550080112,
    "C_99_103_err": 8.945835989766348e-07,
    "O_Am241": 350.8433608971185,
    "O_Am241_err": 1.283075817075901e-07
}