{
    "C_60": 744160.0184796507,
    "C_60_err": 2622.7146670447455,
    "C_99_103": 3642.3127457542496,
    "C_99_103_err": 52.03444547890549,
    "O_Am241": 204.3097532871385,
    "O_Am241_err": 3.00629865789321
}