{
    "C_60": 929709.2749282017,
    "C_60_err": 2736.44566944863,
    "C_99_103": 3894.956931883227,
    "C_99_103_err": 62.312054796164084,
    "O_Am241": 238.6956495764598,
    "O_Am241_err": 3.88277643553724
}