{
    "C_60": 744160.0184796507,
    "C_60_err": 0.00022166654179849726,
    "C_99_103": 3637.115113235214,
    "C_99_103_err": 2.876333434875377e-07,
    "O_Am241": 204.60172287968098,
    "O_Am241_err": 6.305701289277374e-08
}