{
    "C_60": 831915.9699402296,
    "C_60_err": 0.0002466650223326844,
    "C_99_103": 3808.3825095078632,
    "C_99_103_err": 7.907297395418761e-07,
    "O_Am241": 218.44338583724186,
    "O_Am241_err": 7.907026984586895e-08
}