{
    "C_60": 744160.0184796507,
    "C_60_err": 0.00022166654179849726,
    "C_99_103": 3642.3127457542487,
    "C_99_103_err": 2.688547807652578e-07,
    "O_Am241": 204.30975328713853,
    "O_Am241_err": 6.269945378928146e-08
}