{
    "C_60": 5506602.530513426,
    "C_60_err": 0.0019178342948822369,
    "C_99_103": 6698.6552706653565,
    "C_99_103_err": 6.856693330605998e-07,
    "O_Am241": 822.0459641546045,
    "O_Am241_err": 2.9841028534776193e-07
}