{
    "C_60": 3166381.40188187,
    "C_60_err": 0.0010510636609444013,
    "C_99_103": 5647.035719728451,
    "C_99_103_err": 8.382250933733782e-07,
    "O_Am241": 560.7156673048513,
    "O_Am241_err": 2.0388831259462258e-07
}