{
    "C_60": 6113995.540343796,
    "C_60_err": 0.00216991819082496,
    "C_99_103": 6913.598728386576,
    "C_99_103_err": 1.833103239669981e-06,
    "O_Am241": 884.3434194756363,
    "O_Am241_err": 3.9177786981739344e-07
}