{
    "C_60": 323.46377058390857,
    "C_60_err": 6278.697692001026,
    "C_99_103": -105.43221702521447,
    "C_99_103_err": 40.32398469374295,
    "O_Am241": -3.0679784577284486,
    "O_Am241_err": -59.56354280938469
}