{
    "C_60": 4419936.062494018,
    "C_60_err": 10619.423018551908,
    "C_99_103": 6290.865028786889,
    "C_99_103_err": 84.0545998985059,
    "O_Am241": 702.5959136412032,
    "O_Am241_err": 9.53821222635686
}