{
    "C_60": 1162512.5667008958,
    "C_60_err": 0.00037100934010533826,
    "C_99_103": 4181.327577341215,
    "C_99_103_err": 4.937588307852734e-07,
    "O_Am241": 278.0247529518134,
    "O_Am241_err": 9.46091631734759e-08
}