{
    "C_60": 3304719.5071575567,
    "C_60_err": 3.559309163736479e-05,
    "C_99_103": 10567.75987511773,
    "C_99_103_err": 2.3649965261648433e-07,
    "O_Am241": 312.71712701749294,
    "O_Am241_err": 7.7667041094054e-09
}