{
    "C_60": 3539060.5402135313,
    "C_60_err": 0.0011719328036424725,
    "C_99_103": 5876.807209571022,
    "C_99_103_err": 1.0855561340073969e-06,
    "O_Am241": 602.2080381418306,
    "O_Am241_err": 2.283442707248914e-07
}