{
    "C_60": 2269615.9209880866,
    "C_60_err": 0.000733513617436482,
    "C_99_103": 5158.356721362639,
    "C_99_103_err": 6.634482274594112e-07,
    "O_Am241": 439.98816746984136,
    "O_Am241_err": 1.5304562658546266e-07
}