{
    "C_60": 1817100.634466994,
    "C_60_err": 0.0005748964022803116,
    "C_99_103": 4811.935624155078,
    "C_99_103_err": 6.184991081521329e-07,
    "O_Am241": 377.62363763668526,
    "O_Am241_err": 1.2895618928050338e-07
}