{
    "C_60": 6113995.540343796,
    "C_60_err": 0.00216991819082496,
    "C_99_103": 6934.734782609727,
    "C_99_103_err": 1.6390759730510948e-06,
    "O_Am241": 881.6480704750089,
    "O_Am241_err": 3.759440195426272e-07
}