{
    "C_60": 1817100.634466994,
    "C_60_err": 5190.013435153324,
    "C_99_103": 4825.730275544073,
    "C_99_103_err": 74.00265550028381,
    "O_Am241": 376.54417688359644,
    "O_Am241_err": 5.873614310454426
}