{
    "C_60": 1300011.0251407693,
    "C_60_err": 0.0004018083626245589,
    "C_99_103": 4336.969709830234,
    "C_99_103_err": 5.697365420382575e-07,
    "O_Am241": 299.75100406953425,
    "O_Am241_err": 1.00668285802434e-07
}