{
    "C_60": 3166381.40188187,
    "C_60_err": 7935.024813923284,
    "C_99_103": 5654.9230837428295,
    "C_99_103_err": 78.52181234302579,
    "O_Am241": 559.9335932587317,
    "O_Am241_err": 7.900603822800774
}