{
    "C_60": 3927772.7341458653,
    "C_60_err": 0.00041942784388723786,
    "C_99_103": 12672.087048946923,
    "C_99_103_err": 0.00012311014113745421,
    "O_Am241": 309.95468378448925,
    "O_Am241_err": 3.0114115981308763e-06
}