{
    "C_60": 929709.2749282017,
    "C_60_err": 0.0002996472166458264,
    "C_99_103": 3894.956931883227,
    "C_99_103_err": 6.061571533757084e-07,
    "O_Am241": 238.6956495764598,
    "O_Am241_err": 8.543107641046308e-08
}