{
    "C_60": 2269615.9209880866,
    "C_60_err": 6329.933036607879,
    "C_99_103": 5158.356721362639,
    "C_99_103_err": 64.56848306783272,
    "O_Am241": 439.98816746984136,
    "O_Am241_err": 5.64249806464159
}