{
    "C_60": 4939820.807429978,
    "C_60_err": 0.0017243433611613401,
    "C_99_103": 6499.182736277173,
    "C_99_103_err": 9.003998346945093e-07,
    "O_Am241": 760.0679974509502,
    "O_Am241_err": 2.8544914274268433e-07
}