{
    "C_60": 1300011.0251407693,
    "C_60_err": 0.0004018083626245589,
    "C_99_103": 4351.636737265128,
    "C_99_103_err": 5.208343197503872e-07,
    "O_Am241": 298.74070461997866,
    "O_Am241_err": 9.901615294498678e-08
}