{
    "C_60": 3166381.40188187,
    "C_60_err": 0.0010510636609444013,
    "C_99_103": 5654.923083742829,
    "C_99_103_err": 7.195151885300115e-07,
    "O_Am241": 559.9335932587318,
    "O_Am241_err": 1.990534824078192e-07
}