{
    "C_60": 2031102.7230194781,
    "C_60_err": 0.0006348003654683965,
    "C_99_103": 4979.778962565869,
    "C_99_103_err": 4.991508632389442e-07,
    "O_Am241": 407.8700557369593,
    "O_Am241_err": 1.3387104773847382e-07
}