{
    "C_60": 3954243.249025379,
    "C_60_err": 9663.421702566751,
    "C_99_103": 6096.19577762542,
    "C_99_103_err": 72.40777318651973,
    "O_Am241": 648.6411187020028,
    "O_Am241_err": 7.865640195933428
}