{
    "C_60": 6113995.540343796,
    "C_60_err": 14693.05654064515,
    "C_99_103": 6934.734782609726,
    "C_99_103_err": 80.64963383786053,
    "O_Am241": 881.648070475009,
    "O_Am241_err": 10.470020076351096
}