{
    "C_60": 3304719.5071575567,
    "C_60_err": 3.559309163736479e-05,
    "C_99_103": 10567.758239980767,
    "C_99_103_err": 2.3650031517222865e-07,
    "O_Am241": 312.71717540385094,
    "O_Am241_err": 7.766723953513497e-09
}