{
    "C_60": 4939820.807429978,
    "C_60_err": 12369.004330437721,
    "C_99_103": 6499.182736277171,
    "C_99_103_err": 80.88587765304952,
    "O_Am241": 760.0679974509504,
    "O_Am241_err": 9.649012181953687
}