{
    "C_60": 3954243.249025379,
    "C_60_err": 0.0013523623905825621,
    "C_99_103": 6087.212507397436,
    "C_99_103_err": 6.995899493142822e-07,
    "O_Am241": 649.5983579052015,
    "O_Am241_err": 2.3437301411297837e-07
}