{
    "C_60": 2535758.6695233486,
    "C_60_err": 6446.475443453957,
    "C_99_103": 5308.140491917144,
    "C_99_103_err": 62.48334089484593,
    "O_Am241": 477.71129520490655,
    "O_Am241_err": 5.752897033394601
}