{
    "C_60": 831915.9699402296,
    "C_60_err": 2772.2097402593895,
    "C_99_103": 3808.3825095078637,
    "C_99_103_err": 60.952521407170714,
    "O_Am241": 218.44338583724183,
    "O_Am241_err": 3.5711250915323967
}