{
    "C_60": 1817100.634466994,
    "C_60_err": 0.0005748964022803116,
    "C_99_103": 4825.730275544074,
    "C_99_103_err": 5.642953803986243e-07,
    "O_Am241": 376.5441768835964,
    "O_Am241_err": 1.2700805715197218e-07
}