{
    "C_60": 665094.1442381376,
    "C_60_err": 2326.614221153543,
    "C_99_103": 3559.803039930798,
    "C_99_103_err": 62.167958226033534,
    "O_Am241": 186.83453460140507,
    "O_Am241_err": 3.3276702978617743
}