{
    "C_60": 2031102.7230194781,
    "C_60_err": 0.0006348003654683965,
    "C_99_103": 4968.578303181039,
    "C_99_103_err": 5.683733585144053e-07,
    "O_Am241": 408.7895166549157,
    "O_Am241_err": 1.3605199923652712e-07
}