{
    "C_60": 4939820.807429978,
    "C_60_err": 0.0017243433611613401,
    "C_99_103": 6480.999725251254,
    "C_99_103_err": 9.90334679781043e-07,
    "O_Am241": 762.2004346310124,
    "O_Am241_err": 2.9043688205321724e-07
}