{
    "C_60": 1454409.344823803,
    "C_60_err": 0.00044765331951933385,
    "C_99_103": 4494.699638868833,
    "C_99_103_err": 3.579619185979264e-07,
    "O_Am241": 323.58321171152375,
    "O_Am241_err": 1.0287587127134975e-07
}