{
    "C_60": 1300011.0251407693,
    "C_60_err": 4274.5032389018115,
    "C_99_103": 4351.636737265128,
    "C_99_103_err": 72.96345804290296,
    "O_Am241": 298.74070461997866,
    "O_Am241_err": 5.104360809120185
}