{
    "C_60": 1040289.981399637,
    "C_60_err": 0.00031079554093066397,
    "C_99_103": 4047.549391040184,
    "C_99_103_err": 5.015756615698187e-07,
    "O_Am241": 257.01724201376373,
    "O_Am241_err": 8.312950454828888e-08
}