{
    "C_60": 2834301.0164963105,
    "C_60_err": 0.0009356229137295891,
    "C_99_103": 5478.374308225028,
    "C_99_103_err": 7.7915499603772e-07,
    "O_Am241": 517.3616947350597,
    "O_Am241_err": 1.8596134230588504e-07
}