{
    "C_60": 665094.1442381376,
    "C_60_err": 0.00019970482479321483,
    "C_99_103": 3559.8030399307972,
    "C_99_103_err": 1.9440667450854043e-07,
    "O_Am241": 186.83453460140512,
    "O_Am241_err": 5.7020296234563076e-08
}