{
    "C_60": 929709.2749282017,
    "C_60_err": 0.0002996472166458264,
    "C_99_103": 3884.1278888412903,
    "C_99_103_err": 6.692754001637368e-07,
    "O_Am241": 239.36113885414616,
    "O_Am241_err": 8.747969266228255e-08
}