{
    "C_60": 2535758.6695233486,
    "C_60_err": 0.0008425568318952414,
    "C_99_103": 5308.140491917143,
    "C_99_103_err": 4.151603796181437e-07,
    "O_Am241": 477.71129520490666,
    "O_Am241_err": 1.6306726034581174e-07
}