{
    "C_60": 2269615.9209880866,
    "C_60_err": 0.000733513617436482,
    "C_99_103": 5154.122598542842,
    "C_99_103_err": 7.379757080558033e-07,
    "O_Am241": 440.3496186974182,
    "O_Am241_err": 1.556570474213559e-07
}