{
    "C_60": 1162512.5667008958,
    "C_60_err": 0.00037100934010533826,
    "C_99_103": 4173.744908459869,
    "C_99_103_err": 5.382885345773213e-07,
    "O_Am241": 278.5298556087052,
    "O_Am241_err": 9.587515100123207e-08
}