{
    "C_60": 665094.1442381376,
    "C_60_err": 0.00019970482479321483,
    "C_99_103": 3543.5988283322786,
    "C_99_103_err": 2.118846120178217e-07,
    "O_Am241": 187.6888938218637,
    "O_Am241_err": 5.746304671044337e-08
}