{
    "C_60": 5506602.530513426,
    "C_60_err": 12837.151855771377,
    "C_99_103": 6698.6552706653565,
    "C_99_103_err": 88.47580207525837,
    "O_Am241": 822.0459641546045,
    "O_Am241_err": 11.02540317864948
}