{
    "C_60": 1162512.5667008958,
    "C_60_err": 3776.1033978546366,
    "C_99_103": 4181.327577341215,
    "C_99_103_err": 57.6222770710798,
    "O_Am241": 278.0247529518134,
    "O_Am241_err": 3.9364121536801444
}