{
    "C_60": 1454409.344823803,
    "C_60_err": 0.00044765331951933385,
    "C_99_103": 4508.5896799090715,
    "C_99_103_err": 3.2489254566184234e-07,
    "O_Am241": 322.5863181351059,
    "O_Am241_err": 1.019738796013231e-07
}