{
    "C_60": 1454409.344823803,
    "C_60_err": 4742.943048050035,
    "C_99_103": 4508.5896799090715,
    "C_99_103_err": 66.24836904256378,
    "O_Am241": 322.5863181351059,
    "O_Am241_err": 4.855355363937309
}