{
    "C_60": 205.2612038009628,
    "C_60_err": 16.95457753198692,
    "C_99_103": NaN,
    "C_99_103_err": NaN,
    "O_Am241": NaN,
    "O_Am241_err": NaN
}