{
    "C_60": 3152471.505994134,
    "C_60_err": 9404.298459271484,
    "C_99_103": 6475.542721195332,
    "C_99_103_err": 79.72669970388836,
    "O_Am241": 486.8273813831335,
    "O_Am241_err": 6.167237189017871
}