{
    "C_60": 983435.5056521293,
    "C_60_err": 3644.4722498128863,
    "C_99_103": 4518.634027151378,
    "C_99_103_err": 74.65548404029163,
    "O_Am241": 217.63999911099313,
    "O_Am241_err": 3.685126079217317
}