{
    "C_60": 1843169.870502694,
    "C_60_err": 6020.117043118149,
    "C_99_103": 5497.812365101709,
    "C_99_103_err": 77.73911335157733,
    "O_Am241": 335.2551429733262,
    "O_Am241_err": 4.865333526978518
}