{
    "C_60": 3511744.8433599886,
    "C_60_err": 9737.184658390604,
    "C_99_103": 6677.351330606765,
    "C_99_103_err": 77.33796064854145,
    "O_Am241": 525.918836599673,
    "O_Am241_err": 6.263379850123866
}