{
    "C_60": 1209511.2089612074,
    "C_60_err": 4129.332666872572,
    "C_99_103": 4810.426854740132,
    "C_99_103_err": 74.21792582123072,
    "O_Am241": 251.43531862861005,
    "O_Am241_err": 3.9731235208461753
}