{
    "C_60": 6747913.230922754,
    "C_60_err": 17037.86535889709,
    "C_99_103": 8170.886535450826,
    "C_99_103_err": 100.0155083974435,
    "O_Am241": 825.8483582712533,
    "O_Am241_err": 10.32159540306926
}