{
    "C_60": 4862892.791447486,
    "C_60_err": 13035.53793479334,
    "C_99_103": 7405.250940999811,
    "C_99_103_err": 94.82298086403308,
    "O_Am241": 656.681701969566,
    "O_Am241_err": 8.590977150344973
}