{
    "C_60": 2050437.102518848,
    "C_60_err": 6306.466696740141,
    "C_99_103": 5677.002427064979,
    "C_99_103_err": 78.54472352243886,
    "O_Am241": 361.1830589931468,
    "O_Am241_err": 5.119169636344092
}