{
    "C_60": 5423070.011739519,
    "C_60_err": 13992.533762218656,
    "C_99_103": 7658.709168947986,
    "C_99_103_err": 87.32498183426708,
    "O_Am241": 708.091911066058,
    "O_Am241_err": 8.277836701005562
}