{
    "C_60": 7458328.9431290915,
    "C_60_err": 18380.89203338768,
    "C_99_103": 8607.058701616628,
    "C_99_103_err": 111.079881150814,
    "O_Am241": 866.536316491977,
    "O_Am241_err": 11.385312419014282
}