{
    "C_60": 2830479.1969712805,
    "C_60_err": 8675.369422195134,
    "C_99_103": 6293.988230803349,
    "C_99_103_err": 79.91556062205849,
    "O_Am241": 449.7115490490844,
    "O_Am241_err": 5.874050981280506
}