{
    "C_60": 6049131.328172405,
    "C_60_err": 15384.317428941782,
    "C_99_103": 7905.832393118131,
    "C_99_103_err": 88.88123800232145,
    "O_Am241": 765.1479347624487,
    "O_Am241_err": 8.81952331436349
}