{
    "C_60": 2282887.692156122,
    "C_60_err": 7206.879148076898,
    "C_99_103": 5862.030461295216,
    "C_99_103_err": 82.56183207587526,
    "O_Am241": 389.43634074049453,
    "O_Am241_err": 5.620983636566101
}