{
    "C_60": 1342662.5871885712,
    "C_60_err": 4449.997949151792,
    "C_99_103": 4969.603223824111,
    "C_99_103_err": 70.28441092225313,
    "O_Am241": 270.1750072826522,
    "O_Am241_err": 3.9245668104694764
}