{
    "C_60": 4362749.077013705,
    "C_60_err": 11195.42022442544,
    "C_99_103": 7160.5238422154835,
    "C_99_103_err": 99.2587314362439,
    "O_Am241": 609.277920603063,
    "O_Am241_err": 8.589270941269431
}