{
    "C_60": 888045.6949000768,
    "C_60_err": 3217.4735810636075,
    "C_99_103": 4395.520489943631,
    "C_99_103_err": 68.04602452427613,
    "O_Am241": 202.03425212823095,
    "O_Am241_err": 3.212159934058783
}