{
    "C_60": 1090349.986605583,
    "C_60_err": 3746.932891040595,
    "C_99_103": 4687.354545731917,
    "C_99_103_err": 76.25456803847602,
    "O_Am241": 232.61521524937856,
    "O_Am241_err": 3.86772558099359
}