{
    "C_60": 1491035.4274543568,
    "C_60_err": 5133.6712923936675,
    "C_99_103": 5146.927667671431,
    "C_99_103_err": 82.18747706911063,
    "O_Am241": 289.69426495339303,
    "O_Am241_err": 4.732222374784553
}