{
    "C_60": 1657492.7540157235,
    "C_60_err": 5862.500639199079,
    "C_99_103": 5341.131075663581,
    "C_99_103_err": 73.76990746465796,
    "O_Am241": 310.32617071839917,
    "O_Am241_err": 4.4244308114203434
}