{
    "C_60": 3913607.8736174097,
    "C_60_err": 10701.088180041725,
    "C_99_103": 6950.240123835882,
    "C_99_103_err": 94.7895922582964,
    "O_Am241": 563.0895917100293,
    "O_Am241_err": 7.832418279729566
}