{
    "C_60": 2541046.3859467274,
    "C_60_err": 7511.58382349946,
    "C_99_103": 6066.239673731156,
    "C_99_103_err": 70.64522564389686,
    "O_Am241": 418.8832823322671,
    "O_Am241_err": 5.032867945121735
}