{
    "C_60": 1456977.678413014,
    "C_60_err": 8.38297925993825e-05,
    "C_99_103": 5911.75538947437,
    "C_99_103_err": 6.190786028184483e-05,
    "O_Am241": 246.4543240417391,
    "O_Am241_err": 2.580906879043543e-06
}