{
    "C_60": 4133200.7745010406,
    "C_60_err": 0.0002381959549244833,
    "C_99_103": 7690.313621230225,
    "C_99_103_err": 8.56259390625278e-05,
    "O_Am241": 537.4554248464901,
    "O_Am241_err": 5.984247738060987e-06
}