{
    "C_60": 3025001.958002335,
    "C_60_err": 0.0001749697797960581,
    "C_99_103": 7061.407836488944,
    "C_99_103_err": 5.0394356712081794e-05,
    "O_Am241": 428.3851079059639,
    "O_Am241_err": 3.0573083273270476e-06
}