{
    "C_60": 1064265.8307903213,
    "C_60_err": 6.136939331642319e-05,
    "C_99_103": 5455.49723307859,
    "C_99_103_err": 1.0616600202112913e-05,
    "O_Am241": 195.08136203191614,
    "O_Am241_err": 3.798022007467875e-07
}