{
    "C_60": 1179307.079070228,
    "C_60_err": 5.647755896807938e-05,
    "C_99_103": 48438.23768919308,
    "C_99_103_err": 3.614608671281979e-08,
    "O_Am241": 24.346614066294567,
    "O_Am241_err": 1.1661120967565806e-09
}