{
    "C_60": 2213331.6684355396,
    "C_60_err": 0.00012766271606012847,
    "C_99_103": 6574.483964501348,
    "C_99_103_err": 3.892402806939682e-05,
    "O_Am241": 336.6548128166913,
    "O_Am241_err": 1.9932489460743535e-06
}