{
    "C_60": 1181301.6603752077,
    "C_60_err": 6.796784784657284e-05,
    "C_99_103": 5574.923682683091,
    "C_99_103_err": 7.343758159964972e-05,
    "O_Am241": 211.89557518869432,
    "O_Am241_err": 2.791293282868388e-06
}