{
    "C_60": 862866.6328291604,
    "C_60_err": 4.966343363556683e-05,
    "C_99_103": 5127.504769433641,
    "C_99_103_err": 3.298654209112147e-06,
    "O_Am241": 168.28197566444555,
    "O_Am241_err": 1.086924851345294e-07
}