{
    "C_60": 630727.743183001,
    "C_60_err": 3.6560202585043944e-05,
    "C_99_103": 4724.1865662525515,
    "C_99_103_err": 9.851183151363119e-06,
    "O_Am241": 133.51033756554708,
    "O_Am241_err": 2.785120384204987e-07
}