{
    "C_60": 1993414.242554789,
    "C_60_err": 0.00011479369168065912,
    "C_99_103": 6394.998315919407,
    "C_99_103_err": 3.5606004233970465e-06,
    "O_Am241": 311.7145844421065,
    "O_Am241_err": 1.7448194185243338e-07
}