{
    "C_60": 567502.3184396429,
    "C_60_err": 3.2796309530885165e-05,
    "C_99_103": 4581.892657708629,
    "C_99_103_err": 3.0152081072485942e-05,
    "O_Am241": 123.85761972945187,
    "O_Am241_err": 8.151018091294402e-07
}