{
    "C_60": 1617638.2044007967,
    "C_60_err": 9.326313605305392e-05,
    "C_99_103": 6102.606544967873,
    "C_99_103_err": 8.947323972560944e-05,
    "O_Am241": 265.0733244034353,
    "O_Am241_err": 3.886397114875817e-06
}