{
    "C_60": 2456413.583114201,
    "C_60_err": 0.0001408185981199156,
    "C_99_103": 6694.881865118706,
    "C_99_103_err": 4.8849530249547185e-05,
    "O_Am241": 366.9091751883582,
    "O_Am241_err": 2.6772532197936584e-06
}