{
    "C_60": 1795108.6259080034,
    "C_60_err": 0.0001034228488391506,
    "C_99_103": 6238.606249312322,
    "C_99_103_err": 1.7081675416934277e-06,
    "O_Am241": 287.7419337221158,
    "O_Am241_err": 8.051070690316262e-08
}