{
    "C_60": 1311668.1751874536,
    "C_60_err": 7.571973251706277e-05,
    "C_99_103": 5740.220839656311,
    "C_99_103_err": 8.406056261018929e-05,
    "O_Am241": 228.50482791982412,
    "O_Am241_err": 3.346281297409119e-06
}