{
    "C_60": 700028.7236879873,
    "C_60_err": 4.02413769209041e-05,
    "C_99_103": 4867.876894618614,
    "C_99_103_err": 5.083843487463271e-06,
    "O_Am241": 143.8057573850854,
    "O_Am241_err": 1.5041313703794838e-07
}