{
    "C_60": 3726332.642511598,
    "C_60_err": 0.000214873339924454,
    "C_99_103": 7460.325378939278,
    "C_99_103_err": 1.4614469721214974e-05,
    "O_Am241": 499.4866112718282,
    "O_Am241_err": 9.788974855121586e-07
}