{
    "C_60": 776890.7224045283,
    "C_60_err": 4.4423333810800214e-05,
    "C_99_103": 4969.235332008829,
    "C_99_103_err": 3.5908107711713656e-06,
    "O_Am241": 156.34009470235088,
    "O_Am241_err": 1.133258043553546e-07
}