{
    "C_60": 4583894.728812405,
    "C_60_err": 0.00026458366106776876,
    "C_99_103": 7904.477732823798,
    "C_99_103_err": 3.5602999894339556e-05,
    "O_Am241": 579.9111445121185,
    "O_Am241_err": 2.612224659329952e-06
}