{
    "C_60": 3357750.092145384,
    "C_60_err": 0.00019309993948640747,
    "C_99_103": 7236.475251252979,
    "C_99_103_err": 4.466408302068541e-06,
    "O_Am241": 464.0035342570952,
    "O_Am241_err": 2.876270325475506e-07
}