{
    "C_60": 1179307.079070228,
    "C_60_err": 1555.3512609230645,
    "C_99_103": 48438.23768919309,
    "C_99_103_err": 460.1976128788928,
    "O_Am241": 24.346614066294563,
    "O_Am241_err": 0.23352818761748984
}