{
    "C_60": 957917.9991365512,
    "C_60_err": 5.5244334353655306e-05,
    "C_99_103": 5283.205667666036,
    "C_99_103_err": 9.696482162046952e-06,
    "O_Am241": 181.31378170627437,
    "O_Am241_err": 3.3293680164563864e-07
}