{
    "C_60": 2727012.841766145,
    "C_60_err": 0.00015734501975402104,
    "C_99_103": 6923.491806064963,
    "C_99_103_err": 4.723329473886855e-05,
    "O_Am241": 393.87825076607845,
    "O_Am241_err": 2.6872037106153906e-06
}