{
    "C_60": 3887191.762684544,
    "C_60_err": 11039.991768167933,
    "C_99_103": 6919.286388027788,
    "C_99_103_err": 84.25963081029829,
    "O_Am241": 561.7908473062226,
    "O_Am241_err": 7.02480572979632
}