{
    "C_60": 7446657.25709802,
    "C_60_err": 17633.45794648044,
    "C_99_103": 8496.327871169595,
    "C_99_103_err": 103.56246411850852,
    "O_Am241": 876.4559666260762,
    "O_Am241_err": 10.882925096047472
}