{
    "C_60": 5384103.138425393,
    "C_60_err": 13896.816437915488,
    "C_99_103": 7705.385637521889,
    "C_99_103_err": 81.1287657754345,
    "O_Am241": 698.745447886105,
    "O_Am241_err": 7.574814546086099
}