{
    "C_60": 4331554.473187858,
    "C_60_err": 11676.847266939954,
    "C_99_103": 7182.410759079199,
    "C_99_103_err": 83.71102821432447,
    "O_Am241": 603.0780776095814,
    "O_Am241_err": 7.214444024478717
}