{
    "C_60": 3487775.197108654,
    "C_60_err": 9792.78640915884,
    "C_99_103": 6720.016305016307,
    "C_99_103_err": 79.78368339640494,
    "O_Am241": 519.0129069337414,
    "O_Am241_err": 6.331972719782988
}