{
    "C_60": 1481712.8490023157,
    "C_60_err": 5115.395746151728,
    "C_99_103": 5128.367208398254,
    "C_99_103_err": 69.96747769394327,
    "O_Am241": 288.92487390057624,
    "O_Am241_err": 4.066112155769029
}