{
    "C_60": 1646412.9459543645,
    "C_60_err": 5407.761475443118,
    "C_99_103": 5360.030452407678,
    "C_99_103_err": 74.7961040777525,
    "O_Am241": 307.1648492621549,
    "O_Am241_err": 4.403443397859755
}