{
    "C_60": 4827741.525857034,
    "C_60_err": 13267.588580372267,
    "C_99_103": 7444.323160543272,
    "C_99_103_err": 96.19896806557993,
    "O_Am241": 648.5131585159066,
    "O_Am241_err": 8.567802891875319
}