{
    "C_60": 1201561.9916877926,
    "C_60_err": 3871.1433747254987,
    "C_99_103": 4824.0379627847615,
    "C_99_103_err": 66.62007528994243,
    "O_Am241": 249.0780547245465,
    "O_Am241_err": 3.5321381911171166
}