{
    "C_60": 1083066.4919169173,
    "C_60_err": 3670.281516672478,
    "C_99_103": 4699.37314375391,
    "C_99_103_err": 63.89095079202939,
    "O_Am241": 230.47041781656694,
    "O_Am241_err": 3.2292606896222935
}