{
    "C_60": 2523661.918841492,
    "C_60_err": 7547.488866976749,
    "C_99_103": 6105.131389113294,
    "C_99_103_err": 68.94501033170262,
    "O_Am241": 413.36733937318706,
    "O_Am241_err": 4.829064575771559
}