{
    "C_60": 3130132.8263050136,
    "C_60_err": 8778.742535624575,
    "C_99_103": 6498.470220331219,
    "C_99_103_err": 78.34591880223799,
    "O_Am241": 481.6722582665732,
    "O_Am241_err": 5.962126089788381
}