{
    "C_60": 1334444.2034551457,
    "C_60_err": 4504.455562830567,
    "C_99_103": 4985.503807227408,
    "C_99_103_err": 85.8854526833446,
    "O_Am241": 267.66486498729023,
    "O_Am241_err": 4.698757113432722
}