{
    "C_60": 2037313.7704701663,
    "C_60_err": 6675.574824528849,
    "C_99_103": 5673.8340403635775,
    "C_99_103_err": 89.60352970863701,
    "O_Am241": 359.0717944826627,
    "O_Am241_err": 5.7913813996072765
}