{
    "C_60": 6698465.866335958,
    "C_60_err": 16168.424019842669,
    "C_99_103": 8289.223918515736,
    "C_99_103_err": 97.05422429884085,
    "O_Am241": 808.093246386253,
    "O_Am241_err": 9.66050813412176
}