{
    "C_60": 882846.4773710761,
    "C_60_err": 3152.9584042374186,
    "C_99_103": 4415.607857569852,
    "C_99_103_err": 63.56236212337406,
    "O_Am241": 199.9376995983865,
    "O_Am241_err": 2.965343438485513
}