{
    "C_60": 6005100.17830588,
    "C_60_err": 15051.27750207992,
    "C_99_103": 7985.084395715858,
    "C_99_103_err": 102.5882962041331,
    "O_Am241": 752.039663040722,
    "O_Am241_err": 9.843970324322882
}