{
    "C_60": 2266960.6174131986,
    "C_60_err": 7252.898461148123,
    "C_99_103": 5872.156567984206,
    "C_99_103_err": 76.17260947969542,
    "O_Am241": 386.05248194044674,
    "O_Am241_err": 5.157875831914808
}