{
    "C_60": 977617.3479470835,
    "C_60_err": 3582.6626357468513,
    "C_99_103": 4543.580630971737,
    "C_99_103_err": 74.9436923014084,
    "O_Am241": 215.16452052882357,
    "O_Am241_err": 3.635551923354187
}