{
    "C_60": 2810881.856734321,
    "C_60_err": 8659.41551149736,
    "C_99_103": 6275.904792996631,
    "C_99_103_err": 80.48749503664193,
    "O_Am241": 447.8847193270081,
    "O_Am241_err": 5.907447772528279
}