{
    "C_60": 1830966.2371013104,
    "C_60_err": 6105.466819985102,
    "C_99_103": 5494.82717896213,
    "C_99_103_err": 69.55395902198661,
    "O_Am241": 333.2163464779152,
    "O_Am241_err": 4.361778632887829
}