{
    "cuspEmax_ctc": {
        "resolution": [
            0.3251059226858433,
            7.37937623605215e-16,
            9.023799342233871e-06
        ],
        "calibration": [
            0.06424998314871565,
            -0.01143234305196333
        ]
    }
}