{
    "C_79": 88722.728367752,
    "C_79_err": 208.92785112918767,
    "C_81": 1101501.0427543554,
    "C_81_err": 2593.8589819435,
    "C_356": 1110033.0962458202,
    "C_356_err": 3091.862151933076,
    "C_161": 19228.778450752063,
    "C_161_err": 266.42701752587396,
    "C_223": 10618.901638159405,
    "C_223_err": 215.22480466758682,
    "C_276": 147850.05168116224,
    "C_276_err": 471.40549999646356,
    "C_303": 367406.794103431,
    "C_303_err": 614.5197536474075,
    "C_383": 161265.15546292916,
    "C_383_err": 2649.214024915194,
    "O_Ba133": 1.0722416972498348,
    "O_Ba133_err": 0.0037967819516122295
}