{
    "C_79": 52738.19305597583,
    "C_79_err": 83.9949819465473,
    "C_81": 654749.642091185,
    "C_81_err": 1042.8056249212855,
    "C_356": 985709.0179226125,
    "C_356_err": 1856.2421748505576,
    "C_161": 15671.279987171938,
    "C_161_err": 235.50281640689508,
    "C_223": 9890.343178819634,
    "C_223_err": 239.5278435627799,
    "C_276": 132007.16496017974,
    "C_276_err": 396.04916399377475,
    "C_303": 327648.9261758917,
    "C_303_err": 631.2150856857966,
    "C_383": 140759.12032191604,
    "C_383_err": 514.8711688763863,
    "O_Ba133": 0.7177451177612187,
    "O_Ba133_err": 0.0017185327663301452
}