{
    "C_79": 51627.133177124946,
    "C_79_err": 88.38505451611735,
    "C_81": 640955.7288782811,
    "C_81_err": 1097.3087900302871,
    "C_356": 980047.1456143332,
    "C_356_err": 1771.6959695794499,
    "C_161": 14909.020678004823,
    "C_161_err": 270.9570731879726,
    "C_223": 9624.123691953351,
    "C_223_err": 241.58919288474004,
    "C_276": 131123.68373391844,
    "C_276_err": 399.816777880408,
    "C_303": 325739.59710471507,
    "C_303_err": 576.603698712097,
    "C_383": 139821.55364223037,
    "C_383_err": 446.31754005703954,
    "O_Ba133": 0.7066832092258858,
    "O_Ba133_err": 0.001701117024441594
}