{
    "C_79": 39359.13457999605,
    "C_79_err": 70.62339078643436,
    "C_81": 488647.3689365466,
    "C_81_err": 876.7960591976191,
    "C_356": 910690.9369633821,
    "C_356_err": 1362.561609912575,
    "C_161": 13693.309558041168,
    "C_161_err": 200.3302874132547,
    "C_223": 8971.861190183941,
    "C_223_err": 207.0245535320327,
    "C_276": 121784.35202177468,
    "C_276_err": 356.1942787183853,
    "C_303": 302236.1792086599,
    "C_303_err": 559.9354011310002,
    "C_383": 129087.10777017052,
    "C_383_err": 367.8083484160359,
    "O_Ba133": 0.5797867114798939,
    "O_Ba133_err": 0.0012982534004710297
}