{
    "C_79": 67840.78316759369,
    "C_79_err": 109.99356177842068,
    "C_81": 842249.7230995726,
    "C_81_err": 1365.580446230204,
    "C_356": 1053383.853179965,
    "C_356_err": 2358.0970637500436,
    "C_161": 17274.18596334694,
    "C_161_err": 243.5611396371658,
    "C_223": 10256.727641020101,
    "C_223_err": 232.10156401015288,
    "C_276": 140701.05071309162,
    "C_276_err": 370.23713767073747,
    "C_303": 349655.29994446185,
    "C_303_err": 459.158792322297,
    "C_383": 151549.00462841155,
    "C_383_err": 534.2901950630392,
    "O_Ba133": 0.8639685367492359,
    "O_Ba133_err": 0.0023306932978127692
}