{
    "C_79": 17572.650938874867,
    "C_79_err": 39.41202051310016,
    "C_81": 218166.11920338497,
    "C_81_err": 489.30395278528124,
    "C_356": 725609.2902790762,
    "C_356_err": 785.1744564585667,
    "C_161": 10078.714315179495,
    "C_161_err": 267.3529264009493,
    "C_223": 7222.546475728225,
    "C_223_err": 233.16668510733953,
    "C_276": 97023.01840359771,
    "C_276_err": 343.8576181462816,
    "C_303": 240550.21867291196,
    "C_303_err": 493.78564011252695,
    "C_383": 101804.98698743795,
    "C_383_err": 306.40630214085263,
    "O_Ba133": 0.32488389178643573,
    "O_Ba133_err": 0.0007624094684391637
}