{
    "C_79": 45069.906820591474,
    "C_79_err": 69.14934355709111,
    "C_81": 559547.1450556451,
    "C_81_err": 858.4956237842633,
    "C_356": 944818.9338139305,
    "C_356_err": 1801.821040436629,
    "C_161": 14116.260610964831,
    "C_161_err": 317.1706529519788,
    "C_223": 9601.082602963568,
    "C_223_err": 241.849494905318,
    "C_276": 126408.66442159213,
    "C_276_err": 386.5554492090335,
    "C_303": 314131.7781439094,
    "C_303_err": 610.0724546997798,
    "C_383": 134430.41243462998,
    "C_383_err": 410.3661855393679,
    "O_Ba133": 0.6399290173362548,
    "O_Ba133_err": 0.0015232531193936395
}