{
    "C_79": 59147.48127560753,
    "C_79_err": 83.54503263856633,
    "C_81": 734321.5599877184,
    "C_81_err": 1037.2194618146539,
    "C_356": 1016355.6578735358,
    "C_356_err": 2023.1304201910934,
    "C_161": 16208.908765263714,
    "C_161_err": 260.76962520784866,
    "C_223": 10014.86574711064,
    "C_223_err": 221.9492363381129,
    "C_276": 135781.7291107093,
    "C_276_err": 375.0964618892044,
    "C_303": 337633.1880319873,
    "C_303_err": 573.5387367603689,
    "C_383": 145584.4395683497,
    "C_383_err": 314.7284137901684,
    "O_Ba133": 0.7807001762783088,
    "O_Ba133_err": 0.0018609883419251365
}