{
    "C_79": 77932.98110474336,
    "C_79_err": 143.3617328389927,
    "C_81": 967545.3125833988,
    "C_81_err": 1779.8494378878718,
    "C_356": 1089395.7666173426,
    "C_356_err": 2768.654852135917,
    "C_161": 18031.501737877184,
    "C_161_err": 276.23195834676204,
    "C_223": 10675.124014781317,
    "C_223_err": 245.93693452845736,
    "C_276": 145418.35774154676,
    "C_276_err": 455.553546082834,
    "C_303": 361171.50386408484,
    "C_303_err": 646.1484206457737,
    "C_383": 157285.30818697982,
    "C_383_err": 946.2037000916725,
    "O_Ba133": 0.959686392884041,
    "O_Ba133_err": 0.0029385955251341844
}