{
    "C_79": 17512.234306656137,
    "C_79_err": 84.50107658246931,
    "C_81": 217416.04101471655,
    "C_81_err": 1049.0888375710342,
    "C_356": 327268.7797731229,
    "C_356_err": 1309.9944843493593,
    "C_161": 5158.32385125959,
    "C_161_err": 155.4513327482949,
    "C_223": 3180.831459648084,
    "C_223_err": 108.8337232253468,
    "C_276": 43179.082209164124,
    "C_276_err": 206.9822621236242,
    "C_303": 106207.19594488107,
    "C_303_err": 385.530201812753,
    "C_383": 46444.47287417586,
    "C_383_err": 254.4028379817448,
    "O_Ba133": 0.717845055321914,
    "O_Ba133_err": 0.004312640786147928
}