{
    "C_60": 958388.9945605773,
    "C_60_err": 9.24914790368693e-07,
    "C_99_103": 5295.537707929709,
    "C_99_103_err": 3.116785262350389e-05,
    "O_Am241": 180.9804872365378,
    "O_Am241_err": 1.0651936669812723e-06
}