{
    "C_60": 4134060.543094722,
    "C_60_err": 4.821135990273201e-06,
    "C_99_103": 7766.900275213339,
    "C_99_103_err": 7.406416451032743e-05,
    "O_Am241": 532.2664636609061,
    "O_Am241_err": 5.075624744213866e-06
}