{
    "C_60": 2726264.7565094996,
    "C_60_err": 2.970031564211023e-06,
    "C_99_103": 6925.143718108784,
    "C_99_103_err": 1.0920321004388019e-05,
    "O_Am241": 393.67627120582364,
    "O_Am241_err": 6.207917776588e-07
}