{
    "C_60": 777043.0029028608,
    "C_60_err": 7.970826536394388e-07,
    "C_99_103": 5007.412779344943,
    "C_99_103_err": 4.6338923334583565e-05,
    "O_Am241": 155.17853972576063,
    "O_Am241_err": 1.4360323018232642e-06
}