{
    "C_60": 3026844.873801088,
    "C_60_err": 4.2450179015170175e-06,
    "C_99_103": 7136.5590894610505,
    "C_99_103_err": 2.7527055079166477e-05,
    "O_Am241": 424.13225139142986,
    "O_Am241_err": 1.6359582356543074e-06
}