{
    "C_60": 1456938.6923028512,
    "C_60_err": 1.6804252443280293e-06,
    "C_99_103": 5944.490346242497,
    "C_99_103_err": 5.537397463819786e-05,
    "O_Am241": 245.09059775389827,
    "O_Am241_err": 2.2830621058536846e-06
}