{
    "C_60": 567820.9672331422,
    "C_60_err": 8.020816952281073e-07,
    "C_99_103": 4599.6183808210635,
    "C_99_103_err": 4.624782250405986e-05,
    "O_Am241": 123.44958216550614,
    "O_Am241_err": 1.241249588082732e-06
}