{
    "C_60": 2457170.1305872705,
    "C_60_err": 2.8948732180150705e-06,
    "C_99_103": 6782.007374973082,
    "C_99_103_err": 2.6235022099948396e-05,
    "O_Am241": 362.3072041553218,
    "O_Am241_err": 1.4015227974966112e-06
}