{
    "C_60": 2213662.755416528,
    "C_60_err": 2.9096346953159935e-06,
    "C_99_103": 6617.527988803436,
    "C_99_103_err": 2.387712128314809e-06,
    "O_Am241": 334.5150574598169,
    "O_Am241_err": 1.2069929448131395e-07
}