{
    "C_60": 630376.8940028334,
    "C_60_err": 5.920813119083754e-07,
    "C_99_103": 4750.096327786129,
    "C_99_103_err": 4.676829416696517e-05,
    "O_Am241": 132.70823379209918,
    "O_Am241_err": 1.3066130276775178e-06
}