{
    "C_60": 1064553.1301419884,
    "C_60_err": 1.2741730511228039e-06,
    "C_99_103": 5497.954370413305,
    "C_99_103_err": 1.7730734119010205e-05,
    "O_Am241": 193.62713082356146,
    "O_Am241_err": 6.244415977297998e-07
}