{
    "C_60": 1108400.1405497566,
    "C_60_err": 1653.6563906269726,
    "C_99_103": 41399.96035424505,
    "C_99_103_err": 417.69097637916536,
    "O_Am241": 26.77297589334778,
    "O_Am241_err": 0.27305427420448053
}