{
    "C_60": 1617643.4346280706,
    "C_60_err": 1.7488629713065945e-06,
    "C_99_103": 6121.555232271127,
    "C_99_103_err": 1.1280280324382753e-05,
    "O_Am241": 264.25366973743974,
    "O_Am241_err": 4.869442276201971e-07
}