{
    "C_60": 1312201.3963387934,
    "C_60_err": 1.4489154696959577e-06,
    "C_99_103": 5782.0539537935165,
    "C_99_103_err": 3.598367700049214e-05,
    "O_Am241": 226.9438173398362,
    "O_Am241_err": 1.4123481403344193e-06
}