{
    "C_60": 1181189.7958608053,
    "C_60_err": 1.0833074965375944e-06,
    "C_99_103": 5597.876289923562,
    "C_99_103_err": 7.938536991103376e-05,
    "O_Am241": 211.00677019015265,
    "O_Am241_err": 2.9923581145335044e-06
}