{
    "C_60": 1993922.76282579,
    "C_60_err": 2.4942257512931137e-06,
    "C_99_103": 6449.758343292404,
    "C_99_103_err": 1.9871549337429624e-05,
    "O_Am241": 309.14689461186134,
    "O_Am241_err": 9.524741778154619e-07
}