{
    "C_60": 1795120.4072871148,
    "C_60_err": 1.9055467377626645e-06,
    "C_99_103": 6288.329360424541,
    "C_99_103_err": 4.6428222866081455e-05,
    "O_Am241": 285.468572715778,
    "O_Am241_err": 2.1076820078328737e-06
}