{
    "C_60": 3360750.59934841,
    "C_60_err": 4.021281664930848e-06,
    "C_99_103": 7295.410877386062,
    "C_99_103_err": 6.587208956535545e-05,
    "O_Am241": 460.6663909452847,
    "O_Am241_err": 4.159472103840786e-06
}