{
    "C_60": 3726557.9500131644,
    "C_60_err": 4.45127302970208e-06,
    "C_99_103": 7512.321037067642,
    "C_99_103_err": 1.9649648286517738e-05,
    "O_Am241": 496.05946439527946,
    "O_Am241_err": 1.2975210953891738e-06
}