{
    "C_60": 863065.2059321565,
    "C_60_err": 1.1578226426656874e-06,
    "C_99_103": 5173.077473940194,
    "C_99_103_err": 6.002825966840375e-05,
    "O_Am241": 166.83786590862383,
    "O_Am241_err": 1.935982373096843e-06
}