{
    "C_60": 699777.9414145702,
    "C_60_err": 7.207487843184646e-07,
    "C_99_103": 4862.005246063982,
    "C_99_103_err": 6.956836656885469e-05,
    "O_Am241": 143.9278458165122,
    "O_Am241_err": 2.059402377501595e-06
}