{
    "C_60": 1108400.1405497566,
    "C_60_err": 3.0479695575791332e-06,
    "C_99_103": 41399.96035424505,
    "C_99_103_err": 0.00017657726663966762,
    "O_Am241": 26.77297589334778,
    "O_Am241_err": 1.1419092784551147e-07
}