{
    "C_60": 4582804.476904801,
    "C_60_err": 4.98381705328621e-06,
    "C_99_103": 7950.215417974342,
    "C_99_103_err": 7.65840447580675e-05,
    "O_Am241": 576.4377738172618,
    "O_Am241_err": 5.5527975319732765e-06
}