{
    "C_60": 2263555.4218914127,
    "C_60_err": 7220.122827703761,
    "C_99_103": 5864.727911797225,
    "C_99_103_err": 75.66329809680882,
    "O_Am241": 385.96085887260784,
    "O_Am241_err": 5.129373435336783
}