{
    "C_60": 1081567.8088582363,
    "C_60_err": 3677.328152263792,
    "C_99_103": 4699.7369003071635,
    "C_99_103_err": 66.20620773033164,
    "O_Am241": 230.13369297067408,
    "O_Am241_err": 3.335030533885401
}