{
    "C_60": 1200020.9298794947,
    "C_60_err": 4211.220915059942,
    "C_99_103": 4816.929306992299,
    "C_99_103_err": 60.375437747469775,
    "O_Am241": 249.12570922258155,
    "O_Am241_err": 3.24262263906631
}