{
    "C_60": 6687787.599379581,
    "C_60_err": 17060.753573281756,
    "C_99_103": 8258.79105758055,
    "C_99_103_err": 95.91107711150816,
    "O_Am241": 809.7780356413083,
    "O_Am241_err": 9.628339572342215
}