{
    "C_60": 3880705.308376445,
    "C_60_err": 11047.353121057844,
    "C_99_103": 6920.840133761476,
    "C_99_103_err": 83.8138173912327,
    "O_Am241": 560.7274887690958,
    "O_Am241_err": 6.975697208904456
}