{
    "C_60": 1332374.1873770957,
    "C_60_err": 4563.887498457213,
    "C_99_103": 5006.281203395602,
    "C_99_103_err": 79.75389619755383,
    "O_Am241": 266.1405009517621,
    "O_Am241_err": 4.336722861517126
}