{
    "C_60": 2519222.5105128544,
    "C_60_err": 7683.018747077352,
    "C_99_103": 6081.85581615169,
    "C_99_103_err": 71.76911224588461,
    "O_Am241": 414.2193742611443,
    "O_Am241_err": 5.0486102321982145
}