{
    "C_60": 2034169.4607780583,
    "C_60_err": 6556.25522852635,
    "C_99_103": 5677.291560370064,
    "C_99_103_err": 94.22900227136819,
    "O_Am241": 358.29927689066307,
    "O_Am241_err": 6.057971422598316
}