{
    "C_60": 3125724.902727717,
    "C_60_err": 9346.076169766255,
    "C_99_103": 6478.61097154006,
    "C_99_103_err": 80.81691693485624,
    "O_Am241": 482.4683742331093,
    "O_Am241_err": 6.188991175134697
}