{
    "C_60": 3482493.479502327,
    "C_60_err": 9843.215955862812,
    "C_99_103": 6726.965792297565,
    "C_99_103_err": 91.94451998992304,
    "O_Am241": 517.6915695765559,
    "O_Am241_err": 7.225547748526649
}