{
    "C_60": 2805973.9554303703,
    "C_60_err": 8405.148681713521,
    "C_99_103": 6288.5422364828155,
    "C_99_103_err": 79.05183847946086,
    "O_Am241": 446.204199623815,
    "O_Am241_err": 5.766178073696013
}