{
    "C_60": 1643909.378754972,
    "C_60_err": 5296.829563699095,
    "C_99_103": 5324.485378774565,
    "C_99_103_err": 74.15151634656797,
    "O_Am241": 308.74521419632845,
    "O_Am241_err": 4.413325286536648
}