{
    "C_60": 1479131.6235146679,
    "C_60_err": 5267.426068707488,
    "C_99_103": 5124.992366790414,
    "C_99_103_err": 80.60109591172699,
    "O_Am241": 288.61147835055044,
    "O_Am241_err": 4.653921527006044
}