{
    "C_60": 4820119.836675859,
    "C_60_err": 12770.649270985587,
    "C_99_103": 7427.104187023855,
    "C_99_103_err": 95.24124971397465,
    "O_Am241": 648.9904699461808,
    "O_Am241_err": 8.498082442137898
}