{
    "C_60": 7435086.4817011235,
    "C_60_err": 17777.119758751778,
    "C_99_103": 8488.838012481268,
    "C_99_103_err": 100.64239193612624,
    "O_Am241": 875.8662222991182,
    "O_Am241_err": 10.593201115583133
}