{
    "C_60": 5995278.064268424,
    "C_60_err": 15045.044165391113,
    "C_99_103": 7974.271950160593,
    "C_99_103_err": 104.14992751436922,
    "O_Am241": 751.8276404089386,
    "O_Am241_err": 9.999040376303299
}