{
    "C_60": 976070.9953310238,
    "C_60_err": 3587.45307252442,
    "C_99_103": 4529.922246534219,
    "C_99_103_err": 66.93235264340211,
    "O_Am241": 215.47190927566191,
    "O_Am241_err": 3.280747525961354
}