{
    "C_60": 1827431.1303478777,
    "C_60_err": 5805.498553680965,
    "C_99_103": 5506.434403864971,
    "C_99_103_err": 102.10373209538963,
    "O_Am241": 331.87195130576737,
    "O_Am241_err": 6.243439309989451
}