{
    "C_60": 5375209.838947197,
    "C_60_err": 13710.879046387248,
    "C_99_103": 7712.740514711972,
    "C_99_103_err": 96.69698185286876,
    "O_Am241": 696.9260574362694,
    "O_Am241_err": 8.916580131442503
}