{
    "C_60": 4324233.867901524,
    "C_60_err": 11772.044360355216,
    "C_99_103": 7163.956584828089,
    "C_99_103_err": 98.38075018070174,
    "O_Am241": 603.6097255334345,
    "O_Am241_err": 8.45052071364469
}