{
    "C_60": 881152.8651078567,
    "C_60_err": 3152.4331165449075,
    "C_99_103": 4394.828740852189,
    "C_99_103_err": 70.94909223810221,
    "O_Am241": 200.49765692052765,
    "O_Am241_err": 3.315315968872741
}