{
    "C_79": 43329.83028502805,
    "C_79_err": 88.0606509268738,
    "C_81": 537943.9307084627,
    "C_81_err": 1093.2812888657163,
    "C_356": 847390.2988310446,
    "C_356_err": 2051.3382232707963,
    "C_161": 13424.406358417604,
    "C_161_err": 240.5152536248167,
    "C_223": 8946.606070384836,
    "C_223_err": 166.52326577981697,
    "C_276": 116137.41430974561,
    "C_276_err": 310.78987343617996,
    "C_303": 285840.82333336497,
    "C_303_err": 638.0630988796422,
    "C_383": 120340.64315401782,
    "C_383_err": 352.35923196590664,
    "O_Ba133": 0.685957535500872,
    "O_Ba133_err": 0.0021054129578325052
}