{
    "C_79": 52661.47227861026,
    "C_79_err": 95.34480565032979,
    "C_81": 653797.146402384,
    "C_81_err": 1183.7147569418303,
    "C_356": 1024362.4761717682,
    "C_356_err": 2284.138028854827,
    "C_161": 16162.192310385655,
    "C_161_err": 249.78930953776555,
    "C_223": 10542.140392792122,
    "C_223_err": 192.71669020212622,
    "C_276": 140375.8892890469,
    "C_276_err": 372.11431681434635,
    "C_303": 346164.2954727109,
    "C_303_err": 575.5213855529657,
    "C_383": NaN,
    "C_383_err": NaN,
    "O_Ba133": 0.6896568696279862,
    "O_Ba133_err": 0.0019258341765631436
}