{
    "C_79": 77695.07808199622,
    "C_79_err": 125.15529850872377,
    "C_81": 964591.7241123315,
    "C_81_err": 1553.8148380894386,
    "C_356": 1125222.1538594451,
    "C_356_err": 3144.6115377755737,
    "C_161": 19349.021867518204,
    "C_161_err": 275.3870021566155,
    "C_223": 11596.338920855827,
    "C_223_err": 191.42421070391637,
    "C_276": 153964.88808124914,
    "C_276_err": 440.8799104024796,
    "C_303": 380085.5967360875,
    "C_303_err": 639.6019473022691,
    "C_383": 161379.2443486107,
    "C_383_err": 500.82478767907713,
    "O_Ba133": 0.9262942420919691,
    "O_Ba133_err": 0.0029360668827760855
}