{
    "C_79": 17272.36532535764,
    "C_79_err": 56.423736207814926,
    "C_81": 214438.04498273917,
    "C_81_err": 700.5060080140041,
    "C_356": 653247.7100096348,
    "C_356_err": 943.5836515369389,
    "C_161": 9486.32276983313,
    "C_161_err": 171.50272765573908,
    "C_223": 6791.769517435791,
    "C_223_err": 157.20733812728628,
    "C_276": 89466.86619852776,
    "C_276_err": 270.8855060076522,
    "C_303": 220187.99847920868,
    "C_303_err": 510.6454875179381,
    "C_383": NaN,
    "C_383_err": NaN,
    "O_Ba133": 0.3547052775809643,
    "O_Ba133_err": 0.0011915905241518046
}