{
    "C_79": 48305.958010727794,
    "C_79_err": 92.91650050151358,
    "C_81": 599723.0258690347,
    "C_81_err": 1153.5671194338856,
    "C_356": 848745.9137604357,
    "C_356_err": 1986.0529777143724,
    "C_161": 13802.18866576621,
    "C_161_err": 225.43205890734816,
    "C_223": 8928.843168861591,
    "C_223_err": 180.93591018278678,
    "C_276": 116555.68353961859,
    "C_276_err": 291.05922210061516,
    "C_303": 286828.16203457495,
    "C_303_err": 599.8990632028201,
    "C_383": 120768.42284223076,
    "C_383_err": 369.5375976093379,
    "O_Ba133": 0.7635135243345313,
    "O_Ba133_err": 0.002247494494665358
}