{
    "C_79": 21462.63811816785,
    "C_79_err": 61.777728615971185,
    "C_81": 266460.6770142288,
    "C_81_err": 766.9763288548876,
    "C_356": 813828.0603553216,
    "C_356_err": 1270.824081112659,
    "C_161": 11884.067506708918,
    "C_161_err": 196.9320576541974,
    "C_223": 8322.020657044803,
    "C_223_err": 163.08581296854933,
    "C_276": 111417.1575383719,
    "C_276_err": 359.87814919519036,
    "C_303": 274242.54736334755,
    "C_303_err": 478.56536930935965,
    "C_383": NaN,
    "C_383_err": NaN,
    "O_Ba133": 0.3537888764939953,
    "O_Ba133_err": 0.0010950543530593214
}