{
    "C_79": 46262.308624690864,
    "C_79_err": 79.80076589823821,
    "C_81": 574350.925944275,
    "C_81_err": 990.7340370007688,
    "C_356": 992205.6345099759,
    "C_356_err": 1998.1609435377936,
    "C_161": 15520.253104209136,
    "C_161_err": 274.38177336788306,
    "C_223": 10096.032272376464,
    "C_223_err": 195.14268154642303,
    "C_276": 135846.261348769,
    "C_276_err": 399.89000907949816,
    "C_303": 335056.96321070206,
    "C_303_err": 694.9012852512644,
    "C_383": 140359.44182669735,
    "C_383_err": 367.50713426893213,
    "O_Ba133": 0.6254885207091878,
    "O_Ba133_err": 0.0016094128361573178
}