{
    "C_79": 16178.25921888104,
    "C_79_err": 69.1959707923826,
    "C_81": 200854.6144532812,
    "C_81_err": 859.0745053092028,
    "C_356": 268661.31955020863,
    "C_356_err": 1043.3096599337064,
    "C_161": 4661.985065246463,
    "C_161_err": 113.16619659121375,
    "C_223": 2581.834833893162,
    "C_223_err": 96.59955852355684,
    "C_276": 36806.388811950805,
    "C_276_err": 190.9769115569981,
    "C_303": 89094.16985827195,
    "C_303_err": 368.82733058165473,
    "C_383": 37829.64175584763,
    "C_383_err": 187.8246713773818,
    "O_Ba133": 0.8078307440591654,
    "O_Ba133_err": 0.004486920555700598
}