{
    "C_79": 38053.53625338607,
    "C_79_err": 81.07230845288363,
    "C_81": 472438.24254204065,
    "C_81_err": 1006.5203577735364,
    "C_356": 821139.8332842189,
    "C_356_err": 1661.2199006738888,
    "C_161": 12964.127978876564,
    "C_161_err": 233.29457020349994,
    "C_223": 8518.673974557292,
    "C_223_err": 235.37486267341157,
    "C_276": 112539.2157328673,
    "C_276_err": 294.15110132242626,
    "C_303": 276749.0890986346,
    "C_303_err": 488.52713420638366,
    "C_383": NaN,
    "C_383_err": NaN,
    "O_Ba133": 0.6216867798918867,
    "O_Ba133_err": 0.001758999171709369
}