{
    "C_79": 13724.793606756248,
    "C_79_err": 45.268328049644325,
    "C_81": 170394.60741972557,
    "C_81_err": 562.0105633333201,
    "C_356": 631300.436103474,
    "C_356_err": 894.8191663534467,
    "C_161": 8955.65204857214,
    "C_161_err": 208.24151698852845,
    "C_223": 6516.283901952133,
    "C_223_err": 194.30816333048477,
    "C_276": 86200.77289460976,
    "C_276_err": 348.1096759015019,
    "C_303": 212058.62049360605,
    "C_303_err": 459.2211265223554,
    "C_383": 88083.451421442,
    "C_383_err": 264.6723305887822,
    "O_Ba133": 0.2916509960976861,
    "O_Ba133_err": 0.0009841581032620191
}