{
    "C_79": 98976.97621317845,
    "C_79_err": 234.7425910539411,
    "C_81": 1228808.4971371926,
    "C_81_err": 2914.351413462137,
    "C_356": 1175399.7364710832,
    "C_356_err": 3797.7526929160217,
    "C_161": 20966.66406121497,
    "C_161_err": 261.2935534419618,
    "C_223": 12309.0451941298,
    "C_223_err": 253.00843158373755,
    "C_276": 160138.1354940704,
    "C_276_err": 417.43367812502527,
    "C_303": 395886.5278716035,
    "C_303_err": 800.2913955677676,
    "C_383": 170076.96216556156,
    "C_383_err": 2652.387116200094,
    "O_Ba133": 1.1296458831416767,
    "O_Ba133_err": 0.004416956581255215
}