{
    "C_79": 42450.58678755289,
    "C_79_err": 82.10918258236497,
    "C_81": 527028.0397398039,
    "C_81_err": 1019.3932479093613,
    "C_356": 822116.9848461464,
    "C_356_err": 1839.8169834296482,
    "C_161": 13252.541306588193,
    "C_161_err": 146.88045670444296,
    "C_223": 8738.666476137883,
    "C_223_err": 165.73420329548122,
    "C_276": 112691.2665697105,
    "C_276_err": 355.8435406707693,
    "C_303": 277797.29263716616,
    "C_303_err": 622.8164204489211,
    "C_383": 116523.08101595892,
    "C_383_err": 375.0572397755173,
    "O_Ba133": 0.692697799734585,
    "O_Ba133_err": 0.001987603284509872
}