{
    "C_79": 79681.64930583669,
    "C_79_err": 194.0215096493441,
    "C_81": 989255.1932686687,
    "C_81_err": 2408.7953462126115,
    "C_356": 942221.9563737314,
    "C_356_err": 2998.63412273054,
    "C_161": 16505.88745365609,
    "C_161_err": 183.50087384524386,
    "C_223": 9686.144387213548,
    "C_223_err": 146.46884047864395,
    "C_276": 128755.1125631267,
    "C_276_err": 383.9126202722619,
    "C_303": 317356.9425255436,
    "C_303_err": 592.870082544774,
    "C_383": 136278.8595314959,
    "C_383_err": 2178.6394602379014,
    "O_Ba133": 1.1344851766015445,
    "O_Ba133_err": 0.004428762354571778
}