{
    "C_79": 88266.0611529325,
    "C_79_err": 168.72605555214207,
    "C_81": 1095831.4762005808,
    "C_81_err": 2094.749897232254,
    "C_356": 1158130.980472974,
    "C_356_err": 3484.6992477808317,
    "C_161": 20038.30105665572,
    "C_161_err": 232.8924287644199,
    "C_223": 12038.565083784393,
    "C_223_err": 203.828788127692,
    "C_276": 158132.11907612951,
    "C_276_err": 376.2063793883336,
    "C_303": 390863.4608832626,
    "C_303_err": 564.8738650298679,
    "C_383": 166656.5678745584,
    "C_383_err": 879.0027290680731,
    "O_Ba133": 1.0224210882174438,
    "O_Ba133_err": 0.003571658308189373
}