{
    "C_79": 29426.14585894453,
    "C_79_err": 65.21800145717464,
    "C_81": 365328.376890301,
    "C_81_err": 809.6876407324701,
    "C_356": 770527.7113526183,
    "C_356_err": 1300.1938791616376,
    "C_161": 11814.741860852002,
    "C_161_err": 237.02801242132045,
    "C_223": 7826.962715055957,
    "C_223_err": 152.1723016244957,
    "C_276": 105326.93039105473,
    "C_276_err": 251.36995452236056,
    "C_303": 259424.9150270246,
    "C_303_err": 496.03311700192285,
    "C_383": 108398.465616508,
    "C_383_err": 305.47061041367635,
    "O_Ba133": 0.5123171002588292,
    "O_Ba133_err": 0.0013633524806492292
}