{
    "C_79": 62583.201573324266,
    "C_79_err": 122.59025565255797,
    "C_81": 776976.351608476,
    "C_81_err": 1521.969589044965,
    "C_356": 902774.0438957334,
    "C_356_err": 2599.351986050416,
    "C_161": 15231.74434305875,
    "C_161_err": 228.997835514476,
    "C_223": 9229.630802754895,
    "C_223_err": 173.15060438000077,
    "C_276": 123755.70157574349,
    "C_276_err": 379.3245122601091,
    "C_303": 304903.46783222177,
    "C_303_err": 528.7391521715587,
    "C_383": 129390.70321313063,
    "C_383_err": 364.05694657936385,
    "O_Ba133": 0.9299775052889823,
    "O_Ba133_err": 0.0031671119134485523
}