{
    "C_79": 33464.79423516611,
    "C_79_err": 75.45321770965896,
    "C_81": 415468.5774856483,
    "C_81_err": 936.758816093502,
    "C_356": 795480.0961640798,
    "C_356_err": 1533.5419513811833,
    "C_161": 12208.597156255997,
    "C_161_err": 223.91641013939838,
    "C_223": 8334.10401782493,
    "C_223_err": 191.84435429628724,
    "C_276": 108818.43820044099,
    "C_276_err": 335.5132792943856,
    "C_303": 267906.6399186038,
    "C_303_err": 556.5664312750632,
    "C_383": NaN,
    "C_383_err": NaN,
    "O_Ba133": 0.5643552539977255,
    "O_Ba133_err": 0.0016060612225473757
}