{
    "C_79": 63465.15835067498,
    "C_79_err": 138.47533753563047,
    "C_81": 787925.9282027177,
    "C_81_err": 1719.184379215941,
    "C_356": 900821.2836801026,
    "C_356_err": 2456.244745668795,
    "C_161": 15124.47745291059,
    "C_161_err": 237.90660242118344,
    "C_223": 9263.252689391416,
    "C_223_err": 152.57440373273909,
    "C_276": 123294.15091309747,
    "C_276_err": 425.12831779663117,
    "C_303": 303565.50235713786,
    "C_303_err": 505.7253676279601,
    "C_383": 129114.62816565926,
    "C_383_err": 1739.8895785493644,
    "O_Ba133": 0.9451276318375007,
    "O_Ba133_err": 0.0032104622704472742
}