{
    "C_79": 71098.41007225361,
    "C_79_err": 147.21933451612463,
    "C_81": 882693.4684442248,
    "C_81_err": 1827.7419266341512,
    "C_356": 928895.9001497495,
    "C_356_err": 2747.1154634155714,
    "C_161": 16233.748897487398,
    "C_161_err": 216.48739362283465,
    "C_223": 9838.627286921579,
    "C_223_err": 216.87927379247475,
    "C_276": 127282.53632744246,
    "C_276_err": 409.2627820035303,
    "C_303": 313516.3915539377,
    "C_303_err": 566.7886576748296,
    "C_383": 133633.05839646872,
    "C_383_err": 764.8485821293032,
    "O_Ba133": 1.0268016882868312,
    "O_Ba133_err": 0.0036218890492080397
}