{
    "C_79": 49324.401063358346,
    "C_79_err": 99.49899207897127,
    "C_81": 612367.0924469908,
    "C_81_err": 1235.2893733577941,
    "C_356": 874287.1448455382,
    "C_356_err": 2085.1205522523514,
    "C_161": 14213.505643071243,
    "C_161_err": 193.2359784885282,
    "C_223": 8954.65086233254,
    "C_223_err": 161.35398960923303,
    "C_276": 119693.29662609118,
    "C_276_err": 334.8386274285632,
    "C_303": 294919.823852727,
    "C_303_err": 612.8834844958842,
    "C_383": 124552.48316212333,
    "C_383_err": 344.8561357061843,
    "O_Ba133": 0.7568354372032443,
    "O_Ba133_err": 0.002295062618324659
}