{
    "C_79": 37286.8812133588,
    "C_79_err": 71.18542911583097,
    "C_81": 462920.1478941433,
    "C_81_err": 883.7738180795619,
    "C_356": 796565.979253962,
    "C_356_err": 1559.9293648886157,
    "C_161": 12623.017352859464,
    "C_161_err": 217.68837069099663,
    "C_223": 8168.668165562588,
    "C_223_err": 146.45720881154773,
    "C_276": 109260.56154955452,
    "C_276_err": 276.77868282505034,
    "C_303": 269015.2517389487,
    "C_303_err": 548.5763090863313,
    "C_383": NaN,
    "C_383_err": NaN,
    "O_Ba133": 0.6279542964865005,
    "O_Ba133_err": 0.0016586673650665945
}