{
    "C_79": 54992.720855288295,
    "C_79_err": 89.16910926116397,
    "C_81": 682739.8174109532,
    "C_81_err": 1107.0429036574697,
    "C_356": 875667.7434469068,
    "C_356_err": 2144.9676770943934,
    "C_161": 14380.555935783983,
    "C_161_err": 208.68621081028977,
    "C_223": 8967.019405253277,
    "C_223_err": 200.33585801882,
    "C_276": 120266.8981931424,
    "C_276_err": 329.0770299287239,
    "C_303": 295943.0046502487,
    "C_303_err": 556.0050217803109,
    "C_383": NaN,
    "C_383_err": NaN,
    "O_Ba133": 0.8424799746103375,
    "O_Ba133_err": 0.0024222691454049462
}