{
    "C_79": 59935.5885304095,
    "C_79_err": 115.3775751778735,
    "C_81": 744105.9859058352,
    "C_81_err": 1432.423480510203,
    "C_356": 1057588.0242599833,
    "C_356_err": 2325.4197515624774,
    "C_161": 17402.2760346622,
    "C_161_err": 208.44580262748684,
    "C_223": 11044.525156461055,
    "C_223_err": 178.49076684472323,
    "C_276": 144804.1518476925,
    "C_276_err": 381.9320958707372,
    "C_303": 357389.44083044614,
    "C_303_err": 583.033896739729,
    "C_383": 150667.56619951315,
    "C_383_err": 371.7428586843415,
    "O_Ba133": 0.7602597192785437,
    "O_Ba133_err": 0.00215425181079118
}