{
    "C_79": 68259.39068320855,
    "C_79_err": 115.13659829698356,
    "C_81": 847446.7748971898,
    "C_81_err": 1429.4317298002866,
    "C_356": 1091176.2151960717,
    "C_356_err": 2746.824336654412,
    "C_161": 18290.83722752491,
    "C_161_err": 273.21944026429077,
    "C_223": 11356.953528053858,
    "C_223_err": 136.56943358721293,
    "C_276": 149512.1299564171,
    "C_276_err": 382.96694201675655,
    "C_303": 368701.5226007388,
    "C_303_err": 583.6457796994389,
    "C_383": 155965.90982805492,
    "C_383_err": 428.3546153933569,
    "O_Ba133": 0.839191830639249,
    "O_Ba133_err": 0.002487946704712446
}