{
    "C_79": 51937.697058420184,
    "C_79_err": 99.8310159989509,
    "C_81": 644811.4087630253,
    "C_81_err": 1239.411481647353,
    "C_356": 863720.6433476482,
    "C_356_err": 2056.7967386890596,
    "C_161": 14293.25157230203,
    "C_161_err": 215.21505128351268,
    "C_223": 8996.727120447997,
    "C_223_err": 159.51441133724074,
    "C_276": 118556.39597288362,
    "C_276_err": 412.2663107202259,
    "C_303": 291949.73841869517,
    "C_303_err": 569.2550796870383,
    "C_383": 123191.43306127505,
    "C_383_err": 384.1032436228112,
    "O_Ba133": 0.8066834006895485,
    "O_Ba133_err": 0.0024005475705539464
}