{
    "C_79": 79669.12100638206,
    "C_79_err": 184.3143578134765,
    "C_81": 989099.6532490455,
    "C_81_err": 2288.2801404012744,
    "C_356": 942274.4192291921,
    "C_356_err": 2999.955220519842,
    "C_161": 16684.375459998537,
    "C_161_err": 190.06741594820332,
    "C_223": 9961.097416804409,
    "C_223_err": 216.4456289328466,
    "C_276": 128816.08860561851,
    "C_276_err": 411.9095142734831,
    "C_303": 317269.0234103641,
    "C_303_err": 620.1247772541333,
    "C_383": 136270.26222002343,
    "C_383_err": 2091.8295790185525,
    "O_Ba133": 1.1342436475455966,
    "O_Ba133_err": 0.004356144904259991
}