{
    "cuspEmax_ctc": {
        "resolution": [
            0.16572594510985855,
            0.0018833536638737686,
            2.4529245624823457e-30
        ],
        "calibration": [
            0.059226938502885004,
            0.15234700010053753
        ]
    }
}