{
    "C_1173": 39997.677182468935,
    "C_1173_err": 205.37855740845137,
    "C_1332": 35487.663769592255,
    "C_1332_err": 175.78350561292874
}