{
    "C_1173": 71327.06327812317,
    "C_1173_err": 285.4762892664989,
    "C_1332": 63497.39461215361,
    "C_1332_err": 176.3805581796753
}