{
    "C_1173": 64813.36166498326,
    "C_1173_err": 249.61711594286936,
    "C_1332": 57723.100122496304,
    "C_1332_err": 164.78443512479845
}