{
    "C_1173": 55744.33240065589,
    "C_1173_err": 261.176376988089,
    "C_1332": 49589.79336699257,
    "C_1332_err": 196.99577932715772
}