{
    "C_1173": 56039.85883806676,
    "C_1173_err": 210.41684874707886,
    "C_1332": 49684.280084245176,
    "C_1332_err": 241.93092388985357
}