{
    "C_1173": 68012.79795251327,
    "C_1173_err": 269.08436932705035,
    "C_1332": 60511.85025972509,
    "C_1332_err": 262.8677468383435
}