{
    "C_1173": 56386.258482308425,
    "C_1173_err": 243.472924869925,
    "C_1332": 50115.48325328401,
    "C_1332_err": 214.12214970413203
}