{
    "C_1173": 56515.8060730339,
    "C_1173_err": 209.58725772656686,
    "C_1332": 50192.6144547844,
    "C_1332_err": 235.47270799607057
}