{
    "C_1173": 58723.169189665336,
    "C_1173_err": 262.91107651325694,
    "C_1332": 52209.35799731561,
    "C_1332_err": 210.6156581396539
}