{
    "C_1173": 52949.89990341403,
    "C_1173_err": 252.02366106327645,
    "C_1332": 47077.230934510175,
    "C_1332_err": 195.06588106317224
}