{
    "C_1173": 61785.76322440729,
    "C_1173_err": 228.2675711037084,
    "C_1332": 54937.110877421415,
    "C_1332_err": 201.30141438701966
}