{
    "C_1173": 50125.82583488079,
    "C_1173_err": 256.90333881767503,
    "C_1332": 44648.37455347999,
    "C_1332_err": 153.6384068678478
}