{
    "C_1173": 74695.5345439982,
    "C_1173_err": 301.29585641429884,
    "C_1332": 66469.11343231275,
    "C_1332_err": 228.5651568666181
}