{
    "C_79": 79686.07495790042,
    "C_79_err": 111.97724059877847,
    "C_81": 989310.1381565745,
    "C_81_err": 1390.2080059244572,
    "C_356": 1521649.8644451206,
    "C_356_err": 3745.7047124808073,
    "C_161": 23213.646514823493,
    "C_161_err": 374.1145523748172,
    "C_223": 14588.427291369322,
    "C_223_err": 213.9445780936792,
    "C_276": 201470.9835596687,
    "C_276_err": 393.67674721051577,
    "C_303": 502926.5857733563,
    "C_303_err": 751.1437347129909,
    "C_383": 219615.93972797747,
    "C_383_err": 539.0410774680115,
    "O_Ba133": 0.7025244362008939,
    "O_Ba133_err": 0.0019572249815692075
}