{
    "C_79": 66382.77314290089,
    "C_79_err": 98.23495204305196,
    "C_81": 824148.3910948816,
    "C_81_err": 1219.5961970627961,
    "C_356": 1452682.0317582767,
    "C_356_err": 3189.9040873153403,
    "C_161": 22001.999188558442,
    "C_161_err": 259.6750971125035,
    "C_223": 14058.710285725496,
    "C_223_err": 314.8004235623394,
    "C_276": 192495.02525787184,
    "C_276_err": 400.4100460704516,
    "C_303": 479951.78833650297,
    "C_303_err": 773.8892371680739,
    "C_383": 208294.63842345992,
    "C_383_err": 443.3006689092512,
    "O_Ba133": 0.613025524353677,
    "O_Ba133_err": 0.0015879131086037881
}