{
    "C_79": 75936.50332676103,
    "C_79_err": 119.8686804542898,
    "C_81": 942758.852622806,
    "C_81_err": 1488.1809762060884,
    "C_356": 1503163.4909304094,
    "C_356_err": 3529.853017515608,
    "C_161": 22927.71463317641,
    "C_161_err": 278.3883727300336,
    "C_223": 14251.539559193412,
    "C_223_err": 200.5864780069297,
    "C_276": 199040.61534139785,
    "C_276_err": 372.12328785978184,
    "C_303": 496863.62358268804,
    "C_303_err": 787.3319923157311,
    "C_383": 216529.44137127665,
    "C_383_err": 505.1992240567649,
    "O_Ba133": 0.6777009700515196,
    "O_Ba133_err": 0.0018759489875516688
}