{
    "C_79": 129387.67909367826,
    "C_79_err": 269.9335543991838,
    "C_81": 1606360.2423328075,
    "C_81_err": 3351.2505432955277,
    "C_356": 1677007.1280999302,
    "C_356_err": 5627.377602976749,
    "C_161": 28734.446048290265,
    "C_161_err": 351.91882926593365,
    "C_223": 16043.369098720577,
    "C_223_err": 210.6230430878103,
    "C_276": 221219.84724130615,
    "C_276_err": 432.08224674266205,
    "C_303": 552268.2920079157,
    "C_303_err": 836.3740448172503,
    "C_383": 247136.56996589608,
    "C_383_err": 4593.544539230104,
    "O_Ba133": 1.0350271578112549,
    "O_Ba133_err": 0.004010243677404846
}