{
    "C_79": 99599.817528053,
    "C_79_err": 158.14455771694287,
    "C_81": 1236541.1308200043,
    "C_81_err": 1963.3796033537435,
    "C_356": 1606371.0917370762,
    "C_356_err": 4719.55125804255,
    "C_161": 25829.79680889512,
    "C_161_err": 255.11790677186383,
    "C_223": 15773.289903223433,
    "C_223_err": 285.4617761137953,
    "C_276": 212504.71895008013,
    "C_276_err": 482.6174669887238,
    "C_303": 531000.6670196914,
    "C_303_err": 818.0254960560766,
    "C_383": 233611.90569402697,
    "C_383_err": 685.8642513306986,
    "O_Ba133": 0.8317760168998055,
    "O_Ba133_err": 0.0027341565661321257
}