{
    "C_79": 25936.916926614806,
    "C_79_err": 62.33672990484497,
    "C_81": 322009.2705228842,
    "C_81_err": 773.9163825922262,
    "C_356": 1136412.0333652757,
    "C_356_err": 1466.4816287451238,
    "C_161": 15352.219638453016,
    "C_161_err": 256.48969378801354,
    "C_223": 705.6098060136557,
    "C_223_err": 6161931.545403415,
    "C_276": 151018.87892709003,
    "C_276_err": 407.43360858651954,
    "C_303": 374287.3897035793,
    "C_303_err": 626.363804190919,
    "C_383": 160232.24791343758,
    "C_383_err": 430.94584732580984,
    "O_Ba133": 0.30617960496169705,
    "O_Ba133_err": 0.000789243243764802
}