{
    "C_79": 17953.326517305584,
    "C_79_err": 203.0801512355037,
    "C_81": 222892.24242239379,
    "C_81_err": 2521.2592360936123,
    "C_356": 341627.57777867385,
    "C_356_err": 1349.1907251563796,
    "C_161": 5207.318179714422,
    "C_161_err": 137.75242196697434,
    "C_223": 3070.7722805127546,
    "C_223_err": 127.76519063194736,
    "C_276": 44664.194687475465,
    "C_276_err": 195.02783053009256,
    "C_303": 109754.97926747597,
    "C_303_err": 445.24882742830755,
    "C_383": 48421.18364861465,
    "C_383_err": 200.28999636337988,
    "O_Ba133": 0.7049945162674575,
    "O_Ba133_err": 0.007910234214799703
}