{
    "C_79": 114095.27427075033,
    "C_79_err": 204.65753342996018,
    "C_81": 1416503.5937764824,
    "C_81_err": 2540.8425848474303,
    "C_356": 1654895.5173797056,
    "C_356_err": 5294.032852305292,
    "C_161": 27406.174257984716,
    "C_161_err": 245.61797637203625,
    "C_223": 16035.749915121261,
    "C_223_err": 270.14497357484316,
    "C_276": 218694.02116422745,
    "C_276_err": 420.74627241351834,
    "C_303": 546586.4755194964,
    "C_303_err": 1012.7778533797374,
    "C_383": 241976.33383076938,
    "C_383_err": 1408.56467978399,
    "O_Ba133": 0.9248915426822358,
    "O_Ba133_err": 0.0033356762096828567
}