{
    "C_79": 22167.084750264214,
    "C_79_err": 242.684863139348,
    "C_81": 275206.44840895024,
    "C_81_err": 3012.9554706734148,
    "C_356": 435273.8773962341,
    "C_356_err": 3207.956035398629,
    "C_161": 6444.61935706584,
    "C_161_err": 147.72861418232816,
    "C_223": 240.18304577571206,
    "C_223_err": 4288945.930714353,
    "C_276": 56708.33317979357,
    "C_276_err": 299.0237991362142,
    "C_303": 139470.62557582994,
    "C_303_err": 897.3173845905936,
    "C_383": 61394.463901453004,
    "C_383_err": 374.8643892357522,
    "O_Ba133": 0.6831871807655308,
    "O_Ba133_err": 0.00857767699581241
}