{
    "C_79": 86939.87959661442,
    "C_79_err": 116.61445716108783,
    "C_81": 1079366.807067382,
    "C_81_err": 1447.7794870187886,
    "C_356": 1554435.2127438379,
    "C_356_err": 4072.167598535566,
    "C_161": 24417.571817378397,
    "C_161_err": 287.40636936062435,
    "C_223": 15043.852572190555,
    "C_223_err": 311.4100760132135,
    "C_276": 205710.81401514326,
    "C_276_err": 445.53088048652995,
    "C_303": 513899.5207945167,
    "C_303_err": 769.1848945714426,
    "C_383": 225004.91047033865,
    "C_383_err": 429.02286237332254,
    "O_Ba133": 0.7503089720962189,
    "O_Ba133_err": 0.0021763860717709522
}