{
    "C_79": 58005.822336608166,
    "C_79_err": 76.48207590439274,
    "C_81": 720147.7565564053,
    "C_81_err": 949.5321876432156,
    "C_356": 1403753.036691838,
    "C_356_err": 2716.3991822456715,
    "C_161": 20402.662500575654,
    "C_161_err": 336.3676333583064,
    "C_223": 12917.463296712453,
    "C_223_err": 276.8012234429157,
    "C_276": 186325.8739372677,
    "C_276_err": 464.65141783232735,
    "C_303": 463643.71519536566,
    "C_303_err": 674.7356472095538,
    "C_383": 200551.9888244469,
    "C_383_err": 500.6304870663656,
    "O_Ba133": 0.5543379487369469,
    "O_Ba133_err": 0.0012693301359974634
}