{
    "cuspEmax_ctc": {
        "resolution": [
            6.563119884780635e-18,
            0.0017852056834865725
        ],
        "calibration": [
            0.0828959231251342,
            0.0
        ]
    }
}