{
    "cuspEmax_ctc": {
        "resolution": [
            0.09871598179179383,
            0.001742335556927282
        ],
        "calibration": [
            0.08291175418268272,
            0.5039786852153568
        ]
    }
}