{
    "cuspEmax_ctc": {
        "resolution": [
            0.1798983589332819,
            0.0017543040037859175
        ],
        "calibration": [
            0.08248360799020114,
            0.9354832073162588
        ]
    }
}