{
    "cuspEmax_ctc": {
        "resolution": [
            0.1749986703641552,
            0.0018865614537680573,
            8.022558967091576e-22
        ],
        "calibration": [
            0.07183373698878585,
            0.16656222475900606
        ]
    }
}