{
    "C_60": 2777021.710881131,
    "C_60_err": 7805.910740968007,
    "C_99_103": 6199.369040374588,
    "C_99_103_err": 77.63327327158648,
    "O_Am241": 447.95231462996327,
    "O_Am241_err": 5.749182901954844
}