{
    "C_60": 1317456.1662968835,
    "C_60_err": 3805.45931205136,
    "C_99_103": 4892.090006454277,
    "C_99_103_err": 58.12846562075635,
    "O_Am241": 269.3033375425892,
    "O_Am241_err": 3.2930905878984573
}