{
    "C_60": 1462377.5022738555,
    "C_60_err": 4221.446656983292,
    "C_99_103": 5101.348425146818,
    "C_99_103_err": 65.38626830624438,
    "O_Am241": 286.66489335743967,
    "O_Am241_err": 3.766344896608992
}