{
    "C_60": 6616592.96046247,
    "C_60_err": 14274.295773971955,
    "C_99_103": 8019.719455061568,
    "C_99_103_err": 102.18402532541015,
    "O_Am241": 825.0404515442833,
    "O_Am241_err": 10.661949599557303
}