{
    "C_60": 5318891.28430808,
    "C_60_err": 11459.043231070682,
    "C_99_103": 7535.467204351335,
    "C_99_103_err": 82.86962899579254,
    "O_Am241": 705.8475791967751,
    "O_Am241_err": 7.909953148030531
}