{
    "C_60": 4769229.609548298,
    "C_60_err": 10676.59322518993,
    "C_99_103": 7307.599779882983,
    "C_99_103_err": 90.85725706100693,
    "O_Am241": 652.6396837820075,
    "O_Am241_err": 8.244917847084483
}