{
    "C_60": 2238799.909732326,
    "C_60_err": 5366.60658109478,
    "C_99_103": 5810.337587126578,
    "C_99_103_err": 83.99660411915747,
    "O_Am241": 385.3132242595724,
    "O_Am241_err": 5.646301463834842
}