{
    "C_60": 3837880.2628299575,
    "C_60_err": 9496.980530889246,
    "C_99_103": 6807.236229587265,
    "C_99_103_err": 88.26653349492445,
    "O_Am241": 563.7941939121827,
    "O_Am241_err": 7.4424118930824745
}