{
    "C_60": 3444193.1859637387,
    "C_60_err": 8168.641773639757,
    "C_99_103": 6619.044473338734,
    "C_99_103_err": 80.67000796582815,
    "O_Am241": 520.3459804261508,
    "O_Am241_err": 6.460712378293196
}