{
    "C_60": 3092662.9360752343,
    "C_60_err": 7908.193457957592,
    "C_99_103": 6392.775449970203,
    "C_99_103_err": 76.22195226790589,
    "O_Am241": 483.77468601523447,
    "O_Am241_err": 5.899273184418332
}