{
    "C_60": 1808686.030127611,
    "C_60_err": 5313.967232395416,
    "C_99_103": 5492.488715134653,
    "C_99_103_err": 71.35650689251338,
    "O_Am241": 329.30172894916353,
    "O_Am241_err": 4.386208096365137
}