{
    "C_60": 871684.5612304038,
    "C_60_err": 2775.638823191333,
    "C_99_103": 4287.2642819396215,
    "C_99_103_err": 73.99841461474763,
    "O_Am241": 203.3195305692797,
    "O_Am241_err": 3.568525709506747
}