{
    "C_60": 5932558.534875852,
    "C_60_err": 13308.091426557367,
    "C_99_103": 7780.265518976186,
    "C_99_103_err": 77.2058857448876,
    "O_Am241": 762.5136340663762,
    "O_Am241_err": 7.75757490652505
}