{
    "C_60": 1626081.361516847,
    "C_60_err": 4706.356247842483,
    "C_99_103": 5277.515521927387,
    "C_99_103_err": 90.1150353683611,
    "O_Am241": 308.1149368032536,
    "O_Am241_err": 5.336191270516838
}