{
    "C_60": 5798031.649452269,
    "C_60_err": 11139.640331578095,
    "C_99_103": 13919.368268485523,
    "C_99_103_err": 275.8812899056979,
    "O_Am241": 416.5441662018125,
    "O_Am241_err": 8.294586128927792
}