{
    "C_60": 2011964.7393482714,
    "C_60_err": 5366.744262908031,
    "C_99_103": 5655.383191975132,
    "C_99_103_err": 68.78796452500565,
    "O_Am241": 355.7609928542431,
    "O_Am241_err": 4.430049948335002
}