{
    "C_60": 1070169.1096692334,
    "C_60_err": 3352.0447207044995,
    "C_99_103": 4636.5170478826585,
    "C_99_103_err": 70.79052035893908,
    "O_Am241": 230.81315103930086,
    "O_Am241_err": 3.597458473230931
}