{
    "C_60": 2493254.812112418,
    "C_60_err": 6227.878769207641,
    "C_99_103": 5992.227052930113,
    "C_99_103_err": 94.51463396544399,
    "O_Am241": 416.08149859629435,
    "O_Am241_err": 6.64458795349775
}