{
    "C_60": 4278759.781734428,
    "C_60_err": 10617.466864869559,
    "C_99_103": 6990.013542790064,
    "C_99_103_err": 81.59578400911127,
    "O_Am241": 612.1246769468435,
    "O_Am241_err": 7.305111907096376
}