{
    "C_60": 964752.4193845119,
    "C_60_err": 2743.7428552508813,
    "C_99_103": 4459.936572471674,
    "C_99_103_err": 73.403809639319,
    "O_Am241": 216.31527796590416,
    "O_Am241_err": 3.612983645591525
}