{
    "C_60": 1187141.374464896,
    "C_60_err": 3521.7705327747435,
    "C_99_103": 4747.1467615779375,
    "C_99_103_err": 57.78246089180947,
    "O_Am241": 250.07471521067822,
    "O_Am241_err": 3.133020638676301
}