{
    "C_60": 7376783.776033032,
    "C_60_err": 15044.641197299854,
    "C_99_103": 8326.341439905389,
    "C_99_103_err": 89.67969092366874,
    "O_Am241": 885.957395486877,
    "O_Am241_err": 9.711855428962064
}