{
    "C_60": 1490729.7082742937,
    "C_60_err": 4881.366518831551,
    "C_99_103": 5137.8614944329565,
    "C_99_103_err": 75.77890986611169,
    "O_Am241": 290.14595077923934,
    "O_Am241_err": 4.38359181758606
}