{
    "C_60": 5423060.126439669,
    "C_60_err": 13719.792062658185,
    "C_99_103": 7635.77562599783,
    "C_99_103_err": 80.35530272976337,
    "O_Am241": 710.2173233031573,
    "O_Am241_err": 7.686935079055651
}