{
    "C_60": 6047686.746951455,
    "C_60_err": 14910.360335595407,
    "C_99_103": 7895.469561139802,
    "C_99_103_err": 118.27927043982235,
    "O_Am241": 765.969230850711,
    "O_Am241_err": 11.629078180063155
}