{
    "C_60": 1343070.6972700676,
    "C_60_err": 4752.514172344316,
    "C_99_103": 4982.386629538101,
    "C_99_103_err": 81.83637892950222,
    "O_Am241": 269.5637246029176,
    "O_Am241_err": 4.529203165743847
}