{
    "C_60": 1090948.322140203,
    "C_60_err": 4073.2563830702393,
    "C_99_103": 4690.636005991163,
    "C_99_103_err": 64.20272711518253,
    "O_Am241": 232.5800426097395,
    "O_Am241_err": 3.2997362020999956
}