{
    "C_60": 7500164.285260991,
    "C_60_err": 17759.144824554794,
    "C_99_103": 8409.473752500291,
    "C_99_103_err": 91.15954985908267,
    "O_Am241": 891.8708240252316,
    "O_Am241_err": 9.895926380919098
}