{
    "C_60": 4862184.418611752,
    "C_60_err": 12113.073636308647,
    "C_99_103": 7405.342175387917,
    "C_99_103_err": 98.08217319841657,
    "O_Am241": 656.5779545976285,
    "O_Am241_err": 8.848733182298309
}