{
    "C_60": 3511655.154430586,
    "C_60_err": 9849.951716729425,
    "C_99_103": 6697.323120968968,
    "C_99_103_err": 85.90437501989463,
    "O_Am241": 524.3371255951168,
    "O_Am241_err": 6.884432356203405
}