{
    "C_60": 1842554.2056913336,
    "C_60_err": 5902.736214651214,
    "C_99_103": 5521.375683697146,
    "C_99_103_err": 78.6689110832122,
    "O_Am241": 333.7128844776504,
    "O_Am241_err": 4.873466461610871
}