{
    "C_60": 3913882.305088255,
    "C_60_err": 10969.519211905003,
    "C_99_103": 6897.157786482051,
    "C_99_103_err": 84.2399292614783,
    "O_Am241": 567.4630661283684,
    "O_Am241_err": 7.110973676640005
}