{
    "C_60": 2830264.767508068,
    "C_60_err": 8782.376380464448,
    "C_99_103": 6294.942933261144,
    "C_99_103_err": 70.21429807870233,
    "O_Am241": 449.60928121421864,
    "O_Am241_err": 5.205424249737938
}