{
    "C_60": 2542251.032768113,
    "C_60_err": 8006.963951954908,
    "C_99_103": 6070.606867137111,
    "C_99_103_err": 74.19669072837158,
    "O_Am241": 418.78037705430177,
    "O_Am241_err": 5.285664901300962
}