{
    "C_60": 6747448.314332712,
    "C_60_err": 16727.873650964095,
    "C_99_103": 8170.406447921393,
    "C_99_103_err": 89.90022140564787,
    "O_Am241": 825.8399820549085,
    "O_Am241_err": 9.314636137903971
}