{
    "C_60": 1657028.3522896494,
    "C_60_err": 5518.896657460626,
    "C_99_103": 5338.676782116013,
    "C_99_103_err": 71.48788198916161,
    "O_Am241": 310.38184552406585,
    "O_Am241_err": 4.282820029728718
}