{
    "C_60": 4363015.667705708,
    "C_60_err": 11988.63406504327,
    "C_99_103": 7156.919006411306,
    "C_99_103_err": 72.25143949062075,
    "O_Am241": 609.622054378041,
    "O_Am241_err": 6.378230609453167
}