{
    "C_60": 1209358.9972115336,
    "C_60_err": 4325.880393451658,
    "C_99_103": 4814.74045942661,
    "C_99_103_err": 72.45440762969137,
    "O_Am241": 251.17843991855727,
    "O_Am241_err": 3.8851626482189463
}