{
    "C_60": 2050981.2517677916,
    "C_60_err": 6418.918022009189,
    "C_99_103": 5665.808539114776,
    "C_99_103_err": 87.4144402157866,
    "O_Am241": 361.99268605857907,
    "O_Am241_err": 5.6987222964663
}