{
    "C_60": 983397.1222835486,
    "C_60_err": 3431.013384369551,
    "C_99_103": 4515.027921201818,
    "C_99_103_err": 72.68401199866562,
    "O_Am241": 217.80532467267363,
    "O_Am241_err": 3.587684757970851
}