{
    "C_60": 887577.6079736553,
    "C_60_err": 3050.0950232651057,
    "C_99_103": 4382.717561020916,
    "C_99_103_err": 60.52678000830856,
    "O_Am241": 202.51763788467852,
    "O_Am241_err": 2.882120332527821
}