{
    "C_60": 2282951.882769985,
    "C_60_err": 7066.071009584923,
    "C_99_103": 5874.842144035656,
    "C_99_103_err": 79.74976160123074,
    "O_Am241": 388.5979957925707,
    "O_Am241_err": 5.410519514421146
}