{
    "C_60": 3152108.005734619,
    "C_60_err": 9445.90003887678,
    "C_99_103": 6490.949660858914,
    "C_99_103_err": 77.88648173768908,
    "O_Am241": 485.61584520400004,
    "O_Am241_err": 6.0059902806218695
}