{
    "C_60": 1315538.1858620192,
    "C_60_err": 2.064192182854238e-05,
    "C_99_103": 4739.634988166316,
    "C_99_103_err": 2.4593920726240038e-05,
    "O_Am241": 277.56107572557573,
    "O_Am241_err": 1.4402683580803445e-06
}