{
    "C_60": 3054407.0138800177,
    "C_60_err": 4.415537205575831e-05,
    "C_99_103": 6085.227448584521,
    "C_99_103_err": 9.344788518684982e-06,
    "O_Am241": 501.9380195214396,
    "O_Am241_err": 7.708360141656972e-07
}