{
    "C_60": 2746252.1812361805,
    "C_60_err": 4.0282355959538746e-05,
    "C_99_103": 5907.370772478514,
    "C_99_103_err": 1.127739899431096e-05,
    "O_Am241": 464.88569737835417,
    "O_Am241_err": 8.875109504203753e-07
}