{
    "C_60": 1618882.9194012336,
    "C_60_err": 2.402520463194984e-05,
    "C_99_103": 5093.366646379778,
    "C_99_103_err": 4.792878014316801e-06,
    "O_Am241": 317.8414262699682,
    "O_Am241_err": 2.991272235416573e-07
}