{
    "C_60": 791612.8098326694,
    "C_60_err": 1.2585645761857903e-05,
    "C_99_103": 4034.4200122287975,
    "C_99_103_err": 6.751142018193433e-06,
    "O_Am241": 196.21477373035,
    "O_Am241_err": 3.283578769405845e-07
}