{
    "C_60": 1458991.8457047506,
    "C_60_err": 2.2806210024585612e-05,
    "C_99_103": 4917.257213200087,
    "C_99_103_err": 1.8275191994339694e-05,
    "O_Am241": 296.7084662132729,
    "O_Am241_err": 1.1027391717881927e-06
}