{
    "C_60": 967141.2586762251,
    "C_60_err": 1.4978546774146052e-05,
    "C_99_103": 4327.44469146679,
    "C_99_103_err": 1.1043193271804935e-05,
    "O_Am241": 223.4901489517159,
    "O_Am241_err": 5.703343513581496e-07
}