{
    "C_60": 6831063.378438712,
    "C_60_err": 9.377173607433634e-05,
    "C_99_103": 7766.048340727716,
    "C_99_103_err": 2.2112713420405618e-05,
    "O_Am241": 879.6060851970706,
    "O_Am241_err": 2.504581798780826e-06
}