{
    "C_60": 4224152.3876818465,
    "C_60_err": 6.002649807228602e-05,
    "C_99_103": 6754.45624202132,
    "C_99_103_err": 5.4513377003339976e-06,
    "O_Am241": 625.3874829186454,
    "O_Am241_err": 5.048114384990159e-07
}