{
    "C_60": 2469553.271144152,
    "C_60_err": 3.593112322087047e-05,
    "C_99_103": 5756.52075969034,
    "C_99_103_err": 2.0032294070026692e-05,
    "O_Am241": 429.00101888575426,
    "O_Am241_err": 1.4929069205835782e-06
}