{
    "C_60": 5352010.876572098,
    "C_60_err": 0.04108952213529582,
    "C_99_103": 13187.838363970006,
    "C_99_103_err": 0.00018182232160883342,
    "O_Am241": 405.8292745833255,
    "O_Am241_err": 6.4042271196910555e-06
}