{
    "C_60": 2220965.3533375133,
    "C_60_err": 3.2691229131884963e-05,
    "C_99_103": 5584.987342079326,
    "C_99_103_err": 1.5630474968206263e-05,
    "O_Am241": 397.66703437337316,
    "O_Am241_err": 1.112949808820876e-06
}