{
    "C_60": 5973310.529297998,
    "C_60_err": 8.151338544011913e-05,
    "C_99_103": 7522.2683324676955,
    "C_99_103_err": 8.747444366002873e-06,
    "O_Am241": 794.0836813167022,
    "O_Am241_err": 9.234822235497524e-07
}