{
    "C_60": 1071434.0256989272,
    "C_60_err": 1.666409698461782e-05,
    "C_99_103": 4402.830508644749,
    "C_99_103_err": 6.416042746426727e-06,
    "O_Am241": 243.3511859235138,
    "O_Am241_err": 3.5464470697210067e-07
}