{
    "C_60": 1998798.560090238,
    "C_60_err": 3.0249851262140193e-05,
    "C_99_103": 5410.565729714076,
    "C_99_103_err": 5.581015978570741e-06,
    "O_Am241": 369.4250582916152,
    "O_Am241_err": 3.8110414959857156e-07
}