{
    "C_60": 875246.5911155555,
    "C_60_err": 1.3883899356900275e-05,
    "C_99_103": 4155.571020510673,
    "C_99_103_err": 1.6377596332998677e-05,
    "O_Am241": 210.6200536089015,
    "O_Am241_err": 8.300852377621649e-07
}