{
    "C_60": 4717996.704814757,
    "C_60_err": 6.546551058644531e-05,
    "C_99_103": 6994.489913034163,
    "C_99_103_err": 1.4942510543409138e-05,
    "O_Am241": 674.5304894961414,
    "O_Am241_err": 1.4410474069603396e-06
}