{
    "C_60": 1798309.9954737972,
    "C_60_err": 2.7280983557584522e-05,
    "C_99_103": 5264.520232327915,
    "C_99_103_err": 5.485041729037488e-06,
    "O_Am241": 341.5904804450915,
    "O_Am241_err": 3.5593682952061306e-07
}