{
    "C_60": 3401087.213601,
    "C_60_err": 4.9145356761492315e-05,
    "C_99_103": 6279.8740133984375,
    "C_99_103_err": 1.0245103460568056e-06,
    "O_Am241": 541.5852621158647,
    "O_Am241_err": 8.870112946694416e-08
}