{
    "C_60": 1186373.8447844766,
    "C_60_err": 1.82880930046838e-05,
    "C_99_103": 4573.341933668044,
    "C_99_103_err": 1.9991489112750368e-05,
    "O_Am241": 259.41070271842693,
    "O_Am241_err": 1.1339712971593646e-06
}