{
    "C_60": 5290154.116575771,
    "C_60_err": 7.30549598629629e-05,
    "C_99_103": 7258.149364603564,
    "C_99_103_err": 1.9665688720278035e-05,
    "O_Am241": 728.85715777285,
    "O_Am241_err": 1.9748373088721173e-06
}