{
    "C_60": 3787896.3237170926,
    "C_60_err": 5.3558012465242805e-05,
    "C_99_103": 6526.990917918351,
    "C_99_103_err": 1.7701956951137546e-05,
    "O_Am241": 580.3434341111606,
    "O_Am241_err": 1.5739801425311886e-06
}