{
    "C_79": 85265.58704046278,
    "C_79_err": 142.98554520458472,
    "C_81": 1058580.3070306568,
    "C_81_err": 1775.1790329172973,
    "C_356": 1358123.4179552589,
    "C_356_err": 3168.028976389867,
    "C_161": 21399.73535560782,
    "C_161_err": 292.6952366971564,
    "C_223": 13072.995513062791,
    "C_223_err": 270.6575539244941,
    "C_276": 178449.33336541944,
    "C_276_err": 445.1880501517555,
    "C_303": 446622.9359128147,
    "C_303_err": 698.1664733053368,
    "C_383": 198025.65822659447,
    "C_383_err": 632.6942305466524,
    "O_Ba133": 0.8422252933339831,
    "O_Ba133_err": 0.0023620485572719524
}