{
    "C_79": 50845.47158459453,
    "C_79_err": 81.24875562350603,
    "C_81": 631251.3264653564,
    "C_81_err": 1008.710966042773,
    "C_356": 1211155.5422307777,
    "C_356_err": 2184.9470300857292,
    "C_161": 17225.0320607729,
    "C_161_err": 220.69929403698941,
    "C_223": 11813.324180756637,
    "C_223_err": 209.43678410303167,
    "C_276": 159403.97330647107,
    "C_276_err": 486.5067137252374,
    "C_303": 397761.52943612804,
    "C_303_err": 704.8173556942079,
    "C_383": 174187.7393442859,
    "C_383_err": 505.20167405520016,
    "O_Ba133": 0.5631785301445468,
    "O_Ba133_err": 0.0013154329869783437
}