{
    "C_79": 74979.31940719296,
    "C_79_err": 128.87345834556285,
    "C_81": 930875.3239609991,
    "C_81_err": 1599.9761432335915,
    "C_356": 1320660.1712497014,
    "C_356_err": 2812.445014507341,
    "C_161": 20353.144579689433,
    "C_161_err": 293.4819818645265,
    "C_223": 12387.926438458759,
    "C_223_err": 215.47955283673917,
    "C_276": 173884.45363225916,
    "C_276_err": 411.11358266470125,
    "C_303": 434576.88159765064,
    "C_303_err": 796.4597938664198,
    "C_383": 191928.87034029822,
    "C_383_err": 490.6735862260706,
    "O_Ba133": 0.7616301795611674,
    "O_Ba133_err": 0.0020268116294886434
}