{
    "C_79": 23593.13739666494,
    "C_79_err": 56.278494094599765,
    "C_81": 292911.026547275,
    "C_81_err": 698.7028134763518,
    "C_356": 1013176.4687231267,
    "C_356_err": 1304.8424279995986,
    "C_161": 13593.172901953345,
    "C_161_err": 182.8747919751337,
    "C_223": 9552.397530466133,
    "C_223_err": 220.35813639679125,
    "C_276": 132656.6304588773,
    "C_276_err": 330.8770510537714,
    "C_303": 331290.8258420909,
    "C_303_err": 592.0230130340343,
    "C_383": 143956.8374723265,
    "C_383_err": 369.0905751070742,
    "O_Ba133": 0.31238799332047246,
    "O_Ba133_err": 0.000800321164799978
}