{
    "C_79": 108603.62209622232,
    "C_79_err": 258.9477676337499,
    "C_81": 1348324.2139493017,
    "C_81_err": 3214.860964207687,
    "C_356": 1410468.2890400563,
    "C_356_err": 3774.807083850036,
    "C_161": 23450.04323693055,
    "C_161_err": 315.8044604218104,
    "C_223": 13731.468616029271,
    "C_223_err": 251.83381335697453,
    "C_276": 184859.6843619439,
    "C_276_err": 387.0848887203548,
    "C_303": 462664.8795939131,
    "C_303_err": 793.7620963339612,
    "C_383": 207826.68221653093,
    "C_383_err": 3707.059077485635,
    "O_Ba133": 1.0329390936091782,
    "O_Ba133_err": 0.003587609744326191
}