{
    "C_79": 70810.52149048958,
    "C_79_err": 121.64744970295096,
    "C_81": 879119.3045423031,
    "C_81_err": 1510.2645642366365,
    "C_356": 1304335.0123835278,
    "C_356_err": 2747.8760774789184,
    "C_161": 20148.452243662585,
    "C_161_err": 229.95477839344707,
    "C_223": 12761.728763519686,
    "C_223_err": 239.555441843785,
    "C_276": 171672.44471682768,
    "C_276_err": 427.87901538295245,
    "C_303": 429120.03804639436,
    "C_303_err": 740.4746414781823,
    "C_383": 189185.57596342615,
    "C_383_err": 496.1587439191479,
    "O_Ba133": 0.7282866878631902,
    "O_Ba133_err": 0.0019244385197617717
}