{
    "C_79": 65841.89454666001,
    "C_79_err": 95.19634946867116,
    "C_81": 817433.3322962677,
    "C_81_err": 1181.8716594412383,
    "C_356": 1283630.951452196,
    "C_356_err": 2396.3638914059025,
    "C_161": 19765.572518641573,
    "C_161_err": 262.9624059527731,
    "C_223": 12283.966677880031,
    "C_223_err": 278.1041415934685,
    "C_276": 168972.180282493,
    "C_276_err": 461.0257188664787,
    "C_303": 422266.7477201049,
    "C_303_err": 709.72020646511,
    "C_383": 185836.57897821642,
    "C_383_err": 525.822450702039,
    "O_Ba133": 0.688106831518562,
    "O_Ba133_err": 0.0015822251854386022
}