{
    "C_79": 19337.419574070937,
    "C_79_err": 105.65708090673435,
    "C_81": 240075.88829695547,
    "C_81_err": 1311.7426271062493,
    "C_356": 356164.8146297802,
    "C_356_err": 2578.791717514822,
    "C_161": 5437.329296069025,
    "C_161_err": 148.25527316049042,
    "C_223": 3553.5683419130705,
    "C_223_err": 132.78002647473747,
    "C_276": 46277.86355465949,
    "C_276_err": 279.03258362680685,
    "C_303": 114307.97885916357,
    "C_303_err": 704.4004150075848,
    "C_383": 50777.11484225378,
    "C_383_err": 343.9972000480865,
    "O_Ba133": 0.7283518674933589,
    "O_Ba133_err": 0.006439177231807775
}