{
    "C_79": 57827.166525109904,
    "C_79_err": 102.49652255755849,
    "C_81": 717929.7278022781,
    "C_81_err": 1272.503997035349,
    "C_356": 1246995.4612850372,
    "C_356_err": 2249.6269017781515,
    "C_161": 18324.89552932634,
    "C_161_err": 261.5316441011016,
    "C_223": NaN,
    "C_223_err": NaN,
    "C_276": 164215.52153079587,
    "C_276_err": 384.4259867321786,
    "C_303": 410139.35075841437,
    "C_303_err": 694.6588541506551,
    "C_383": 179830.12776413574,
    "C_383_err": 446.18809989889183,
    "O_Ba133": 0.6221008162515406,
    "O_Ba133_err": 0.001519088154468906
}