{
    "C_79": 96840.3088735088,
    "C_79_err": 204.4368927201882,
    "C_81": 1202281.5705428335,
    "C_81_err": 2538.10330962045,
    "C_356": 1392742.2946852564,
    "C_356_err": 3561.2061843915367,
    "C_161": 22471.1344252509,
    "C_161_err": 259.3675877470556,
    "C_223": 13566.212288516655,
    "C_223_err": 243.04376989165362,
    "C_276": 182947.24235881222,
    "C_276_err": 509.0131456652054,
    "C_303": 457797.5843830984,
    "C_303_err": 638.1259017982924,
    "C_383": 203864.59218160325,
    "C_383_err": 1197.834159383042,
    "O_Ba133": 0.9327798002357133,
    "O_Ba133_err": 0.003005209172493318
}