{
    "C_79": 65163.20814434127,
    "C_79_err": 126.83661404580002,
    "C_81": 809007.3765844947,
    "C_81_err": 1574.6885290969135,
    "C_356": 1078112.5457080912,
    "C_356_err": 2432.8765911067117,
    "C_161": 17578.34748001163,
    "C_161_err": 232.4960279926122,
    "C_223": 10921.890378009517,
    "C_223_err": 177.79072478155194,
    "C_276": 146441.48371406857,
    "C_276_err": 373.60789335166845,
    "C_303": 362154.8413809174,
    "C_303_err": 595.5530914365169,
    "C_383": 153819.56520414705,
    "C_383_err": 386.591897698014,
    "O_Ba133": 0.8108342567841016,
    "O_Ba133_err": 0.002344165987389127
}