{
    "C_79": 56814.16185068113,
    "C_79_err": 99.55127306366302,
    "C_81": 705353.1792028095,
    "C_81_err": 1235.9384467149107,
    "C_356": 1036377.5864559253,
    "C_356_err": 2303.1833040942597,
    "C_161": 16569.13983427609,
    "C_161_err": 221.1407270877702,
    "C_223": 10597.514449987993,
    "C_223_err": 194.67532840895183,
    "C_276": 141139.53952616337,
    "C_276_err": 463.35411168508114,
    "C_303": 348458.2180385759,
    "C_303_err": 596.5816597091164,
    "C_383": 147371.83529011297,
    "C_383_err": 386.90893511379016,
    "O_Ba133": 0.7354147281975244,
    "O_Ba133_err": 0.0020254602646642287
}