{
    "C_79": 61698.37184784929,
    "C_79_err": 104.19654289608063,
    "C_81": 765991.107092152,
    "C_81_err": 1293.6099099173784,
    "C_356": 1061230.3543962871,
    "C_356_err": 2335.3222281033745,
    "C_161": 17160.730380926387,
    "C_161_err": 274.21436323368295,
    "C_223": 10865.36571264829,
    "C_223_err": 259.1102966080305,
    "C_276": 144234.84080709575,
    "C_276_err": 381.6601254356636,
    "C_303": 356635.70408760465,
    "C_303_err": 633.504208385285,
    "C_383": 151185.20820822314,
    "C_383_err": 370.2065646151975,
    "O_Ba133": 0.7799338527315848,
    "O_Ba133_err": 0.0021074253374508854
}