{
    "C_79": 99077.87476105863,
    "C_79_err": 231.35693347765357,
    "C_81": 1230061.1621278343,
    "C_81_err": 2872.318155250869,
    "C_356": 1192348.0715617787,
    "C_356_err": 3637.2861923879923,
    "C_161": 21269.455516995917,
    "C_161_err": 269.7613074955831,
    "C_223": 12307.30980327556,
    "C_223_err": 223.41672536446126,
    "C_276": 161346.925761721,
    "C_276_err": 383.9263501893498,
    "C_303": 399018.83841783117,
    "C_303_err": 594.8149477032837,
    "C_383": 172778.942821994,
    "C_383_err": 2784.663652374598,
    "O_Ba133": 1.114724021105633,
    "O_Ba133_err": 0.00417182000563068
}