{
    "C_79": 86168.47877894278,
    "C_79_err": 167.4919710604298,
    "C_81": 1069789.7931423273,
    "C_81_err": 2079.4286218445814,
    "C_356": 1162152.4912298874,
    "C_356_err": 3334.3987529498872,
    "C_161": 19815.060705328124,
    "C_161_err": 358.01511049348164,
    "C_223": 11705.8003815471,
    "C_223_err": 172.69879744278188,
    "C_276": 157701.05321192005,
    "C_276_err": 432.399419633453,
    "C_303": 389640.0997319669,
    "C_303_err": 643.8205584875944,
    "C_383": 167035.4972791352,
    "C_383_err": 884.1753694018075,
    "O_Ba133": 0.9946700460091411,
    "O_Ba133_err": 0.0033714802345579716
}