{
    "C_79": 49580.40150207127,
    "C_79_err": 79.64949321266053,
    "C_81": 615545.3620445969,
    "C_81_err": 988.8559723383139,
    "C_356": 996400.0812040102,
    "C_356_err": 1969.5831705844098,
    "C_161": 15726.369535468712,
    "C_161_err": 266.632852220413,
    "C_223": 10513.218650791083,
    "C_223_err": 185.86648181807283,
    "C_276": 135766.868232431,
    "C_276_err": 383.2330300956915,
    "C_303": 334985.4532080343,
    "C_303_err": 580.4140624325539,
    "C_383": 141224.90007714005,
    "C_383_err": 371.3728514582097,
    "O_Ba133": 0.6675288130676954,
    "O_Ba133_err": 0.001652995574511369
}