{
    "C_79": 18308.36953310333,
    "C_79_err": 79.63836652753157,
    "C_81": 227300.13495814137,
    "C_81_err": 988.7178334927506,
    "C_356": 314259.8790494251,
    "C_356_err": 1375.3004320135808,
    "C_161": 5380.701512935245,
    "C_161_err": 147.54689443749652,
    "C_223": 26.023688536311774,
    "C_223_err": 78648874.19509439,
    "C_276": 42003.6347992855,
    "C_276_err": 177.85875356392802,
    "C_303": 102724.87378512291,
    "C_303_err": 440.1990988857754,
    "C_383": 44003.831027381726,
    "C_383_err": 247.85627812157404,
    "O_Ba133": 0.7815458506321666,
    "O_Ba133_err": 0.004654143823875633
}