{
    "C_79": 43251.61763622337,
    "C_79_err": 76.688199193439,
    "C_81": 536972.9132950003,
    "C_81_err": 952.0912277223183,
    "C_356": 957673.9424630343,
    "C_356_err": 1777.603372583523,
    "C_161": 15132.88635024525,
    "C_161_err": 271.52226510975953,
    "C_223": NaN,
    "C_223_err": NaN,
    "C_276": 130423.65091425921,
    "C_276_err": 422.7271357937063,
    "C_303": 321899.00877588626,
    "C_303_err": 494.54029834612857,
    "C_383": 135227.83570980988,
    "C_383_err": 386.07960351191383,
    "O_Ba133": 0.605868558393631,
    "O_Ba133_err": 0.0015031627569581465
}