{
    "C_79": 19179.889260403794,
    "C_79_err": 51.321534806053094,
    "C_81": 238120.1345914383,
    "C_81_err": 637.1616962713762,
    "C_356": 749211.6967737378,
    "C_356_err": 1027.8621092568667,
    "C_161": 11237.763406082977,
    "C_161_err": 157.86050424270724,
    "C_223": NaN,
    "C_223_err": NaN,
    "C_276": 102529.84359198123,
    "C_276_err": 334.6736840792014,
    "C_303": 251962.5016202628,
    "C_303_err": 524.4004241102726,
    "C_383": 104562.41201248037,
    "C_383_err": 298.2355606241545,
    "O_Ba133": 0.3434276653178665,
    "O_Ba133_err": 0.0009746456613396061
}