{
    "C_79": 74860.13953965722,
    "C_79_err": 139.85465261051743,
    "C_81": 929395.6946621593,
    "C_81_err": 1736.3087059947259,
    "C_356": 1120457.3043776508,
    "C_356_err": 2897.6984669664703,
    "C_161": 18735.709871586925,
    "C_161_err": 260.3477365928535,
    "C_223": 11433.50091163126,
    "C_223_err": 220.32928908966826,
    "C_276": 152176.58312737689,
    "C_276_err": 432.16741783557325,
    "C_303": 376075.2255628356,
    "C_303_err": 609.9018634117906,
    "C_383": 160499.7949458963,
    "C_383_err": 505.82849390147953,
    "O_Ba133": 0.896291032490187,
    "O_Ba133_err": 0.0027910456987380837
}