{
    "C_79": 58070.512663804846,
    "C_79_err": 150.49951814646684,
    "C_81": 720950.8930714052,
    "C_81_err": 1868.4657158561356,
    "C_356": 687923.0588347297,
    "C_356_err": 1705.5195763002737,
    "C_161": 13754.970544667582,
    "C_161_err": 177.72499251985005,
    "C_223": 7820.648353202106,
    "C_223_err": 191.64805378962217,
    "C_276": 99570.64941038823,
    "C_276_err": 302.0416651207985,
    "C_303": 240773.08757579207,
    "C_303_err": 516.5227791887897,
    "C_383": 95844.14384423301,
    "C_383_err": 797.1574021264088,
    "O_Ba133": 1.132425197455645,
    "O_Ba133_err": 0.003912459637021486
}