{
    "C_79": 14948.625473104486,
    "C_79_err": 100.5367711681544,
    "C_81": 185588.59549627904,
    "C_81_err": 1248.1734986536906,
    "C_356": 166867.18171519012,
    "C_356_err": 470.9198730561553,
    "C_161": 3216.804134315706,
    "C_161_err": 96.81475668417048,
    "C_223": 1955.4326228465898,
    "C_223_err": 61.235552728142615,
    "C_276": 24541.27312412251,
    "C_276_err": 159.1860549917997,
    "C_303": 58578.94215806655,
    "C_303_err": 238.75552513403244,
    "C_383": 22828.196512457474,
    "C_383_err": 152.1503795900402,
    "O_Ba133": 1.2017774789992055,
    "O_Ba133_err": 0.008235091997990468
}