{
    "C_79": 5007.61251859253,
    "C_79_err": 34.632456626136815,
    "C_81": 62169.98183460142,
    "C_81_err": 429.9652162263778,
    "C_356": 125174.25948735033,
    "C_356_err": 368.7122169266654,
    "C_161": 2287.1233183527634,
    "C_161_err": 64.50182926130215,
    "C_223": 1424.29496180568,
    "C_223_err": 70.15213200485779,
    "C_276": 18287.887167079432,
    "C_276_err": 135.2779695498078,
    "C_303": 43878.73109395112,
    "C_303_err": 183.48653029365872,
    "C_383": 16993.654849265895,
    "C_383_err": 134.36362614005247,
    "O_Ba133": 0.5366725924988012,
    "O_Ba133_err": 0.0037913454598485
}