{
    "C_79": 37764.41135356838,
    "C_79_err": 104.79685358622206,
    "C_81": 468848.72963486606,
    "C_81_err": 1301.0628237685683,
    "C_356": 562124.2681713277,
    "C_356_err": 1199.7233813939793,
    "C_161": 10673.120753112344,
    "C_161_err": 168.52183953444958,
    "C_223": 6539.088614624962,
    "C_223_err": 189.60605395524988,
    "C_276": 81708.03219620447,
    "C_276_err": 304.9469869320437,
    "C_303": 197354.86998257178,
    "C_303_err": 488.92041810712215,
    "C_383": 77509.29618297634,
    "C_383_err": 474.7123872751298,
    "O_Ba133": 0.9012475882539656,
    "O_Ba133_err": 0.0030152523279615862
}