{
    "C_79": 17364.78595439421,
    "C_79_err": 96.63564602796428,
    "C_81": 215585.45581116856,
    "C_81_err": 1199.7406620075565,
    "C_356": 377684.66084161075,
    "C_356_err": 792.0322758370099,
    "C_161": 6984.508934912786,
    "C_161_err": 165.95227982709153,
    "C_223": 1322.7309081361743,
    "C_223_err": 0.0,
    "C_276": 55683.5316599803,
    "C_276_err": 262.6821919596051,
    "C_303": 130770.66753309996,
    "C_303_err": 349.7195064539595,
    "C_383": 51192.67457057615,
    "C_383_err": 239.01329551808027,
    "O_Ba133": 0.6167850217863491,
    "O_Ba133_err": 0.0034393371026333764
}