{
    "C_79": 12222.24198534183,
    "C_79_err": 74.9246102417885,
    "C_81": 151740.28728971625,
    "C_81_err": 930.1961045112611,
    "C_356": 159294.4715266298,
    "C_356_err": 488.15914064257197,
    "C_161": 3131.020246163144,
    "C_161_err": 99.12113156715066,
    "C_223": 1916.8203786819793,
    "C_223_err": 109.1360492356332,
    "C_276": 23264.31538532518,
    "C_276_err": 161.5431776916542,
    "C_303": 56072.005479640175,
    "C_303_err": 234.338342236589,
    "C_383": 21773.89550756125,
    "C_383_err": 160.51392384050118,
    "O_Ba133": 1.0293045810296555,
    "O_Ba133_err": 0.00665359939076262
}