{
    "C_79": 16930.937243029985,
    "C_79_err": 59.86636622312543,
    "C_81": 210199.18313043696,
    "C_81_err": 743.2465844305007,
    "C_356": 424344.5544955744,
    "C_356_err": 821.6596361452864,
    "C_161": 7754.469478165176,
    "C_161_err": 183.9694319488179,
    "C_223": NaN,
    "C_223_err": NaN,
    "C_276": 61800.32471873373,
    "C_276_err": 238.14533142842237,
    "C_303": 148960.15063395316,
    "C_303_err": 355.37321178262414,
    "C_383": 57689.1730201586,
    "C_383_err": 311.9907439667323,
    "O_Ba133": 0.5352492873237419,
    "O_Ba133_err": 0.002040061080741924
}