{
    "C_79": 13963.287554772207,
    "C_79_err": 93.9014952216343,
    "C_81": 173355.53228377234,
    "C_81_err": 1165.7959218082146,
    "C_356": 164342.35628439454,
    "C_356_err": 469.32998203044366,
    "C_161": 3145.472649341068,
    "C_161_err": 109.86125707118778,
    "C_223": 1974.0509836346043,
    "C_223_err": 78.01485846386645,
    "C_276": 24096.12269583901,
    "C_276_err": 136.46521214707957,
    "C_303": 57715.015860305466,
    "C_303_err": 276.5136239268949,
    "C_383": 22483.842929547398,
    "C_383_err": 117.25980270748603,
    "O_Ba133": 1.1398085318576618,
    "O_Ba133_err": 0.007825764973929254
}