{
    "C_79": 42234.475575746765,
    "C_79_err": 116.42269335094262,
    "C_81": 524344.9986573843,
    "C_81_err": 1445.3987212249103,
    "C_356": 590092.0042111146,
    "C_356_err": 1418.6987436010127,
    "C_161": 11447.954646779364,
    "C_161_err": 162.94787718779247,
    "C_223": 6814.649312912854,
    "C_223_err": 132.7895649999325,
    "C_276": 85719.33390636762,
    "C_276_err": 288.35487845924416,
    "C_303": 207078.4982745073,
    "C_303_err": 522.5025523384373,
    "C_383": 81637.59538896178,
    "C_383_err": 617.3676553189808,
    "O_Ba133": 0.9601544677606383,
    "O_Ba133_err": 0.0033715628300778656
}