{
    "C_79": 8703.280351294916,
    "C_79_err": 60.57023065252457,
    "C_81": 108052.04662550775,
    "C_81_err": 751.9851277237957,
    "C_356": 192601.251684449,
    "C_356_err": 413.4192347093865,
    "C_161": 3539.6219287707822,
    "C_161_err": 122.32543249378224,
    "C_223": 2158.4299437037935,
    "C_223_err": 130.75065632174727,
    "C_276": 28403.360996138963,
    "C_276_err": 201.184494783273,
    "C_303": 66685.84642282603,
    "C_303_err": 269.83427187548915,
    "C_383": 25976.626544392584,
    "C_383_err": 150.16615318502977,
    "O_Ba133": 0.6062023271172216,
    "O_Ba133_err": 0.004127482249382422
}