{
    "C_79": 7443.627766248808,
    "C_79_err": 47.80773475174304,
    "C_81": 92413.34094701335,
    "C_81_err": 593.5375371065456,
    "C_356": 140185.5449858661,
    "C_356_err": 364.98103540611,
    "C_161": 2751.875934666581,
    "C_161_err": 73.40474546173293,
    "C_223": 1680.3458893382156,
    "C_223_err": 79.31473091669908,
    "C_276": 20388.109354223358,
    "C_276_err": 131.7400627644745,
    "C_303": 49148.09279599133,
    "C_303_err": 194.4584628953289,
    "C_383": 19118.05658526643,
    "C_383_err": 146.77837775635268,
    "O_Ba133": 0.7123200093371256,
    "O_Ba133_err": 0.004634866290617119
}