{
    "C_79": 52367.61083672056,
    "C_79_err": 148.38604074604214,
    "C_81": 650148.8288785327,
    "C_81_err": 1842.2266945452025,
    "C_356": 652873.332890322,
    "C_356_err": 1587.117164684011,
    "C_161": 12935.100890546615,
    "C_161_err": 136.02546455627726,
    "C_223": 7239.431271966517,
    "C_223_err": 189.4589733958451,
    "C_276": 94671.22728913109,
    "C_276_err": 300.12696990413303,
    "C_303": 228711.33595525718,
    "C_303_err": 407.5910033411553,
    "C_383": 90687.4906969778,
    "C_383_err": 691.826419046443,
    "O_Ba133": 1.0760378841101648,
    "O_Ba133_err": 0.003854383964017034
}