{
    "C_79": 7889.937052259327,
    "C_79_err": 47.510298988390154,
    "C_81": 97954.31283748116,
    "C_81_err": 589.8448440445419,
    "C_356": 142482.90549879865,
    "C_356_err": 396.7718966481764,
    "C_161": 2689.7899523096166,
    "C_161_err": 85.45488933067465,
    "C_223": 1701.016013883002,
    "C_223_err": 82.69360194139999,
    "C_276": 20757.578268270026,
    "C_276_err": 158.4986086539071,
    "C_303": 49976.49131964712,
    "C_303_err": 260.98778070054254,
    "C_383": 19463.388808040796,
    "C_383_err": 129.76521913625427,
    "O_Ba133": 0.7428557799211424,
    "O_Ba133_err": 0.004639829152585103
}