{
    "C_79": 10728.157461000059,
    "C_79_err": 68.41309321288935,
    "C_81": 133191.08696864228,
    "C_81_err": 849.3550063034187,
    "C_356": 154301.15462524153,
    "C_356_err": 426.3800396584102,
    "C_161": 3032.6680041614422,
    "C_161_err": 80.86099422062208,
    "C_223": NaN,
    "C_223_err": NaN,
    "C_276": 22526.6802667264,
    "C_276_err": 166.25715340901883,
    "C_303": 54166.10438290486,
    "C_303_err": 225.77681396499634,
    "C_383": 21098.620264908768,
    "C_383_err": 122.23829380167533,
    "O_Ba133": 0.9327165747993641,
    "O_Ba133_err": 0.006094199075802256
}