{
    "C_79": 5590.330494941952,
    "C_79_err": 33.23579328543046,
    "C_81": 69404.48048437049,
    "C_81_err": 412.62550909081597,
    "C_356": 129273.88459310708,
    "C_356_err": 342.3751780039305,
    "C_161": 2387.568073435754,
    "C_161_err": 94.08946996415715,
    "C_223": 1447.7971086922935,
    "C_223_err": 77.78050330110864,
    "C_276": 18809.276005769705,
    "C_276_err": 169.76608222841477,
    "C_303": 45298.54582514727,
    "C_303_err": 203.82187215426706,
    "C_383": 17596.72399684831,
    "C_383_err": 123.26643707734188,
    "O_Ba133": 0.5801234426841938,
    "O_Ba133_err": 0.0035517240311539232
}