{
    "C_79": 16051.181839901414,
    "C_79_err": 106.14286124493599,
    "C_81": 199276.93680480364,
    "C_81_err": 1317.7736358333564,
    "C_356": 169250.6015358259,
    "C_356_err": 405.46792963261396,
    "C_161": 3415.4310884822835,
    "C_161_err": 109.07807688825139,
    "C_223": 1988.1044324064737,
    "C_223_err": 79.76142672034779,
    "C_276": 24831.326451987246,
    "C_276_err": 140.78304374084635,
    "C_303": 59371.634497062085,
    "C_303_err": 258.3084578996368,
    "C_383": 23182.092812238174,
    "C_383_err": 192.97594401548318,
    "O_Ba133": 1.2722443329049307,
    "O_Ba133_err": 0.008384721734340704
}