{
    "C_79": 71726.55714511707,
    "C_79_err": 193.4936513435196,
    "C_81": 890491.9736129381,
    "C_81_err": 2402.2419355478473,
    "C_356": 767842.0274883108,
    "C_356_err": 2409.5338598076223,
    "C_161": 15790.49033674125,
    "C_161_err": 232.4640970417132,
    "C_223": 8845.07988967958,
    "C_223_err": 140.38547760776657,
    "C_276": 110792.40943665667,
    "C_276_err": 349.07287572501366,
    "C_303": 268204.1188523666,
    "C_303_err": 526.4362492698488,
    "C_383": 107951.17520498775,
    "C_383_err": 1426.9577327691484,
    "O_Ba133": 1.2531464758520312,
    "O_Ba133_err": 0.0050314564935047025
}