{
    "C_79": 5917.91113030899,
    "C_79_err": 39.403707540327844,
    "C_81": 73471.42497629106,
    "C_81_err": 489.2007464440702,
    "C_356": 131430.34290319876,
    "C_356_err": 384.5920940384689,
    "C_161": 2458.201041837549,
    "C_161_err": 74.37212143440277,
    "C_223": 1474.6855201087853,
    "C_223_err": 83.53144911984079,
    "C_276": 19150.61167501155,
    "C_276_err": 144.8952717354456,
    "C_303": 45991.755963781085,
    "C_303_err": 199.48688535756878,
    "C_383": 17883.848228061768,
    "C_383_err": 147.78101713820527,
    "O_Ba133": 0.6040411548273292,
    "O_Ba133_err": 0.0041313869132343665
}