{
    "C_79": 8381.051427309669,
    "C_79_err": 53.056191165694315,
    "C_81": 104051.54413527588,
    "C_81_err": 658.6976186231483,
    "C_356": 144733.0747656774,
    "C_356_err": 372.70494924091014,
    "C_161": 2786.2400864925603,
    "C_161_err": 85.60684686975317,
    "C_223": 1651.155557685239,
    "C_223_err": 62.25958799653658,
    "C_276": 21163.58669241591,
    "C_276_err": 171.43068223815055,
    "C_303": 50733.67646299792,
    "C_303_err": 212.53200850740063,
    "C_383": 19739.962629656828,
    "C_383_err": 115.72499856633642,
    "O_Ba133": 0.7768272438391414,
    "O_Ba133_err": 0.004984853798122481
}