{
    "C_79": 9467.320593749688,
    "C_79_err": 61.6431432064207,
    "C_81": 117537.67831485174,
    "C_81_err": 765.3054382985815,
    "C_356": 149450.73863049227,
    "C_356_err": 376.17331943358386,
    "C_161": 2889.7456212295338,
    "C_161_err": 95.96545001544946,
    "C_223": 1718.4194523128333,
    "C_223_err": 76.77134771343218,
    "C_276": 21776.258379463074,
    "C_276_err": 153.57314674174367,
    "C_303": 52428.46870039803,
    "C_303_err": 213.42476237881542,
    "C_383": 20395.16251972919,
    "C_383_err": 142.17801214779627,
    "O_Ba133": 0.8498117846216434,
    "O_Ba133_err": 0.005564885444797798
}