{
    "C_79": 10075.785816905052,
    "C_79_err": 65.58279262775866,
    "C_81": 125091.83146270861,
    "C_81_err": 814.2165575295321,
    "C_356": 151913.78680097187,
    "C_356_err": 406.2634274743724,
    "C_161": 2913.5160543185557,
    "C_161_err": 72.3449438721431,
    "C_223": 1755.6409166331862,
    "C_223_err": 74.71603153798576,
    "C_276": 22138.36896918862,
    "C_276_err": 182.80695204730912,
    "C_303": 53336.347481048695,
    "C_303_err": 230.05146941817532,
    "C_383": 20759.656169855138,
    "C_383_err": 118.95931779754456,
    "O_Ba133": 0.8897653078499187,
    "O_Ba133_err": 0.00588005824317527
}