{
    "C_79": 6641.644938654934,
    "C_79_err": 41.89864878022629,
    "C_81": 82456.64848367654,
    "C_81_err": 520.1756773092245,
    "C_356": 135712.5376905656,
    "C_356_err": 395.72210659867227,
    "C_161": 2550.0145152792843,
    "C_161_err": 71.48406268906541,
    "C_223": 1531.7070396987488,
    "C_223_err": 60.73648519897099,
    "C_276": 19763.189910940375,
    "C_276_err": 146.7189980315022,
    "C_303": 47589.40425759338,
    "C_303_err": 240.69818961110275,
    "C_383": 18478.268326146906,
    "C_383_err": 143.28339132795676,
    "O_Ba133": 0.6565221971272989,
    "O_Ba133_err": 0.004295500077692919
}