{
    "C_79": 5295.762652473619,
    "C_79_err": 29.993064257984397,
    "C_81": 65747.39293071012,
    "C_81_err": 372.36672229724024,
    "C_356": 127245.59508894745,
    "C_356_err": 363.11215999122044,
    "C_161": 2345.373251325835,
    "C_161_err": 87.11052173862196,
    "C_223": 1452.8735484394413,
    "C_223_err": 66.25088821500881,
    "C_276": 18505.53409587316,
    "C_276_err": 157.32328611608133,
    "C_303": 44557.39502199455,
    "C_303_err": 235.4975181697445,
    "C_383": 17267.819825560182,
    "C_383_err": 130.4412963771812,
    "O_Ba133": 0.5583152448894049,
    "O_Ba133_err": 0.003340288413287886
}