{
    "C_79": 47060.1883734725,
    "C_79_err": 139.16975959248234,
    "C_81": 584256.6782970611,
    "C_81_err": 1727.8056945632716,
    "C_356": 620520.2955755318,
    "C_356_err": 1393.7849009764209,
    "C_161": 12098.85957013693,
    "C_161_err": 186.0380953535459,
    "C_223": 7171.901757164176,
    "C_223_err": 130.69559043735362,
    "C_276": 89902.85690628286,
    "C_276_err": 287.0394100093438,
    "C_303": 217337.10500379562,
    "C_303_err": 522.5623257110083,
    "C_383": 85934.3446137214,
    "C_383_err": 656.0292168116634,
    "O_Ba133": 1.0173992231551234,
    "O_Ba133_err": 0.00360912050416042
}