{
    "C_79": 7021.497002350284,
    "C_79_err": 44.007967068893414,
    "C_81": 87172.54768955619,
    "C_81_err": 546.3630628553182,
    "C_356": 137960.81242830367,
    "C_356_err": 369.54776885841795,
    "C_161": 2648.1096860843018,
    "C_161_err": 84.38647600110109,
    "C_223": 1566.0527216355263,
    "C_223_err": 65.42952898435061,
    "C_276": 20113.22373775747,
    "C_276_err": 170.7740746612405,
    "C_303": 48342.08714631524,
    "C_303_err": 212.89908474559573,
    "C_383": 18772.0022390909,
    "C_383_err": 149.98857011796872,
    "O_Ba133": 0.6827594230126603,
    "O_Ba133_err": 0.004373821048365379
}