{
    "C_79": 7705.076219872578,
    "C_79_err": 41.6267365008758,
    "C_81": 95659.24816370338,
    "C_81_err": 516.7998607089863,
    "C_356": 164797.49549110842,
    "C_356_err": 460.65547754533685,
    "C_161": 3028.196293599873,
    "C_161_err": 75.72594362268968,
    "C_223": 1813.504886635076,
    "C_223_err": 85.40923755384047,
    "C_276": 24256.13530955575,
    "C_276_err": 168.2255674346687,
    "C_303": 56896.53021505848,
    "C_303_err": 216.50206894545562,
    "C_383": 22335.82374087565,
    "C_383_err": 166.51390746366732,
    "O_Ba133": 0.6272202382417452,
    "O_Ba133_err": 0.003601668716304781
}