{
    "C_79": 11450.623520568373,
    "C_79_err": 79.11083067743375,
    "C_81": 142160.5712553556,
    "C_81_err": 982.1684261462531,
    "C_356": 156795.85979981712,
    "C_356_err": 391.7919008345118,
    "C_161": 3089.7331971785493,
    "C_161_err": 97.14066879973743,
    "C_223": 1863.9978381039568,
    "C_223_err": 93.93802655069089,
    "C_276": 22966.413924671022,
    "C_276_err": 173.22944622625124,
    "C_303": 55037.46105648959,
    "C_303_err": 220.21098565421246,
    "C_383": 21460.477928181,
    "C_383_err": 143.4366584480758,
    "O_Ba133": 0.9796891000313462,
    "O_Ba133_err": 0.006744244768804408
}