{
    "C_79": 8900.676357084521,
    "C_79_err": 55.623834192241674,
    "C_81": 110502.73665964782,
    "C_81_err": 690.575149028208,
    "C_356": 147098.14724239698,
    "C_356_err": 369.66891344669796,
    "C_161": 2887.763250831829,
    "C_161_err": 75.37123553912677,
    "C_223": 1804.4525119555256,
    "C_223_err": 75.50640200104787,
    "C_276": 21343.772155398383,
    "C_276_err": 151.3154063613411,
    "C_303": 51507.427680357454,
    "C_303_err": 230.10988842309658,
    "C_383": 20082.808595589588,
    "C_383_err": 135.06173122235202,
    "O_Ba133": 0.8117261519274772,
    "O_Ba133_err": 0.005132650071149692
}