{
    "C_79": 64474.18709165444,
    "C_79_err": 172.30214607587456,
    "C_81": 800453.1152133686,
    "C_81_err": 2139.1473984514237,
    "C_356": 726144.0979910787,
    "C_356_err": 2076.1636764959703,
    "C_161": 14644.170373272269,
    "C_161_err": 203.2709311855316,
    "C_223": 8307.9051842572,
    "C_223_err": 160.39229494403446,
    "C_276": 104954.08577466755,
    "C_276_err": 313.0749744299141,
    "C_303": 254000.9006355702,
    "C_303_err": 540.5166327278075,
    "C_383": 101615.51412121629,
    "C_383_err": 972.5976009645751,
    "O_Ba133": 1.1911235038581134,
    "O_Ba133_err": 0.0045091951566518995
}