{
    "C_79": 9149.43645452674,
    "C_79_err": 61.139576259258334,
    "C_81": 113591.11673733492,
    "C_81_err": 759.053607143245,
    "C_356": 202802.73507454566,
    "C_356_err": 442.8435978960809,
    "C_161": 3715.029515176576,
    "C_161_err": 124.04998527133081,
    "C_223": 605.9062950172762,
    "C_223_err": 564348.3240734175,
    "C_276": 30007.436140583635,
    "C_276_err": 200.92169640529383,
    "C_303": 70704.55167593085,
    "C_303_err": 290.69614771238497,
    "C_383": 27439.82588489399,
    "C_383_err": 164.00701238781056,
    "O_Ba133": 0.6052213898729967,
    "O_Ba133_err": 0.003980718624785365
}