{
    "C_79": 6264.849175286979,
    "C_79_err": 38.15312766675261,
    "C_81": 77778.69353469298,
    "C_81_err": 473.67467933440037,
    "C_356": 133535.6887290458,
    "C_356_err": 330.13687230930645,
    "C_161": 2489.029983751097,
    "C_161_err": 83.3332890433585,
    "C_223": 1564.1485464100344,
    "C_223_err": 87.44589314398397,
    "C_276": 19482.33610927985,
    "C_276_err": 153.037255190879,
    "C_303": 46780.09954779928,
    "C_303_err": 239.77706832521508,
    "C_383": 18188.720632566357,
    "C_383_err": 107.00576588643217,
    "O_Ba133": 0.62937139509207,
    "O_Ba133_err": 0.003883962587267386
}