{
    "C_79": 4749.061982218403,
    "C_79_err": 31.348463225177873,
    "C_81": 58960.05253395961,
    "C_81_err": 389.1941283427744,
    "C_356": 123173.37058672843,
    "C_356_err": 325.1276519699846,
    "C_161": 2267.7593047177165,
    "C_161_err": 81.1292679406367,
    "C_223": 1450.1163877268164,
    "C_223_err": 63.337704829598046,
    "C_276": 18032.50465259097,
    "C_276_err": 162.77773456593357,
    "C_303": 43124.17058706503,
    "C_303_err": 216.2153949328466,
    "C_383": 16681.72969264785,
    "C_383_err": 119.09857983014302,
    "O_Ba133": 0.5172312344194507,
    "O_Ba133_err": 0.0034514683541379287
}