{
    "C_79": 13063.097655073954,
    "C_79_err": 81.65733593120792,
    "C_81": 162179.58975544287,
    "C_81_err": 1013.7835291082041,
    "C_356": 161890.50358909136,
    "C_356_err": 438.54315530778035,
    "C_161": 3090.9337915407677,
    "C_161_err": 115.56818956862247,
    "C_223": 1966.5521445013856,
    "C_223_err": 83.075116330015,
    "C_276": 23758.931718816868,
    "C_276_err": 224.5518471152262,
    "C_303": 56863.853918387154,
    "C_303_err": 239.92911725397505,
    "C_383": 22150.586328860518,
    "C_383_err": 120.09004449187921,
    "O_Ba133": 1.082476634054557,
    "O_Ba133_err": 0.006933068416074133
}