{
    "C_79": 10890.851782326072,
    "C_79_err": 65.50331929107578,
    "C_81": 135210.95231642955,
    "C_81_err": 813.2298885571296,
    "C_356": 161924.29512823976,
    "C_356_err": 391.8960513685759,
    "C_161": 3228.9098163895555,
    "C_161_err": 85.7420366105487,
    "C_223": 2004.9168400180513,
    "C_223_err": 79.85511602934366,
    "C_276": 24027.34612020745,
    "C_276_err": 168.23587478014792,
    "C_303": 57101.36747356429,
    "C_303_err": 273.5092808951724,
    "C_383": 22083.200216117493,
    "C_383_err": 129.1184679152455,
    "O_Ba133": 0.9022846385284361,
    "O_Ba133_err": 0.005491424286824916
}