{
    "C_79": 14110.565215871235,
    "C_79_err": 86.74413205009303,
    "C_81": 175183.99834044772,
    "C_81_err": 1076.936582810589,
    "C_356": 175156.25941460257,
    "C_356_err": 551.961620431026,
    "C_161": 3508.518982907282,
    "C_161_err": 99.8687506004998,
    "C_223": 2155.3570912397636,
    "C_223_err": 97.44027369755928,
    "C_276": 25999.151825159763,
    "C_276_err": 184.49204928468328,
    "C_303": 61830.44065978127,
    "C_303_err": 243.71759518646834,
    "C_383": 23930.658461257346,
    "C_383_err": 136.9307972302191,
    "O_Ba133": 1.0807182351859341,
    "O_Ba133_err": 0.007046042510230491
}