{
    "C_79": 7583.566186152316,
    "C_79_err": 44.366440342659445,
    "C_81": 94150.6896318507,
    "C_81_err": 550.8135423673568,
    "C_356": 144713.36427422275,
    "C_356_err": 432.56392510317755,
    "C_161": 2871.894353557937,
    "C_161_err": 96.27918544684235,
    "C_223": 1804.5368031310786,
    "C_223_err": 88.45212698360226,
    "C_276": 21551.751362613766,
    "C_276_err": 157.73769305688484,
    "C_303": 50950.58091464325,
    "C_303_err": 219.79896254819792,
    "C_383": 19643.15607041892,
    "C_383_err": 117.52131443466465,
    "O_Ba133": 0.7030052568277176,
    "O_Ba133_err": 0.004358572126185778
}