{
    "C_79": 12731.600712874675,
    "C_79_err": 81.41951576315364,
    "C_81": 158064.02394475436,
    "C_81_err": 1010.8309692859452,
    "C_356": 169799.02684190916,
    "C_356_err": 486.43919575862077,
    "C_161": 3491.0147029539107,
    "C_161_err": 122.15051803551229,
    "C_223": 2005.7046237919305,
    "C_223_err": 74.63938607657022,
    "C_276": 25064.591979971483,
    "C_276_err": 177.0114754670076,
    "C_303": 59876.10198865426,
    "C_303_err": 212.60448583146967,
    "C_383": 23185.389048564484,
    "C_383_err": 112.0363293197519,
    "O_Ba133": 1.0058692787247112,
    "O_Ba133_err": 0.006631215321237109
}