{
    "C_79": 8404.305823700737,
    "C_79_err": 46.56375336279311,
    "C_81": 104340.2496602871,
    "C_81_err": 578.0933908059974,
    "C_356": 149399.51115084562,
    "C_356_err": 431.45803386078524,
    "C_161": 2974.679908657972,
    "C_161_err": 91.84842816766938,
    "C_223": 1797.618033552713,
    "C_223_err": 81.11834448016468,
    "C_276": 22212.439034946732,
    "C_276_err": 147.52932147998771,
    "C_303": 52641.5143693067,
    "C_303_err": 230.33363150924347,
    "C_383": 20320.077931700325,
    "C_383_err": 156.14286314952324,
    "O_Ba133": 0.7546514350381774,
    "O_Ba133_err": 0.004451911252240703
}