{
    "C_79": 17972.303711524575,
    "C_79_err": 103.90201857501698,
    "C_81": 223127.84607892353,
    "C_81_err": 1289.9533626860598,
    "C_356": 252604.22161686156,
    "C_356_err": 685.8637961281416,
    "C_161": 5075.250893347063,
    "C_161_err": 118.79113205452224,
    "C_223": 33.280240273035275,
    "C_223_err": 197031847.1865485,
    "C_276": 37487.13398757021,
    "C_276_err": 198.9065585866816,
    "C_303": 87837.27661346663,
    "C_303_err": 315.18986179676733,
    "C_383": 33859.40884863017,
    "C_383_err": 200.20903727629036,
    "O_Ba133": 0.9544581173157815,
    "O_Ba133_err": 0.005741315297849313
}