{
    "C_79": 18250.86438812816,
    "C_79_err": 116.8855599829682,
    "C_81": 226586.2031582625,
    "C_81_err": 1451.1452541281712,
    "C_356": 188810.8335528101,
    "C_356_err": 511.69160536925773,
    "C_161": 3945.8416727748777,
    "C_161_err": 103.4155195341858,
    "C_223": 2328.224965988969,
    "C_223_err": 97.92967987247778,
    "C_276": 27963.719448224678,
    "C_276_err": 212.83266356774666,
    "C_303": 66608.31975771875,
    "C_303_err": 286.30878727440245,
    "C_383": 25791.863714390893,
    "C_383_err": 187.93622694170494,
    "O_Ba133": 1.2967320939129805,
    "O_Ba133_err": 0.008473680811707863
}