{
    "C_79": 16475.26242388039,
    "C_79_err": 104.34009731969,
    "C_81": 204541.93726251632,
    "C_81_err": 1295.392151629359,
    "C_356": 183383.1410639213,
    "C_356_err": 447.6975282206929,
    "C_161": 3661.2988244795843,
    "C_161_err": 101.80654091857984,
    "C_223": 2223.79304031764,
    "C_223_err": 103.45979875013306,
    "C_276": 27166.696399987886,
    "C_276_err": 175.53770492408592,
    "C_303": 64721.206104267025,
    "C_303_err": 236.36810316350335,
    "C_383": 25078.55504417216,
    "C_383_err": 145.36586972203386,
    "O_Ba133": 1.2052209292748315,
    "O_Ba133_err": 0.007673273403428445
}