{
    "C_79": 13403.243606466525,
    "C_79_err": 81.44724084779457,
    "C_81": 166402.5338312213,
    "C_81_err": 1011.1751788273365,
    "C_356": 172408.6741219763,
    "C_356_err": 424.12233019953777,
    "C_161": 3414.7042461062756,
    "C_161_err": 104.54189602638856,
    "C_223": 2088.104688110726,
    "C_223_err": 89.52361043800107,
    "C_276": 25461.134194036025,
    "C_276_err": 153.39031757875696,
    "C_303": 60799.699483638266,
    "C_303_err": 248.39818098614535,
    "C_383": 23551.475942801975,
    "C_383_err": 161.25847878447794,
    "O_Ba133": 1.0429044730689025,
    "O_Ba133_err": 0.006418972411966528
}