{
    "C_79": 8865.707013323652,
    "C_79_err": 52.186013844379225,
    "C_81": 110068.58895786706,
    "C_81_err": 647.8942850868214,
    "C_356": 151896.87015125636,
    "C_356_err": 404.5640587515864,
    "C_161": 3079.052881433843,
    "C_161_err": 101.08376751648025,
    "C_223": 1913.3784576158828,
    "C_223_err": 80.76989443067707,
    "C_276": 22641.662149360065,
    "C_276_err": 180.19810464973676,
    "C_303": 53592.36755816033,
    "C_303_err": 245.34607133791812,
    "C_383": 20654.67139574684,
    "C_383_err": 139.26787678372997,
    "O_Ba133": 0.7829937236544633,
    "O_Ba133_err": 0.004760287920678418
}