{
    "C_79": 9825.195166408588,
    "C_79_err": 56.34746120452919,
    "C_81": 121980.72489616698,
    "C_81_err": 699.5590466524568,
    "C_356": 156795.14822836398,
    "C_356_err": 397.4983970111732,
    "C_161": 3118.1740702877146,
    "C_161_err": 100.58761067052434,
    "C_223": 2026.3827574176016,
    "C_223_err": 92.98222932217162,
    "C_276": 23284.991935984388,
    "C_276_err": 147.18953497191063,
    "C_303": 55316.11821284176,
    "C_303_err": 215.2081115964578,
    "C_383": 21348.709680296786,
    "C_383_err": 142.08620715258817,
    "O_Ba133": 0.8406249909634137,
    "O_Ba133_err": 0.004957493058683317
}