{
    "C_79": 14857.00273305452,
    "C_79_err": 98.52590122678438,
    "C_81": 184451.0905348982,
    "C_81_err": 1223.2083586268702,
    "C_356": 177851.78767559322,
    "C_356_err": 477.0961359590741,
    "C_161": 3632.39729716343,
    "C_161_err": 145.1925564017592,
    "C_223": 2228.303721372671,
    "C_223_err": 84.8234978187977,
    "C_276": 26360.033617438865,
    "C_276_err": 151.95925481386922,
    "C_303": 62705.68120914714,
    "C_303_err": 252.44859386978428,
    "C_383": 24339.14490700569,
    "C_383_err": 106.12803036474745,
    "O_Ba133": 1.120641495217897,
    "O_Ba133_err": 0.007526388116729416
}