{
    "C_79": 10345.27863054062,
    "C_79_err": 61.612525415636966,
    "C_81": 128437.61016784367,
    "C_81_err": 764.9253155375307,
    "C_356": 159352.78030267867,
    "C_356_err": 486.62597256792003,
    "C_161": 3232.3635501097338,
    "C_161_err": 105.90153571875449,
    "C_223": 1957.79258301359,
    "C_223_err": 70.83652102744371,
    "C_276": 23653.861602741294,
    "C_276_err": 171.8917417469343,
    "C_303": 56221.44682689105,
    "C_303_err": 219.89006279331778,
    "C_383": 21688.069030499046,
    "C_383_err": 208.1623938393823,
    "O_Ba133": 0.8709160174976338,
    "O_Ba133_err": 0.005501340465332737
}