{
    "C_79": 15657.132755434941,
    "C_79_err": 96.1544994058452,
    "C_81": 194384.78024672013,
    "C_81_err": 1193.7671813027573,
    "C_356": 180609.65260908435,
    "C_356_err": 433.06841461379696,
    "C_161": 3685.5107804631216,
    "C_161_err": 83.10464996800677,
    "C_223": 2208.4506501453575,
    "C_223_err": 94.08033051048147,
    "C_276": 26740.959207549662,
    "C_276_err": 148.91657874487734,
    "C_303": 63728.36474365857,
    "C_303_err": 266.14084820362626,
    "C_383": 24666.885384419376,
    "C_383_err": 161.4287069247071,
    "O_Ba133": 1.1629606168213755,
    "O_Ba133_err": 0.007193541621288438
}