{
    "C_79": 17079.79155484442,
    "C_79_err": 100.27287766450098,
    "C_81": 212047.22345447753,
    "C_81_err": 1244.89723591022,
    "C_356": 238666.78017252788,
    "C_356_err": 556.9783693373273,
    "C_161": 4788.149378765531,
    "C_161_err": 113.972882776718,
    "C_223": 46.209438169979265,
    "C_223_err": 114727668.67119364,
    "C_276": 35401.22427405346,
    "C_276_err": 188.85744955187135,
    "C_303": 83071.10751892588,
    "C_303_err": 310.83303450872796,
    "C_383": 32077.803067732748,
    "C_383_err": 206.76368612806294,
    "O_Ba133": 0.9600289359235088,
    "O_Ba133_err": 0.005692378793336411
}