{
    "C_79": 7198.5130441049505,
    "C_79_err": 42.209658136247775,
    "C_81": 89370.21854756513,
    "C_81_err": 524.0368878047366,
    "C_356": 142407.25857530176,
    "C_356_err": 354.2877627416127,
    "C_161": 2849.148320084346,
    "C_161_err": 49.6997524040042,
    "C_223": NaN,
    "C_223_err": NaN,
    "C_276": 21113.51278088213,
    "C_276_err": 143.95351541356382,
    "C_303": 50142.61692219623,
    "C_303_err": 213.38794402243963,
    "C_383": 19305.93283046022,
    "C_383_err": 148.7097147151415,
    "O_Ba133": 0.6781166392625044,
    "O_Ba133_err": 0.0040589739564175905
}