{
    "C_79": 9331.302106327961,
    "C_79_err": 54.063385196656064,
    "C_81": 115848.99596157791,
    "C_81_err": 671.2020275358432,
    "C_356": 154341.36552994294,
    "C_356_err": 426.6970681943171,
    "C_161": 3123.7112777004813,
    "C_161_err": 98.06977376507493,
    "C_223": 1907.722058233791,
    "C_223_err": 72.60872635692894,
    "C_276": 22903.12729101944,
    "C_276_err": 191.71072461230557,
    "C_303": 54440.98906126685,
    "C_303_err": 234.3105222892762,
    "C_383": 21029.401218624942,
    "C_383_err": 104.18081147516102,
    "O_Ba133": 0.8110612319522359,
    "O_Ba133_err": 0.004905378236648072
}