{
    "C_79": 6835.682858795221,
    "C_79_err": 41.57861549859071,
    "C_81": 84865.64756767945,
    "C_81_err": 516.2024339258996,
    "C_356": 140098.98452706882,
    "C_356_err": 387.05706616702616,
    "C_161": 2738.457501354807,
    "C_161_err": 100.66408579243354,
    "C_223": 1747.601790375175,
    "C_223_err": 79.72242067150276,
    "C_276": 20808.373445550522,
    "C_276_err": 145.83680262332658,
    "C_303": 49325.69894916064,
    "C_303_err": 278.15283355155077,
    "C_383": 18990.780229702796,
    "C_383_err": 125.02635936060123,
    "O_Ba133": 0.6545467173515227,
    "O_Ba133_err": 0.00411510963657842
}