{
    "C_79": 7988.3585259510455,
    "C_79_err": 44.58663129562615,
    "C_81": 99176.22471840866,
    "C_81_err": 553.5472338211699,
    "C_356": 147022.9630147671,
    "C_356_err": 429.6418312942572,
    "C_161": 2858.862574000778,
    "C_161_err": 98.25768757155815,
    "C_223": 1764.082513771971,
    "C_223_err": 79.33668996520032,
    "C_276": 21879.67765480915,
    "C_276_err": 171.08126048925604,
    "C_303": 51762.68805126711,
    "C_303_err": 225.92198065163703,
    "C_383": 19992.262933455528,
    "C_383_err": 139.87676564098973,
    "O_Ba133": 0.7288969086658661,
    "O_Ba133_err": 0.004336421833641434
}