{
    "C_79": 11452.704290258504,
    "C_79_err": 66.97417983501245,
    "C_81": 142186.40420736073,
    "C_81_err": 831.4907609705319,
    "C_356": 164526.5561068005,
    "C_356_err": 462.3278258134265,
    "C_161": 3355.8962652479627,
    "C_161_err": 98.84992158696559,
    "C_223": 2049.2768200851506,
    "C_223_err": 83.7249190690508,
    "C_276": 24426.8164218834,
    "C_276_err": 196.42005781761648,
    "C_303": 57964.55234863645,
    "C_303_err": 226.68929837968813,
    "C_383": 22446.422968725383,
    "C_383_err": 125.97311555593603,
    "O_Ba133": 0.9338255910364172,
    "O_Ba133_err": 0.005709017500930936
}