{
    "C_79": 19129.605898307553,
    "C_79_err": 123.23667625169522,
    "C_81": 237495.86190728282,
    "C_81_err": 1529.9949617663292,
    "C_356": 191067.1160876815,
    "C_356_err": 552.8066493591639,
    "C_161": 3901.9739081173466,
    "C_161_err": 117.48524191125286,
    "C_223": 2273.7247476789157,
    "C_223_err": 105.74714205597584,
    "C_276": 28244.74732394315,
    "C_276_err": 134.78052321917252,
    "C_303": 67421.29072467155,
    "C_303_err": 279.9166531041252,
    "C_383": 26113.38287766343,
    "C_383_err": 208.84532045476212,
    "O_Ba133": 1.3431168746369933,
    "O_Ba133_err": 0.008924071236079772
}