{
    "C_79": 17343.91674410833,
    "C_79_err": 111.75517324333524,
    "C_81": 215326.36259667185,
    "C_81_err": 1387.451018756879,
    "C_356": 186152.55382230316,
    "C_356_err": 510.14821056285103,
    "C_161": 3799.650880405286,
    "C_161_err": 105.61192455426308,
    "C_223": 2161.471782590996,
    "C_223_err": 93.55941036699514,
    "C_276": 27518.817217484564,
    "C_276_err": 164.9805545693893,
    "C_303": 65595.80521378154,
    "C_303_err": 204.44367294124052,
    "C_383": 25451.987693130377,
    "C_383_err": 145.72069386915564,
    "O_Ba133": 1.2498903429650594,
    "O_Ba133_err": 0.00822464725977279
}