{
    "C_79": 12081.662114265428,
    "C_79_err": 74.47825007087143,
    "C_81": 149994.9749280462,
    "C_81_err": 924.6545008798754,
    "C_356": 167160.7933511326,
    "C_356_err": 441.9702648879554,
    "C_161": 3373.0925213018522,
    "C_161_err": 108.61225523481352,
    "C_223": 2142.1400090802,
    "C_223_err": 79.6420365141864,
    "C_276": 24761.070501229773,
    "C_276_err": 157.43276063753342,
    "C_303": 58895.89478254753,
    "C_303_err": 264.1432674521849,
    "C_383": 22806.304479900547,
    "C_383_err": 152.49938754389638,
    "O_Ba133": 0.9695852346301004,
    "O_Ba133_err": 0.006112952035874196
}