{
    "cuspEmax_ctc": {
        "resolution": [
            0.15338951504513065,
            0.001618128530955348,
            9.138650523714739e-08
        ],
        "calibration": [
            0.05988629344510892,
            0.4553836743061465
        ]
    }
}