{
    "cuspEmax_ctc": {
        "resolution": [
            1.56359665235917e-15,
            0.001827388162156417
        ],
        "calibration": [
            0.0915791902549461,
            0.0
        ]
    }
}