{
    "cuspEmax_ctc": {
        "resolution": [
            0.2706150304365138,
            0.0011951245090796468,
            3.182729551548635e-06
        ],
        "calibration": [
            0.07271871495797325,
            1.3320234159774724
        ]
    }
}