{
    "cuspEmax_ctc": {
        "resolution": [
            0.27383490962272755,
            0.0016110883429689851,
            2.7733391199176196e-32
        ],
        "calibration": [
            0.07424072963505846,
            0.012884449309766444
        ]
    }
}