{
    "C_60": 6807171.514375064,
    "C_60_err": 0.08350915991907293,
    "C_99_103": 7722.216596948049,
    "C_99_103_err": 8.71143785883318e-06,
    "O_Am241": 881.5048670177645,
    "O_Am241_err": 1.0859769215114353e-05
}