{
    "C_60": 2253356.771497452,
    "C_60_err": 0.024447751847485044,
    "C_99_103": 5541.328807894922,
    "C_99_103_err": 5.46140679772442e-06,
    "O_Am241": 406.64556275509534,
    "O_Am241_err": 4.430059615004649e-06
}