{
    "C_60": 2016126.2913298262,
    "C_60_err": 0.022585186892889464,
    "C_99_103": 5343.613312721437,
    "C_99_103_err": 7.5827950142440086e-06,
    "O_Am241": 377.29644219016996,
    "O_Am241_err": 4.2603514688648524e-06
}