{
    "C_60": 6107115.9887622325,
    "C_60_err": 0.0724818619922063,
    "C_99_103": 7514.551836435172,
    "C_99_103_err": 9.742125817403455e-06,
    "O_Am241": 812.7052845854594,
    "O_Am241_err": 9.702908406023902e-06
}