{
    "C_60": 925799.209574814,
    "C_60_err": 0.009699425719132404,
    "C_99_103": 4285.354041273866,
    "C_99_103_err": 3.6821154926946955e-06,
    "O_Am241": 216.03797507932637,
    "O_Am241_err": 2.270988717734189e-06
}