{
    "C_60": 1444718.6060626328,
    "C_60_err": 0.01567337204736119,
    "C_99_103": 4848.4119743516885,
    "C_99_103_err": 6.405656748753163e-06,
    "O_Am241": 297.9776911915195,
    "O_Am241_err": 3.2565652671661355e-06
}