{
    "C_60": 1034420.9320780562,
    "C_60_err": 0.010661553194520335,
    "C_99_103": 4392.624450964369,
    "C_99_103_err": 5.3154258157614345e-06,
    "O_Am241": 235.49040980522622,
    "O_Am241_err": 2.4438197088445072e-06
}