{
    "C_60": 1291908.3654588377,
    "C_60_err": 0.013974693243140601,
    "C_99_103": 4680.507663205692,
    "C_99_103_err": 5.621138670231906e-06,
    "O_Am241": 276.01885488079864,
    "O_Am241_err": 3.004067150956934e-06
}