{
    "C_60": 1156122.0313728366,
    "C_60_err": 0.012173307842110459,
    "C_99_103": 4546.731476344155,
    "C_99_103_err": 4.386157821963501e-06,
    "O_Am241": 254.2754146331131,
    "O_Am241_err": 2.6885888172070872e-06
}