{
    "C_60": 4894230.862795061,
    "C_60_err": 0.05783027443975186,
    "C_99_103": 7026.441229291274,
    "C_99_103_err": 7.505115463064989e-06,
    "O_Am241": 696.5447661317337,
    "O_Am241_err": 8.263937909387357e-06
}