{
    "C_60": 1614255.559253194,
    "C_60_err": 0.017304662863159015,
    "C_99_103": 4997.6642247762975,
    "C_99_103_err": 8.935687834342714e-06,
    "O_Am241": 323.00200386620617,
    "O_Am241_err": 3.510381931871153e-06
}