{
    "C_60": 3921059.918122166,
    "C_60_err": 0.04493410727968827,
    "C_99_103": 6516.906622840707,
    "C_99_103_err": 6.146796004554648e-06,
    "O_Am241": 601.6750193073939,
    "O_Am241_err": 6.918320803384363e-06
}