{
    "C_60": 3510109.7321429034,
    "C_60_err": 0.040133901571115516,
    "C_99_103": 6290.358403063848,
    "C_99_103_err": 1.3190258643278833e-05,
    "O_Am241": 558.0142667917352,
    "O_Am241_err": 6.4866328589962686e-06
}