{
    "C_60": 2812953.1164268474,
    "C_60_err": 0.031680850508819525,
    "C_99_103": 5891.594888810038,
    "C_99_103_err": 4.370794059328342e-06,
    "O_Am241": 477.4518902800863,
    "O_Am241_err": 5.3889494750108795e-06
}