{
    "C_60": 828328.3609156744,
    "C_60_err": 0.008832618348146859,
    "C_99_103": 4137.281922390603,
    "C_99_103_err": 3.932528998549828e-06,
    "O_Am241": 200.2107607008444,
    "O_Am241_err": 2.1433492725231812e-06
}