{
    "C_60": 740572.8839752674,
    "C_60_err": 0.007630648836768894,
    "C_99_103": 4004.6073327198496,
    "C_99_103_err": 4.701708832513703e-06,
    "O_Am241": 184.93021223938203,
    "O_Am241_err": 1.917797707607127e-06
}