{
    "C_60": 1788679.3386268297,
    "C_60_err": 0.00012925529334406605,
    "C_99_103": 4262.275092947654,
    "C_99_103_err": 2.904807746628925e-05,
    "O_Am241": 419.6536590485143,
    "O_Am241_err": 2.860166689504183e-06
}