{
    "C_60": 1693714.1566038148,
    "C_60_err": 0.0013940845710527956,
    "C_99_103": 4452.9238486419,
    "C_99_103_err": 4.783393000637248e-06,
    "O_Am241": 380.36000932744037,
    "O_Am241_err": 5.147407992418039e-07
}