{
    "C_60": 5466634.3225380005,
    "C_60_err": 0.06662770063853962,
    "C_99_103": 7254.087954983299,
    "C_99_103_err": 1.1529579562906053e-05,
    "O_Am241": 753.5936090742625,
    "O_Am241_err": 9.262616401838394e-06
}