{
    "C_60": 4379196.744770792,
    "C_60_err": 0.052399745394779984,
    "C_99_103": 6784.9341747563785,
    "C_99_103_err": 7.01697160564391e-06,
    "O_Am241": 645.4295107333201,
    "O_Am241_err": 7.751748372116145e-06
}