{
    "C_60": 1804614.7431484791,
    "C_60_err": 0.01936940131413767,
    "C_99_103": 5185.71818519315,
    "C_99_103_err": 5.423363939112847e-06,
    "O_Am241": 347.99707170767965,
    "O_Am241_err": 3.752832577576683e-06
}