{
    "C_60": 3142914.856572367,
    "C_60_err": 0.03553767856742551,
    "C_99_103": 6071.536814501093,
    "C_99_103_err": 7.473041637555411e-06,
    "O_Am241": 517.6473358550531,
    "O_Am241_err": 5.8877355190784015e-06
}