{
    "C_60": 2517817.470716945,
    "C_60_err": 0.028037416950283944,
    "C_99_103": 5694.085837123121,
    "C_99_103_err": 8.89697626418667e-06,
    "O_Am241": 442.18115826456295,
    "O_Am241_err": 4.972190039558663e-06
}