{
    "C_60": 3358391.279465927,
    "C_60_err": 0.0009721435722531702,
    "C_99_103": 7279.260764576307,
    "C_99_103_err": 5.746770401465328e-07,
    "O_Am241": 461.3643319125419,
    "O_Am241_err": 1.384276154034915e-07
}