{
    "C_60": 700648.8196743303,
    "C_60_err": 0.00021256757294734613,
    "C_99_103": 4856.32893752753,
    "C_99_103_err": 4.358346786736359e-07,
    "O_Am241": 144.2754040526437,
    "O_Am241_err": 4.564619703959252e-08
}