{
    "C_60": 1618552.8598312922,
    "C_60_err": 0.0004729927292487779,
    "C_99_103": 6077.540187772444,
    "C_99_103_err": 6.771918313814348e-07,
    "O_Am241": 266.317097020222,
    "O_Am241_err": 8.32917383512128e-08
}