{
    "C_60": 2213665.8466738383,
    "C_60_err": 0.0006465054712147256,
    "C_99_103": 6559.950875763767,
    "C_99_103_err": 8.46960747557992e-07,
    "O_Am241": 337.4515889825324,
    "O_Am241_err": 1.077543539151241e-07
}