{
    "C_60": 1312281.978544477,
    "C_60_err": 0.0003819121930100783,
    "C_99_103": 5726.109798304826,
    "C_99_103_err": 5.642170384059005e-07,
    "O_Am241": 229.17513368901322,
    "O_Am241_err": 7.041567089157761e-08
}