{
    "C_60": 3025378.573705178,
    "C_60_err": 0.0008699319172550402,
    "C_99_103": 7119.073686538122,
    "C_99_103_err": 1.0827175102182465e-06,
    "O_Am241": 424.9680094512922,
    "O_Am241_err": 1.3823709018154053e-07
}