{
    "C_60": 630554.5065482162,
    "C_60_err": 0.0001836042207680605,
    "C_99_103": 4758.60043052768,
    "C_99_103_err": 3.7113884939171497e-07,
    "O_Am241": 132.5083952212172,
    "O_Am241_err": 3.9943787561251924e-08
}