{
    "C_60": 640845.5124690549,
    "C_60_err": 4.607997742669956e-05,
    "C_99_103": 33235.9074663666,
    "C_99_103_err": 0.00020999941959855473,
    "O_Am241": 19.281721527163494,
    "O_Am241_err": 1.218384821875458e-07
}