{
    "C_60": 2456702.0548186502,
    "C_60_err": 0.0007124641396742681,
    "C_99_103": 6731.239601380912,
    "C_99_103_err": 5.761146969825593e-07,
    "O_Am241": 364.9702284130041,
    "O_Am241_err": 1.103576012270149e-07
}