{
    "C_60": 1181695.887787483,
    "C_60_err": 0.00034741304596644373,
    "C_99_103": 5557.892844730789,
    "C_99_103_err": 6.568544854996389e-07,
    "O_Am241": 212.61580976822907,
    "O_Am241_err": 6.736959962347811e-08
}