{
    "C_60": 4132820.4282803936,
    "C_60_err": 0.0011920986249727705,
    "C_99_103": 7716.539736827731,
    "C_99_103_err": 6.112504491082547e-07,
    "O_Am241": 535.5794914858296,
    "O_Am241_err": 1.6020563234093072e-07
}