{
    "trapEmax": {
        "resolution": [
            0.2881528412954938,
            4.597913509636347e-18,
            7.4820138119447195e-06
        ],
        "calibration": [
            0.09465924554259796,
            -1.4195992036575764
        ]
    }
}