{
    "trapEmax": {
        "resolution": [
            0.459055345217517,
            4.221662747667103e-13,
            1.9629457483258187e-05
        ],
        "calibration": [
            0.1253067698068152,
            -37.003581456689425
        ]
    }
}