{
    "cuspEmax_ctc": {
        "resolution": [
            0.2044627036778226,
            1.2191438824623721e-17,
            9.615134270352253e-06
        ],
        "calibration": [
            0.09122569787856386,
            0.5900126580336953
        ]
    }
}