{
    "cuspEmax_ctc": {
        "resolution": [
            0.054878495933057374,
            1.1673710724108868e-10,
            4.4900561849923e-05
        ],
        "calibration": [
            0.13836869061458498,
            13.553725732346358
        ]
    }
}