{
    "trapEmax": {
        "resolution": [
            0.24330896740440675,
            2.239145855930258e-14,
            1.0368222188951617e-05
        ],
        "calibration": [
            0.09155928554324615,
            0.7093171558792866
        ]
    }
}