{
    "cuspEmax_ctc": {
        "resolution": [
            0.30344827309243144,
            0.002026848805298371,
            2.114004923589323e-22
        ],
        "calibration": [
            0.06202786152302385,
            0.11752835761426995
        ]
    }
}