{
    "cuspEmax_ctc": {
        "resolution": [
            0.42414589877824166,
            1.3861646133043573e-17,
            5.8442440191560095e-06
        ],
        "calibration": [
            0.061916163917506865,
            0.35865332228519536
        ]
    }
}