{
    "C_79": 41163.65707478611,
    "C_79_err": 62.759262527274956,
    "C_81": 511050.68594734394,
    "C_81_err": 779.1621649612626,
    "C_356": 821421.1533297328,
    "C_356_err": 1645.9112570468262,
    "C_161": 12988.486892534884,
    "C_161_err": 221.5012057583518,
    "C_223": 8102.946938453127,
    "C_223_err": 223.7942530407912,
    "C_276": 111571.38847881762,
    "C_276_err": 375.56781522064034,
    "C_303": 275150.1818323402,
    "C_303_err": 500.8550090888328,
    "C_383": 116995.14642693322,
    "C_383_err": 267.70818036852063,
    "O_Ba133": 0.6722670103924894,
    "O_Ba133_err": 0.0016492798228462796
}