{
    "C_79": 66101.37109839918,
    "C_79_err": 91.26268688922887,
    "C_81": 820654.7581650309,
    "C_81_err": 1133.034867417219,
    "C_356": 874154.3428893434,
    "C_356_err": 2147.0552395674495,
    "C_161": 15334.960413672921,
    "C_161_err": 307.8231004757564,
    "C_223": 8930.748500033382,
    "C_223_err": 198.36929328360472,
    "C_276": 119213.64964236537,
    "C_276_err": 355.79075659953816,
    "C_303": 293591.85582835844,
    "C_303_err": 625.817041878825,
    "C_383": 125976.81945128033,
    "C_383_err": 761.2257516564495,
    "O_Ba133": 1.0144159741086842,
    "O_Ba133_err": 0.0028104750293802675
}