{
    "C_79": 16774.83603683355,
    "C_79_err": 43.825409402274396,
    "C_81": 208261.17192898662,
    "C_81_err": 544.0965922018217,
    "C_356": 656453.4690150357,
    "C_356_err": 995.8860563652397,
    "C_161": 9294.38766470366,
    "C_161_err": 260.6456356825588,
    "C_223": 6748.224749383503,
    "C_223_err": 194.48678669056153,
    "C_276": 88902.38645779621,
    "C_276_err": 279.1372441621404,
    "C_303": 219297.45285420702,
    "C_303_err": 498.6756966035382,
    "C_383": 92183.3403797132,
    "C_383_err": 345.6985892973086,
    "O_Ba133": 0.34280572590083436,
    "O_Ba133_err": 0.0009807649322809678
}