{
    "C_79": 60692.40091322071,
    "C_79_err": 91.24971174484938,
    "C_81": 753501.8830358473,
    "C_81_err": 1132.8737797756773,
    "C_356": 900105.387242911,
    "C_356_err": 2081.387869243132,
    "C_161": 14903.562272639958,
    "C_161_err": 284.21085447775664,
    "C_223": 9226.588168898159,
    "C_223_err": 196.07492957733066,
    "C_276": 122138.81215217867,
    "C_276_err": 363.56669107936864,
    "C_303": 301829.3279203668,
    "C_303_err": 600.7493210275013,
    "C_383": 129532.98771604411,
    "C_383_err": 497.5190077440048,
    "O_Ba133": 0.9045543949503568,
    "O_Ba133_err": 0.002443248148794948
}