{
    "C_79": 74338.38547634786,
    "C_79_err": 106.74330039682796,
    "C_81": 922918.0687440912,
    "C_81_err": 1325.2281445492981,
    "C_356": 890349.9610677963,
    "C_356_err": 2264.005177593961,
    "C_161": 16023.806148379472,
    "C_161_err": 217.3972320718155,
    "C_223": 9024.448587170224,
    "C_223_err": 190.71985091306624,
    "C_276": 121111.17633870158,
    "C_276_err": 366.40010378138413,
    "C_303": 298507.6462442152,
    "C_303_err": 492.8883616103664,
    "C_383": 128793.49807134958,
    "C_383_err": 2074.659454285289,
    "O_Ba133": 1.120072440980881,
    "O_Ba133_err": 0.0032158619569453714
}