{
    "C_79": 75123.28672879985,
    "C_79_err": 115.19802713387347,
    "C_81": 932662.6918405867,
    "C_81_err": 1430.194374605448,
    "C_356": 902285.4609485117,
    "C_356_err": 2417.6600624245443,
    "C_161": 16200.101565390829,
    "C_161_err": 283.00872375882574,
    "C_223": 9224.365413877686,
    "C_223_err": 179.16810552423942,
    "C_276": 122780.40721741597,
    "C_276_err": 356.4713827206205,
    "C_303": 302479.8413487375,
    "C_303_err": 572.6354500540872,
    "C_383": 130646.30661621313,
    "C_383_err": 2082.7256541763027,
    "O_Ba133": 1.1169258756646363,
    "O_Ba133_err": 0.003389033026255398
}