{
    "C_79": 77425.64644343253,
    "C_79_err": 153.48808831329112,
    "C_81": 961246.7049014786,
    "C_81_err": 1905.5690964178407,
    "C_356": 940847.7112826406,
    "C_356_err": 2618.577849723486,
    "C_161": 16212.590963278992,
    "C_161_err": 230.04282021978676,
    "C_223": 9633.502657848607,
    "C_223_err": 194.0028790658276,
    "C_276": 127487.25780188106,
    "C_276_err": 332.5011517923443,
    "C_303": 314446.055744055,
    "C_303_err": 546.8577206235288,
    "C_383": 136694.38405644748,
    "C_383_err": 2204.852020940582,
    "O_Ba133": 1.103974999236495,
    "O_Ba133_err": 0.00368369377304987
}