{
    "C_79": 68943.14119012629,
    "C_79_err": 119.95677369127009,
    "C_81": 855935.6019453562,
    "C_81_err": 1489.2746620538815,
    "C_356": 925707.0411401007,
    "C_356_err": 2477.8944287672334,
    "C_161": 15756.29505019988,
    "C_161_err": 187.98053231420897,
    "C_223": 9436.3409432062,
    "C_223_err": 214.8436723889328,
    "C_276": 125580.09787597055,
    "C_276_err": 396.2736202308458,
    "C_303": 309940.9429724808,
    "C_303_err": 545.3360178880212,
    "C_383": 133703.91038404824,
    "C_383_err": 742.5422528653357,
    "O_Ba133": 0.9991052266345538,
    "O_Ba133_err": 0.003123658212446415
}