{
    "C_79": 77435.9341051507,
    "C_79_err": 154.0445380691856,
    "C_81": 961374.4271922813,
    "C_81_err": 1912.4774726325306,
    "C_356": 940818.7307514666,
    "C_356_err": 2686.9144302143345,
    "C_161": 16740.833524099333,
    "C_161_err": 214.2501937087563,
    "C_223": 9405.685582420252,
    "C_223_err": 149.04733782999068,
    "C_276": 127601.0159868384,
    "C_276_err": 365.16426497591146,
    "C_303": 314494.0209200463,
    "C_303_err": 549.6567551362087,
    "C_383": 136605.01046239908,
    "C_383_err": 2246.4985779918325,
    "O_Ba133": 1.1041556968872166,
    "O_Ba133_err": 0.003755382185226229
}