{
    "C_79": 53347.55966047327,
    "C_79_err": 67.43819192319599,
    "C_81": 662314.9859734359,
    "C_81_err": 837.2515148200558,
    "C_356": 873479.2422386657,
    "C_356_err": 1926.5267772832829,
    "C_161": 14285.376468870001,
    "C_161_err": 223.35274935122587,
    "C_223": 9020.714539810282,
    "C_223_err": 205.2875584456321,
    "C_276": 118547.68777763205,
    "C_276_err": 404.1035135939888,
    "C_303": 293047.5783358142,
    "C_303_err": 663.0326539601784,
    "C_383": 125282.4124533116,
    "C_383_err": 344.7688607092351,
    "O_Ba133": 0.8193240446100546,
    "O_Ba133_err": 0.0020470174656997075
}