{
    "C_79": 16184.17787350617,
    "C_79_err": 74.44445586382656,
    "C_81": 200928.0951088094,
    "C_81_err": 924.2349426112808,
    "C_356": 290334.2773647293,
    "C_356_err": 1374.4589041858762,
    "C_161": 4840.867762674215,
    "C_161_err": 182.39024885391206,
    "C_223": 2966.4843847117004,
    "C_223_err": 101.11068747171458,
    "C_276": 39006.48344726976,
    "C_276_err": 217.06325546089278,
    "C_303": 94545.23190624506,
    "C_303_err": 411.0911135221252,
    "C_383": 40660.57801845749,
    "C_383_err": 244.83779468834442,
    "O_Ba133": 0.7478010345625522,
    "O_Ba133_err": 0.004767807226996995
}