{
    "C_79": 36165.131421469036,
    "C_79_err": 57.168058391196084,
    "C_81": 448993.5184024057,
    "C_81_err": 709.7468381397551,
    "C_356": 796076.6656979006,
    "C_356_err": 1329.870816846633,
    "C_161": 12369.879264881003,
    "C_161_err": 245.18646358354275,
    "C_223": 7901.996470374845,
    "C_223_err": 205.88776260682542,
    "C_276": 108082.81774915758,
    "C_276_err": 388.99451338828624,
    "C_303": 266508.5782536063,
    "C_303_err": 507.38212234084904,
    "C_383": 113052.71938683308,
    "C_383_err": 412.86121188449073,
    "O_Ba133": 0.6094370941001621,
    "O_Ba133_err": 0.0013551838023671105
}