{
    "C_79": 76659.9990741139,
    "C_79_err": 149.1434114132495,
    "C_81": 951741.1205804925,
    "C_81_err": 1851.629522828645,
    "C_356": 926714.5752355885,
    "C_356_err": 2613.0878993886913,
    "C_161": 16181.735727553623,
    "C_161_err": 172.6788820308892,
    "C_223": 9319.292116731343,
    "C_223_err": 218.1602858007868,
    "C_276": 125834.03535345756,
    "C_276_err": 243.38218160837465,
    "C_303": 310178.7338166182,
    "C_303_err": 509.32451668704834,
    "C_383": 134399.11002541718,
    "C_383_err": 2126.4842226010364,
    "O_Ba133": 1.1097280081012726,
    "O_Ba133_err": 0.003716131737936027
}