{
    "C_79": 47353.99427190545,
    "C_79_err": 68.57716529852321,
    "C_81": 587904.3062436465,
    "C_81_err": 851.3919767250618,
    "C_356": 849500.9829583392,
    "C_356_err": 1774.4007875674931,
    "C_161": 13985.700512026475,
    "C_161_err": 262.98094773889994,
    "C_223": 8850.515190110867,
    "C_223_err": 229.72409394566327,
    "C_276": 115338.42249203454,
    "C_276_err": 397.800553683431,
    "C_303": 284857.2663551383,
    "C_303_err": 618.9066604828724,
    "C_383": 121281.30148775718,
    "C_383_err": 323.2003735812548,
    "O_Ba133": 0.7478017250825313,
    "O_Ba133_err": 0.0018576173156448056
}