{
    "C_79": 46859.509496342915,
    "C_79_err": 64.23863479860074,
    "C_81": 581765.2311055397,
    "C_81_err": 797.5287112731942,
    "C_356": 847489.9752144396,
    "C_356_err": 1670.4697391461702,
    "C_161": 13838.84669630757,
    "C_161_err": 260.33571538101904,
    "C_223": 8516.527095914134,
    "C_223_err": 193.80956934573385,
    "C_276": 114946.93749132268,
    "C_276_err": 336.34707692207485,
    "C_303": 283954.8432041888,
    "C_303_err": 562.4498592046049,
    "C_383": 120927.52634704442,
    "C_383_err": 387.6471276823811,
    "O_Ba133": 0.7417488807968758,
    "O_Ba133_err": 0.0017403718802054364
}