{
    "C_79": 26764.46970922411,
    "C_79_err": 58.171203189008466,
    "C_81": 332283.41638999124,
    "C_81_err": 722.2009754408977,
    "C_356": 702271.1967891473,
    "C_356_err": 1034.6223548953872,
    "C_161": 10423.503036075614,
    "C_161_err": 165.24528584399354,
    "C_223": 7147.582992092319,
    "C_223_err": 176.80966417667884,
    "C_276": 95713.35860897024,
    "C_276_err": 309.5168032097725,
    "C_303": 235482.62136317283,
    "C_303_err": 529.7719614606307,
    "C_383": 99107.42095657207,
    "C_383_err": 344.38431750844916,
    "O_Ba133": 0.5112667125475421,
    "O_Ba133_err": 0.0012774083522529961
}