{
    "C_79": 75909.51514559798,
    "C_79_err": 134.43867655043343,
    "C_81": 942423.7918076144,
    "C_81_err": 1669.0688522676453,
    "C_356": 914507.5594316781,
    "C_356_err": 2458.0184739826927,
    "C_161": 16140.222301869582,
    "C_161_err": 243.20495875833623,
    "C_223": 9338.433310346285,
    "C_223_err": 167.88941977092747,
    "C_276": 124238.36378501702,
    "C_276_err": 331.4605123462824,
    "C_303": 306299.74353574973,
    "C_303_err": 593.3243846987009,
    "C_383": 132549.8074889856,
    "C_383_err": 2134.444285647481,
    "O_Ba133": 1.1135318636251152,
    "O_Ba133_err": 0.003508617615184593
}