{
    "C_79": 58170.00112598166,
    "C_79_err": 80.44867592161951,
    "C_81": 722186.051715002,
    "C_81_err": 998.7779010646348,
    "C_356": 849253.3874207645,
    "C_356_err": 1905.2157146461527,
    "C_161": 14229.740425300943,
    "C_161_err": 229.700499163468,
    "C_223": 8494.46078469355,
    "C_223_err": 205.94327211727503,
    "C_276": 115861.586275213,
    "C_276_err": 328.3891011684083,
    "C_303": 285517.0993716805,
    "C_303_err": 584.3019574496911,
    "C_383": 121951.57248419593,
    "C_383_err": 430.89866306781676,
    "O_Ba133": 0.9188730529659395,
    "O_Ba133_err": 0.002375179262183297
}