{
    "cuspEmax_ctc": {
        "resolution": [
            0.6812900384839922,
            2.8862124305168644e-16,
            4.460738214454284e-05
        ],
        "calibration": [
            0.16611341118049736,
            -44.15925419739137
        ]
    }
}