{
    "C_60": 1312126.261372925,
    "C_60_err": 0.016389134941225958,
    "C_99_103": 5751.231474700918,
    "C_99_103_err": 2.685367162941066e-05,
    "O_Am241": 228.1470094091735,
    "O_Am241_err": 3.0422740338764104e-06
}