{
    "C_60": 2456910.7469500843,
    "C_60_err": 0.03024342699581184,
    "C_99_103": 6726.684200360393,
    "C_99_103_err": 3.072372457147644e-05,
    "O_Am241": 365.2484156783295,
    "O_Am241_err": 4.795562022654771e-06
}