{
    "C_60": 567648.7592306392,
    "C_60_err": 0.007012692217215483,
    "C_99_103": 4588.575016616262,
    "C_99_103_err": 2.263100114641258e-05,
    "O_Am241": 123.70915963562881,
    "O_Am241_err": 1.6455852467717362e-06
}