{
    "C_60": 3729058.8511208077,
    "C_60_err": 0.045473664902652144,
    "C_99_103": 7479.0321411571995,
    "C_99_103_err": 3.9740605075129434e-05,
    "O_Am241": 498.60179509053773,
    "O_Am241_err": 6.6323027682574284e-06
}