{
    "C_60": 700369.1109238908,
    "C_60_err": 0.008849328999295525,
    "C_99_103": 4853.667713063732,
    "C_99_103_err": 2.6147193397988246e-05,
    "O_Am241": 144.29688069474454,
    "O_Am241_err": 1.9820217142198826e-06
}