{
    "C_60": 1181993.6248902709,
    "C_60_err": 0.014891732138604952,
    "C_99_103": 5584.111513389924,
    "C_99_103_err": 2.8106743876138105e-05,
    "O_Am241": 211.67084898931805,
    "O_Am241_err": 2.871749824888379e-06
}