{
    "C_60": 1159425.5709268148,
    "C_60_err": 1646.8824407051604,
    "C_99_103": 41240.98111900438,
    "C_99_103_err": 395.90906837947307,
    "O_Am241": 28.113433276022054,
    "O_Am241_err": 0.2728243142655501
}