{
    "C_60": 4583106.548445831,
    "C_60_err": 0.056290061214692155,
    "C_99_103": 7928.617934446331,
    "C_99_103_err": 3.997182697919111e-05,
    "O_Am241": 578.0460839882654,
    "O_Am241_err": 7.67443470435782e-06
}