{
    "C_60": 3026661.3019095673,
    "C_60_err": 0.03705006428175339,
    "C_99_103": 7138.815520987985,
    "C_99_103_err": 2.777413562901817e-05,
    "O_Am241": 423.97247736844287,
    "O_Am241_err": 5.44576738482007e-06
}