{
    "C_60": 1993272.2734612997,
    "C_60_err": 0.024808002384602013,
    "C_99_103": 6424.328690449493,
    "C_99_103_err": 3.080043874716813e-05,
    "O_Am241": 310.2693478969296,
    "O_Am241_err": 4.138176005017234e-06
}