{
    "C_60": 1618210.2295582276,
    "C_60_err": 0.02034819700854007,
    "C_99_103": 6111.6132669164035,
    "C_99_103_err": 3.036498753810976e-05,
    "O_Am241": 264.7762806455669,
    "O_Am241_err": 3.5799018353731987e-06
}