{
    "C_60": 2213813.636202071,
    "C_60_err": 0.027676916169501187,
    "C_99_103": 6615.4339152183275,
    "C_99_103_err": 3.066976928602571e-05,
    "O_Am241": 334.64375346707834,
    "O_Am241_err": 4.462086541357077e-06
}