{
    "C_60": 1795568.4429251514,
    "C_60_err": 0.022831617251876102,
    "C_99_103": 6290.305621028234,
    "C_99_103_err": 3.177054262335278e-05,
    "O_Am241": 285.4501118232856,
    "O_Am241_err": 3.905502203314636e-06
}