{
    "C_60": 3358204.7932401057,
    "C_60_err": 0.041662462294049796,
    "C_99_103": 7290.764018056769,
    "C_99_103_err": 3.359210126347441e-05,
    "O_Am241": 460.6108200626111,
    "O_Am241_err": 6.095780251264674e-06
}