{
    "C_60": 777240.9397831671,
    "C_60_err": 0.009717933836743686,
    "C_99_103": 5011.099355096687,
    "C_99_103_err": 2.950153910178924e-05,
    "O_Am241": 155.10387735430774,
    "O_Am241_err": 2.1435080788067508e-06
}