{
    "C_60": 2727799.8561153095,
    "C_60_err": 0.033287002252452846,
    "C_99_103": 6920.008266288515,
    "C_99_103_err": 3.181071144347324e-05,
    "O_Am241": 394.1902597723833,
    "O_Am241_err": 5.140244444218539e-06
}