{
    "C_60": 862870.1788738751,
    "C_60_err": 0.010768630084048436,
    "C_99_103": 5149.156433477961,
    "C_99_103_err": 2.0488697057936695e-05,
    "O_Am241": 167.57505622936677,
    "O_Am241_err": 2.1950634306258867e-06
}