{
    "C_60": 1159425.5709268148,
    "C_60_err": 0.009982624772082033,
    "C_99_103": 41240.98111900437,
    "C_99_103_err": 0.0002376749292196192,
    "O_Am241": 28.113433276022057,
    "O_Am241_err": 2.912756753740312e-07
}