{
    "C_60": 630676.8173224281,
    "C_60_err": 0.007762926219989086,
    "C_99_103": 4759.404309189483,
    "C_99_103_err": 2.670450564692423e-05,
    "O_Am241": 132.51171288489067,
    "O_Am241_err": 1.7925395688232001e-06
}