{
    "C_60": 4135818.295447595,
    "C_60_err": 0.05066558498375451,
    "C_99_103": 7750.012953661682,
    "C_99_103_err": 3.757175914300375e-05,
    "O_Am241": 533.6530816369186,
    "O_Am241_err": 7.030784701837631e-06
}