{
    "C_60": 1064716.1882342328,
    "C_60_err": 0.01300906074704511,
    "C_99_103": 5449.054706572956,
    "C_99_103_err": 2.5316738403808733e-05,
    "O_Am241": 195.39465936172604,
    "O_Am241_err": 2.554173683665729e-06
}