{
    "C_60": 1457475.722544423,
    "C_60_err": 0.017921145992014498,
    "C_99_103": 5864.232384919203,
    "C_99_103_err": 2.746757775323527e-05,
    "O_Am241": 248.53648813313598,
    "O_Am241_err": 3.2702255818839606e-06
}