{
    "C_60": 958377.615935127,
    "C_60_err": 0.01200638264099968,
    "C_99_103": 5297.017540638171,
    "C_99_103_err": 1.8136926231654045e-05,
    "O_Am241": 180.92777843051357,
    "O_Am241_err": 2.349763466201824e-06
}