{
    "trapEmax": {
        "resolution": [
            0.241307365364688,
            2.760643360378593e-20,
            8.993437659667152e-06
        ],
        "calibration": [
            0.05932413946615824,
            0.12880428912195893
        ]
    }
}