{
    "trapEmax": {
        "resolution": [
            0.27760054969251013,
            3.842098705371275e-21,
            7.270705380239671e-06
        ],
        "calibration": [
            0.06701005820215679,
            -0.2599298231625189
        ]
    }
}