{
    "trapEmax": {
        "resolution": [
            0.23129243237154035,
            1.8434457612804597e-16,
            9.158722048669679e-06
        ],
        "calibration": [
            0.058330096217379966,
            1.1807141488280337
        ]
    }
}