{
    "C_60": 632203.0748262479,
    "C_60_err": 6.698874676907152e-06,
    "C_99_103": 4699.643437097564,
    "C_99_103_err": 7.932607469794625e-06,
    "O_Am241": 134.52149791531588,
    "O_Am241_err": 2.270655805576521e-07
}