{
    "C_60": 2732027.355480766,
    "C_60_err": 2.973382715085182e-05,
    "C_99_103": 6961.419425947199,
    "C_99_103_err": 1.701711495965991e-05,
    "O_Am241": 392.452629028172,
    "O_Am241_err": 9.593557414595776e-07
}