{
    "C_60": 1997654.127973799,
    "C_60_err": 2.199136056923144e-05,
    "C_99_103": 6447.723582217334,
    "C_99_103_err": 8.894566933857634e-06,
    "O_Am241": 309.8231651064076,
    "O_Am241_err": 4.274114097501113e-07
}