{
    "C_60": 2460304.5432777563,
    "C_60_err": 2.6139211157707315e-05,
    "C_99_103": 6772.901538502926,
    "C_99_103_err": 1.70381475889012e-05,
    "O_Am241": 363.2570958386587,
    "O_Am241_err": 9.138303832655704e-07
}