{
    "C_60": 1799423.8688274415,
    "C_60_err": 1.9021956666207332e-05,
    "C_99_103": 6273.488539932588,
    "C_99_103_err": 1.8363173017779655e-05,
    "O_Am241": 286.8298646556191,
    "O_Am241_err": 8.395872163053939e-07
}