{
    "C_60": 4616609.506711862,
    "C_60_err": 6.140403878465359e-05,
    "C_99_103": 7959.277477928479,
    "C_99_103_err": 1.0219321124481219e-05,
    "O_Am241": 580.0287173696329,
    "O_Am241_err": 7.447683260049455e-07
}