{
    "C_60": 1184460.252885345,
    "C_60_err": 1.2090433604045221e-05,
    "C_99_103": 5598.789743162824,
    "C_99_103_err": 2.2974608435747525e-05,
    "O_Am241": 211.55648045754776,
    "O_Am241_err": 8.681237483683317e-07
}