{
    "C_60": 2231958.2612513574,
    "C_60_err": 3.0163668304859087e-05,
    "C_99_103": 6610.610930007879,
    "C_99_103_err": 1.7670101290296224e-05,
    "O_Am241": 337.6326764474546,
    "O_Am241_err": 9.025005263579024e-07
}