{
    "C_60": 3364930.3251436283,
    "C_60_err": 3.626464712644731e-05,
    "C_99_103": 7309.23974609389,
    "C_99_103_err": 9.117018795806655e-06,
    "O_Am241": 460.3666649382887,
    "O_Am241_err": 5.742496276014944e-07
}