{
    "C_60": 779149.8475389032,
    "C_60_err": 8.151793534656032e-06,
    "C_99_103": 5052.28882134534,
    "C_99_103_err": 3.25383746462671e-06,
    "O_Am241": 154.21720235927222,
    "O_Am241_err": 9.933397273528973e-08
}