{
    "C_60": 3049423.6296769637,
    "C_60_err": 4.030328135784522e-05,
    "C_99_103": 7173.88635300214,
    "C_99_103_err": 1.5379946841335544e-05,
    "O_Am241": 425.0727541008279,
    "O_Am241_err": 9.113220185926523e-07
}