{
    "C_60": 1460563.872556754,
    "C_60_err": 1.5226693047092066e-05,
    "C_99_103": 5885.878958665218,
    "C_99_103_err": 1.8638640043833133e-05,
    "O_Am241": 248.14711325425833,
    "O_Am241_err": 7.858044344269242e-07
}