{
    "C_60": 1632931.2394333922,
    "C_60_err": 2.197260558931425e-05,
    "C_99_103": 6128.215068334919,
    "C_99_103_err": 2.0908100157511784e-05,
    "O_Am241": 266.46115079591544,
    "O_Am241_err": 9.09112962947869e-07
}