{
    "C_60": 2832845.044859727,
    "C_60_err": 0.04077402622821864,
    "C_99_103": 111578.19014246548,
    "C_99_103_err": 2.6722012851751638e-05,
    "O_Am241": 25.388877891303743,
    "O_Am241_err": 3.6548065627535433e-07
}