{
    "C_60": 569461.1154779637,
    "C_60_err": 5.992635944195111e-06,
    "C_99_103": 4574.699135383507,
    "C_99_103_err": 1.0605381055903056e-05,
    "O_Am241": 124.48056115284278,
    "O_Am241_err": 2.885823410814023e-07
}