{
    "C_60": 4165593.9837269825,
    "C_60_err": 5.5875963459912914e-05,
    "C_99_103": 7756.125412534581,
    "C_99_103_err": 2.6673193243660284e-06,
    "O_Am241": 537.0715095703605,
    "O_Am241_err": 1.8483849095223148e-07
}