{
    "C_60": 702028.6539242768,
    "C_60_err": 7.643111351539854e-06,
    "C_99_103": 4842.547250167279,
    "C_99_103_err": 5.5273040935584225e-06,
    "O_Am241": 144.97094559067568,
    "O_Am241_err": 1.6547798304035444e-07
}