{
    "C_60": 864949.0310143898,
    "C_60_err": 9.23973950783634e-06,
    "C_99_103": 5159.505766733321,
    "C_99_103_err": 7.056641784410333e-06,
    "O_Am241": 167.64183821467495,
    "O_Am241_err": 2.2929027252276557e-07
}