{
    "C_60": 960487.51329435,
    "C_60_err": 9.749716663245978e-06,
    "C_99_103": 5329.178439605395,
    "C_99_103_err": 1.9880417248411948e-05,
    "O_Am241": 180.23181700132193,
    "O_Am241_err": 6.723544780299047e-07
}