{
    "C_60": 3754176.363477631,
    "C_60_err": 5.045580500928973e-05,
    "C_99_103": 7476.785598344688,
    "C_99_103_err": 6.778328683362728e-06,
    "O_Am241": 502.1110093498978,
    "O_Am241_err": 4.552554557219336e-07
}