{
    "C_60": 1315084.047819062,
    "C_60_err": 1.4049043202727339e-05,
    "C_99_103": 5760.4133226455,
    "C_99_103_err": 1.3510993041620828e-05,
    "O_Am241": 228.29682075922682,
    "O_Am241_err": 5.354735117680898e-07
}