{
    "C_60": 1066693.6627690291,
    "C_60_err": 1.0852185657640734e-05,
    "C_99_103": 5431.593588690314,
    "C_99_103_err": 2.2100209122954456e-05,
    "O_Am241": 196.3868697742966,
    "O_Am241_err": 7.990664963222414e-07
}