{
    "C_79": 15927.91737088208,
    "C_79_err": 104.92899734205129,
    "C_81": 197746.59679321502,
    "C_81_err": 1302.7034009635804,
    "C_356": 150218.3585587612,
    "C_356_err": 397.813939808089,
    "C_161": 3524.1144967924088,
    "C_161_err": 81.23955777217209,
    "C_223": 2006.275771024365,
    "C_223_err": 89.23020652271875,
    "C_276": 22967.748313136275,
    "C_276_err": 151.59667438719967,
    "C_303": 54004.20262238453,
    "C_303_err": 241.7953885958906,
    "C_383": 20269.216595890466,
    "C_383_err": 146.94389616089146,
    "O_Ba133": 1.4224261016706135,
    "O_Ba133_err": 0.009480629562715327
}