{
    "C_79": 16781.580208262578,
    "C_79_err": 104.01404566361198,
    "C_81": 208344.901453519,
    "C_81_err": 1291.3441895595602,
    "C_356": 152792.87981949656,
    "C_356_err": 439.4190311185406,
    "C_161": 3654.266659866039,
    "C_161_err": 100.86972782226455,
    "C_223": 1955.5478364676328,
    "C_223_err": 86.14416579098673,
    "C_276": 23377.76914808784,
    "C_276_err": 142.74309449959605,
    "C_303": 54907.77325202415,
    "C_303_err": 227.4450901220175,
    "C_383": 20597.511990160096,
    "C_383_err": 140.7579104446157,
    "O_Ba133": 1.4734095065669097,
    "O_Ba133_err": 0.009478844409894199
}