{
    "C_79": 11685.435617169345,
    "C_79_err": 70.54842019428118,
    "C_81": 145075.78558673768,
    "C_81_err": 875.86529222334,
    "C_356": 134941.1847057911,
    "C_356_err": 371.4661932264532,
    "C_161": 3302.755164745416,
    "C_161_err": 67.77745180199851,
    "C_223": 1759.2201185240506,
    "C_223_err": 95.11138578558811,
    "C_276": 20786.07698999333,
    "C_276_err": 190.11041680628372,
    "C_303": 48613.68835509618,
    "C_303_err": 186.94520813007944,
    "C_383": 18184.643462850137,
    "C_383_err": 140.81503343911328,
    "O_Ba133": 1.1617003477899621,
    "O_Ba133_err": 0.0072546201671692635
}