{
    "C_79": 17649.671972391967,
    "C_79_err": 111.62334692391546,
    "C_81": 219122.34260063973,
    "C_81_err": 1385.8143825648372,
    "C_356": 155179.78484660308,
    "C_356_err": 451.7446799574154,
    "C_161": 3663.0367771376636,
    "C_161_err": 95.25503755663651,
    "C_223": 2093.8044937148256,
    "C_223_err": 99.43818656604168,
    "C_276": 23861.028446492903,
    "C_276_err": 163.43042412887726,
    "C_303": 55829.24632691828,
    "C_303_err": 224.85086973682365,
    "C_383": 20933.21138101912,
    "C_383_err": 160.23758221529948,
    "O_Ba133": 1.5257916152357307,
    "O_Ba133_err": 0.00999990744735362
}