{
    "C_79": 6601.469075265793,
    "C_79_err": 35.47638623045374,
    "C_81": 81957.86134952644,
    "C_81_err": 440.4426818799729,
    "C_356": 109984.17854960517,
    "C_356_err": 291.49128963708733,
    "C_161": 2525.0977334199065,
    "C_161_err": 97.82629613332652,
    "C_223": NaN,
    "C_223_err": NaN,
    "C_276": 17089.268602494565,
    "C_276_err": 158.45936532282317,
    "C_303": 39797.27636285883,
    "C_303_err": 263.67788558366397,
    "C_383": 14778.307172584531,
    "C_383_err": 132.4762690086913,
    "O_Ba133": 0.8052006351518106,
    "O_Ba133_err": 0.0045491681138560905
}