{
    "C_79": 7719.182031354144,
    "C_79_err": 41.592735153153434,
    "C_81": 95834.37314398147,
    "C_81_err": 516.3777307693389,
    "C_356": 116460.18531534592,
    "C_356_err": 347.68372022820773,
    "C_161": 2713.9123984913513,
    "C_161_err": 80.28053048994761,
    "C_223": NaN,
    "C_223_err": NaN,
    "C_276": 18019.2591794897,
    "C_276_err": 114.50803186783158,
    "C_303": 42007.97916997168,
    "C_303_err": 210.949149962226,
    "C_383": 15649.989183334423,
    "C_383_err": 97.74500618227741,
    "O_Ba133": 0.8891756001841978,
    "O_Ba133_err": 0.005180168222160924
}