{
    "C_79": 16582.901541856703,
    "C_79_err": 96.31980514376986,
    "C_81": 205878.28706681964,
    "C_81_err": 1195.8194676339729,
    "C_356": 184461.11060303295,
    "C_356_err": 516.9152136490845,
    "C_161": 4170.368289845028,
    "C_161_err": 123.67285922114573,
    "C_223": 2448.756764452147,
    "C_223_err": 106.08664964787934,
    "C_276": 28599.16124139123,
    "C_276_err": 182.68303591233945,
    "C_303": 65964.81385574964,
    "C_303_err": 215.8386363153832,
    "C_383": 24697.12077151306,
    "C_383_err": 171.30667753764905,
    "O_Ba133": 1.2060059048837721,
    "O_Ba133_err": 0.007329435656891221
}