{
    "C_79": 12969.926417893077,
    "C_79_err": 78.16762541535797,
    "C_81": 161022.8600561105,
    "C_81_err": 970.4584438359537,
    "C_356": 139872.666109251,
    "C_356_err": 414.5884033803334,
    "C_161": 3261.3964774069304,
    "C_161_err": 111.01680143557496,
    "C_223": 1859.1634633476235,
    "C_223_err": 90.11289536954169,
    "C_276": 21526.965540880705,
    "C_276_err": 148.23921326346007,
    "C_303": 50362.54605095572,
    "C_303_err": 241.31407434591324,
    "C_383": 18862.909877148184,
    "C_383_err": 134.69808320525007,
    "O_Ba133": 1.2439370129550704,
    "O_Ba133_err": 0.00787685811197628
}