{
    "C_79": 8122.337683072519,
    "C_79_err": 44.42200125444314,
    "C_81": 100839.5885936152,
    "C_81_err": 551.503336328747,
    "C_356": 118696.13633201752,
    "C_356_err": 374.9973349105566,
    "C_161": 2667.9705784455246,
    "C_161_err": 131.25546502100417,
    "C_223": NaN,
    "C_223_err": NaN,
    "C_276": 18408.743983915603,
    "C_276_err": 150.3245020992637,
    "C_303": 42820.70307660843,
    "C_303_err": 208.1136231116868,
    "C_383": 15921.765058967068,
    "C_383_err": 141.5263093477988,
    "O_Ba133": 0.9179905062107396,
    "O_Ba133_err": 0.005489975116295411
}