{
    "C_79": 12315.203297231412,
    "C_79_err": 75.12073062809273,
    "C_81": 152894.4107467556,
    "C_81_err": 932.6309576091513,
    "C_356": 137359.8625178743,
    "C_356_err": 422.99892638793654,
    "C_161": 3316.4955884550795,
    "C_161_err": 102.56954502101992,
    "C_223": NaN,
    "C_223_err": NaN,
    "C_276": 21159.056506251745,
    "C_276_err": 137.38085157098652,
    "C_303": 49582.49880241811,
    "C_303_err": 215.24748257392332,
    "C_383": 18521.41955871686,
    "C_383_err": 125.8330130310727,
    "O_Ba133": 1.2027502868422622,
    "O_Ba133_err": 0.007753553088123466
}