{
    "C_79": 18558.845906625782,
    "C_79_err": 115.860131185667,
    "C_81": 230409.82276526745,
    "C_81_err": 1438.414458871111,
    "C_356": 157447.11847679547,
    "C_356_err": 441.3430519296742,
    "C_161": 3773.27705177094,
    "C_161_err": 104.80855532236049,
    "C_223": 2010.1755818269069,
    "C_223_err": 99.66499101383623,
    "C_276": 24186.516328105557,
    "C_276_err": 163.64171853681344,
    "C_303": 56640.68433474611,
    "C_303_err": 215.99702306612963,
    "C_383": 21274.59288110364,
    "C_383_err": 220.03308044318737,
    "O_Ba133": 1.581284377132543,
    "O_Ba133_err": 0.010180997279121654
}