{
    "C_79": 9015.357877349528,
    "C_79_err": 51.60157760951958,
    "C_81": 111926.51855275985,
    "C_81_err": 640.638454095545,
    "C_356": 123265.06888989362,
    "C_356_err": 366.24906704564614,
    "C_161": 2899.658568366524,
    "C_161_err": 80.88216168282267,
    "C_223": 1624.361870670288,
    "C_223_err": 77.73550634677811,
    "C_276": 19032.407901983726,
    "C_276_err": 129.7916972344002,
    "C_303": 44463.3835728719,
    "C_303_err": 220.2726271893254,
    "C_383": 16551.477595249802,
    "C_383_err": 127.37266663586034,
    "O_Ba133": 0.9811528725801514,
    "O_Ba133_err": 0.005973705272100988
}