{
    "C_79": 8558.673856040736,
    "C_79_err": 50.87557382943555,
    "C_81": 106256.74334480714,
    "C_81_err": 631.625048674879,
    "C_356": 120940.05469099931,
    "C_356_err": 322.1275551910176,
    "C_161": 2809.710650171911,
    "C_161_err": 98.89577428994808,
    "C_223": 1484.9978416623667,
    "C_223_err": 67.58259629673965,
    "C_276": 18695.55237207205,
    "C_276_err": 138.82470144948206,
    "C_303": 43631.93847213188,
    "C_303_err": 237.74195962633152,
    "C_383": 16256.015423483246,
    "C_383_err": 115.66299623882198,
    "O_Ba133": 0.9493580724285281,
    "O_Ba133_err": 0.005817805309397338
}