{
    "C_79": 18427.075667581368,
    "C_79_err": 106.60416937127424,
    "C_81": 228773.88281638228,
    "C_81_err": 1323.5008197414802,
    "C_356": 206287.5160738078,
    "C_356_err": 526.4714245083435,
    "C_161": 4733.745502964897,
    "C_161_err": 112.96702091520925,
    "C_223": 25.435810929773222,
    "C_223_err": 183203491.71091828,
    "C_276": 31913.03809553354,
    "C_276_err": 173.73795132157022,
    "C_303": 73326.29788433634,
    "C_303_err": 234.48108912542773,
    "C_383": 27623.85249747754,
    "C_383_err": 182.776716138406,
    "O_Ba133": 1.1983321297810254,
    "O_Ba133_err": 0.007126204179202656
}