{
    "C_79": 10003.900181907506,
    "C_79_err": 55.7009803283501,
    "C_81": 124199.36452255199,
    "C_81_err": 691.5329255859315,
    "C_356": 127849.22613722514,
    "C_356_err": 381.1909765113024,
    "C_161": 3084.556666123094,
    "C_161_err": 114.78615180107802,
    "C_223": 1600.9232396563623,
    "C_223_err": 83.42050285220327,
    "C_276": 19737.05381413743,
    "C_276_err": 129.0601322356131,
    "C_303": 46041.80127079699,
    "C_303_err": 210.21889757572143,
    "C_383": 17192.95771431622,
    "C_383_err": 123.94920256630776,
    "O_Ba133": 1.0496994683441756,
    "O_Ba133_err": 0.006264353424864064
}