{
    "C_79": 11091.699918318802,
    "C_79_err": 63.203527023846554,
    "C_81": 137704.5008727128,
    "C_81_err": 784.677750597944,
    "C_356": 132647.2203673286,
    "C_356_err": 334.09015081153666,
    "C_161": 3150.4524159785888,
    "C_161_err": 104.00419402624523,
    "C_223": 1786.1980207511888,
    "C_223_err": 79.66515791194908,
    "C_276": 20354.842418268825,
    "C_276_err": 164.23008827020612,
    "C_303": 47728.49809133136,
    "C_303_err": 212.24212048459927,
    "C_383": 17839.64719814477,
    "C_383_err": 123.71910201935351,
    "O_Ba133": 1.1217438283213397,
    "O_Ba133_err": 0.006572866421248391
}