{
    "C_79": 10536.793882972479,
    "C_79_err": 63.16227362951917,
    "C_81": 130815.29009426835,
    "C_81_err": 784.1655858155398,
    "C_356": 130209.04871649636,
    "C_356_err": 329.06630878191027,
    "C_161": 3063.1553108066705,
    "C_161_err": 106.25478830828061,
    "C_223": 1701.493805063622,
    "C_223_err": 94.60203873125235,
    "C_276": 20143.73209222079,
    "C_276_err": 123.79623407118211,
    "C_303": 46909.86259257757,
    "C_303_err": 216.57911785000687,
    "C_383": 17504.583708459362,
    "C_383_err": 129.80881395105123,
    "O_Ba133": 1.0855780406245512,
    "O_Ba133_err": 0.00663557412799859
}