{
    "C_79": 6955.062894244712,
    "C_79_err": 36.95366321987458,
    "C_81": 86347.76197006101,
    "C_81_err": 458.7832150693863,
    "C_356": 112128.57153299259,
    "C_356_err": 312.1385004565852,
    "C_161": 2605.6049107359913,
    "C_161_err": 95.80220718872962,
    "C_223": 1481.4659187023271,
    "C_223_err": 79.057440121726,
    "C_276": 17380.336952268837,
    "C_276_err": 140.13964471254317,
    "C_303": 40566.93789242723,
    "C_303_err": 189.7492361651081,
    "C_383": 15081.439315661502,
    "C_383_err": 134.8654669141265,
    "O_Ba133": 0.8321057121186316,
    "O_Ba133_err": 0.004713307149329762
}