{
    "C_79": 7326.540843536265,
    "C_79_err": 42.14612170990219,
    "C_81": 90959.69575560343,
    "C_81_err": 523.2480770776536,
    "C_356": 114347.7263780309,
    "C_356_err": 361.315820773535,
    "C_161": 2632.1203635928364,
    "C_161_err": 82.06656998216283,
    "C_223": 1509.0691250514,
    "C_223_err": 69.66230454470423,
    "C_276": 17679.84928421254,
    "C_276_err": 147.19147132274455,
    "C_303": 41301.59120384875,
    "C_303_err": 218.10615892000115,
    "C_383": 15321.140946469823,
    "C_383_err": 126.60250718216064,
    "O_Ba133": 0.859538179834094,
    "O_Ba133_err": 0.005333998265451824
}