{
    "C_79": 14372.864542469028,
    "C_79_err": 87.37991230237746,
    "C_81": 178440.46922537425,
    "C_81_err": 1084.8298546219694,
    "C_356": 144967.52501414984,
    "C_356_err": 408.81159473076184,
    "C_161": 3436.4508175303545,
    "C_161_err": 125.35743211263515,
    "C_223": 1977.9817008332193,
    "C_223_err": 88.03735874461601,
    "C_276": 22213.696124046208,
    "C_276_err": 160.36165511991547,
    "C_303": 52207.43969393001,
    "C_303_err": 220.41610751982404,
    "C_383": 19552.300585033987,
    "C_383_err": 133.79600816844203,
    "O_Ba133": 1.3300450135230173,
    "O_Ba133_err": 0.008392299020062352
}