{
    "C_79": 15131.437029111778,
    "C_79_err": 94.46528195765855,
    "C_81": 187858.21821047764,
    "C_81_err": 1172.7953873233837,
    "C_356": 147614.8793179516,
    "C_356_err": 424.25376608998675,
    "C_161": 3437.924383856562,
    "C_161_err": 95.49603700083613,
    "C_223": 2005.3533211940835,
    "C_223_err": 85.94727340694884,
    "C_276": 22605.947774795575,
    "C_276_err": 147.93167976736788,
    "C_303": 53139.092339910436,
    "C_303_err": 273.4812556442719,
    "C_383": 19927.342457380146,
    "C_383_err": 122.42368078462462,
    "O_Ba133": 1.3751300422931256,
    "O_Ba133_err": 0.008896738125913276
}