{
    "C_79": 9497.716040071364,
    "C_79_err": 54.72108139069587,
    "C_81": 117915.04064843645,
    "C_81_err": 679.3673878316582,
    "C_356": 125575.33100753758,
    "C_356_err": 366.9925999969117,
    "C_161": 2945.681499820968,
    "C_161_err": 86.19436469075237,
    "C_223": NaN,
    "C_223_err": NaN,
    "C_276": 19420.670335766485,
    "C_276_err": 146.39090522844936,
    "C_303": 45270.956431590224,
    "C_303_err": 195.05498918370782,
    "C_383": 16853.70258921802,
    "C_383_err": 116.11424749823368,
    "O_Ba133": 1.0146320592287346,
    "O_Ba133_err": 0.006184749337767477
}