{
    "C_79": 13649.72085329519,
    "C_79_err": 83.27690679717571,
    "C_81": 169462.5721031742,
    "C_81_err": 1033.8906541988986,
    "C_356": 142404.9619232209,
    "C_356_err": 439.7954203305524,
    "C_161": 3323.4501648422893,
    "C_161_err": 100.90099634171705,
    "C_223": 1826.9717359779465,
    "C_223_err": 81.29052323364625,
    "C_276": 21824.079988599242,
    "C_276_err": 139.6992251246891,
    "C_303": 51303.866351217366,
    "C_303_err": 165.6051280875412,
    "C_383": 19186.8060276352,
    "C_383_err": 117.37856887309744,
    "O_Ba133": 1.2858561280694436,
    "O_Ba133_err": 0.00829595415106331
}