{
    "cuspEmax_ctc": {
        "resolution": [
            0.4376293968966041,
            0.0009280868518713967,
            3.51223029055304e-06
        ],
        "calibration": [
            0.1332351781409414,
            0.24898449335914813
        ]
    }
}