{
    "C_79": 59717.004929726354,
    "C_79_err": 121.50051447523929,
    "C_81": 741392.2498822808,
    "C_81_err": 1508.440349522782,
    "C_356": 1098427.4845203168,
    "C_356_err": 2595.7603145901353,
    "C_161": 17189.813387344988,
    "C_161_err": 351.7326651599642,
    "C_223": 10879.323407640879,
    "C_223_err": 199.40805294358967,
    "C_276": 147957.25187182086,
    "C_276_err": 384.799345325779,
    "C_303": 366843.22172771185,
    "C_303_err": 695.1215713671817,
    "C_383": 156922.0853080131,
    "C_383_err": 367.1350294617123,
    "O_Ba133": 0.7293237524567692,
    "O_Ba133_err": 0.002206489547138169
}