{
    "C_79": 68024.44860001375,
    "C_79_err": 128.41835243731475,
    "C_81": 844529.9467700021,
    "C_81_err": 1594.3259604481718,
    "C_356": 1132466.610131472,
    "C_356_err": 2750.428424153995,
    "C_161": 18209.135280494087,
    "C_161_err": 247.21132524903751,
    "C_223": 11333.144034930887,
    "C_223_err": 176.12443798663767,
    "C_276": 152337.98285713652,
    "C_276_err": 401.78789319374243,
    "C_303": 377976.2872954512,
    "C_303_err": 662.6769111755527,
    "C_383": 162317.42288633707,
    "C_383_err": 429.84311026932727,
    "O_Ba133": 0.80581130357925,
    "O_Ba133_err": 0.0024135067854536996
}