{
    "C_79": 98594.65518302584,
    "C_79_err": 270.147089521398,
    "C_81": 1224061.9454798559,
    "C_81_err": 3353.90160198264,
    "C_356": 1215062.940674303,
    "C_356_err": 3902.528795025265,
    "C_161": 21381.677664391773,
    "C_161_err": 240.4133960363408,
    "C_223": 12106.3726302933,
    "C_223_err": 244.1114218356437,
    "C_276": 163108.59937355493,
    "C_276_err": 400.09139040276506,
    "C_303": 404121.11893506255,
    "C_303_err": 662.7305883875898,
    "C_383": 176428.79263656892,
    "C_383_err": 2737.769778671946,
    "O_Ba133": 1.088549865514678,
    "O_Ba133_err": 0.00446003383294612
}