{
    "C_79": 46040.24342362214,
    "C_79_err": 111.15785933906243,
    "C_81": 571593.9655234717,
    "C_81_err": 1380.0353102849638,
    "C_356": 1032877.8000400385,
    "C_356_err": 1987.19422335915,
    "C_161": 15767.02568015282,
    "C_161_err": 206.25142222098538,
    "C_223": 10392.81780914606,
    "C_223_err": 195.33241687787722,
    "C_276": 138900.85025349286,
    "C_276_err": 386.45627024539084,
    "C_303": 344382.60730108025,
    "C_303_err": 520.9145541224436,
    "C_383": 6626.829529216338,
    "C_383_err": 1.5837709756483933,
    "O_Ba133": 0.5979741349103949,
    "O_Ba133_err": 0.0017664472642802843
}