{
    "C_79": 17313.51836230429,
    "C_79_err": 86.59316294963801,
    "C_81": 214948.96381879743,
    "C_81_err": 1075.062287186072,
    "C_356": 307066.1132311692,
    "C_356_err": 1363.1295777939604,
    "C_161": 4830.928331617703,
    "C_161_err": 132.1556237409748,
    "C_223": 2888.4668204239515,
    "C_223_err": 87.5737547420182,
    "C_276": 41285.647575261035,
    "C_276_err": 194.65147518229716,
    "C_303": 101108.36898449286,
    "C_303_err": 408.50599758574174,
    "C_383": 43639.25177830926,
    "C_383_err": 215.76733261094546,
    "O_Ba133": 0.7563924255173253,
    "O_Ba133_err": 0.004859193889140614
}