{
    "C_79": 77423.09585725064,
    "C_79_err": 170.25629083258522,
    "C_81": 961215.0391334353,
    "C_81_err": 2113.7479126007747,
    "C_356": 1166701.9371357015,
    "C_356_err": 3334.865265487505,
    "C_161": 19278.894215039047,
    "C_161_err": 286.31273601020587,
    "C_223": 11648.891387617623,
    "C_223_err": 212.68326161832007,
    "C_276": 157007.27751256622,
    "C_276_err": 394.76466577810504,
    "C_303": 389091.1241132977,
    "C_303_err": 657.0358136500975,
    "C_383": 167885.67659814376,
    "C_383_err": 542.8916546664399,
    "O_Ba133": 0.890234345149527,
    "O_Ba133_err": 0.0031270980820092024
}