{
    "C_79": 21366.689504969363,
    "C_79_err": 69.65762507337044,
    "C_81": 265269.46592961985,
    "C_81_err": 864.8059867599576,
    "C_356": 854006.3454542176,
    "C_356_err": 1138.305126722098,
    "C_161": 12095.394294520584,
    "C_161_err": 159.25085252028833,
    "C_223": 8428.414169945378,
    "C_223_err": 189.49301717892288,
    "C_276": 114731.54958839026,
    "C_276_err": 366.06275211246145,
    "C_303": 284221.95709794154,
    "C_303_err": 481.4302728716849,
    "C_383": 119938.43213667268,
    "C_383_err": 342.5151851529297,
    "O_Ba133": 0.3356370323948084,
    "O_Ba133_err": 0.0011100653456050517
}