{
    "C_79": 52443.12948961286,
    "C_79_err": 121.107990193313,
    "C_81": 651086.4000786036,
    "C_81_err": 1503.5671235320747,
    "C_356": 1065367.7386037847,
    "C_356_err": 2158.5042476105714,
    "C_161": 16291.60760643685,
    "C_161_err": 224.27623270946677,
    "C_223": 10683.425753290345,
    "C_223_err": 235.6689182587163,
    "C_276": 143370.08235445106,
    "C_276_err": 382.0894826548623,
    "C_303": 355593.3003350991,
    "C_303_err": 559.2483170795078,
    "C_383": 151787.68136112645,
    "C_383_err": 454.1832517861512,
    "O_Ba133": 0.6603630878575557,
    "O_Ba133_err": 0.001948026124412254
}