{
    "C_79": 87975.28638923042,
    "C_79_err": 209.9318868104047,
    "C_81": 1092221.4800776155,
    "C_81_err": 2606.3241796461566,
    "C_356": 1199148.888769931,
    "C_356_err": 3488.587519319641,
    "C_161": 20333.976240654338,
    "C_161_err": 240.657476224161,
    "C_223": 11826.014861539737,
    "C_223_err": 291.5892963257712,
    "C_276": 161147.14428030365,
    "C_276_err": 466.8498754309268,
    "C_303": 399608.2528757363,
    "C_303_err": 628.3655586763336,
    "C_383": 173124.6407291994,
    "C_383_err": 917.8567281542605,
    "O_Ba133": 0.984195355155167,
    "O_Ba133_err": 0.003599000258476378
}