{
    "C_79": 62590.26804726748,
    "C_79_err": 127.86429150306557,
    "C_81": 777064.0825491156,
    "C_81_err": 1587.4472416795688,
    "C_356": 1110775.1612262207,
    "C_356_err": 2637.1681212247345,
    "C_161": 17836.76841797695,
    "C_161_err": 244.22029421137603,
    "C_223": 10822.673888202073,
    "C_223_err": 200.09628126129547,
    "C_276": 149497.25731840677,
    "C_276_err": 378.24455880027114,
    "C_303": 370876.4591492689,
    "C_303_err": 695.155544966055,
    "C_383": 158893.44054121865,
    "C_383_err": 392.32938133508384,
    "O_Ba133": 0.7559174708853423,
    "O_Ba133_err": 0.002297071707004611
}