{
    "C_79": 78592.72884240195,
    "C_79_err": 127.33968587229853,
    "C_81": 975736.1429867998,
    "C_81_err": 1580.9342132824988,
    "C_356": 1509710.2121560026,
    "C_356_err": 3526.9484141835696,
    "C_161": 23313.69502863535,
    "C_161_err": 290.2703568303969,
    "C_223": NaN,
    "C_223_err": NaN,
    "C_276": 199905.8995412574,
    "C_276_err": 417.9979929496479,
    "C_303": 499363.1667104675,
    "C_303_err": 822.4762866588981,
    "C_383": 218167.17735297183,
    "C_383_err": 550.9489193834556,
    "O_Ba133": 0.6983650659178656,
    "O_Ba133_err": 0.0019404892363285929
}