{
    "C_79": 86688.95580031659,
    "C_79_err": 132.5289626972002,
    "C_81": 1076251.5644642909,
    "C_81_err": 1645.3595746180704,
    "C_356": 1546726.2759395607,
    "C_356_err": 3744.4903077326812,
    "C_161": 24041.813661762593,
    "C_161_err": 286.9946433759282,
    "C_223": 14650.068151230422,
    "C_223_err": 247.3512106951849,
    "C_276": 204602.55422059863,
    "C_276_err": 465.85335033616514,
    "C_303": 511751.30963287875,
    "C_303_err": 770.775924372152,
    "C_383": 224282.97523873765,
    "C_383_err": 551.9282085874246,
    "O_Ba133": 0.7518722209320313,
    "O_Ba133_err": 0.0021100090218950855
}