{
    "C_79": 129041.83837093216,
    "C_79_err": 278.37918875834526,
    "C_81": 1602066.5971334283,
    "C_81_err": 3456.103890622476,
    "C_356": 1669059.2084123923,
    "C_356_err": 5459.052573720238,
    "C_161": 28572.312349873144,
    "C_161_err": 279.8161791693221,
    "C_223": 16139.21787206116,
    "C_223_err": 243.69499979347196,
    "C_276": 219772.1409917695,
    "C_276_err": 447.10082371953325,
    "C_303": 550044.5277225554,
    "C_303_err": 784.2679912865763,
    "C_383": 246329.92618407228,
    "C_383_err": 4661.399908408419,
    "O_Ba133": 1.0371761689335093,
    "O_Ba133_err": 0.003977873274323456
}