{
    "C_79": 99319.69366218033,
    "C_79_err": 160.19596086678442,
    "C_81": 1233063.3665983698,
    "C_81_err": 1988.8479669876258,
    "C_356": 1598151.405826854,
    "C_356_err": 4505.396298308027,
    "C_161": 26067.61882828353,
    "C_161_err": 392.50823010054216,
    "C_223": 15454.736799850667,
    "C_223_err": 244.18510026366135,
    "C_276": 211295.86561467327,
    "C_276_err": 491.8618596061761,
    "C_303": 528819.8334873738,
    "C_303_err": 839.9085994992797,
    "C_383": 232792.33179998002,
    "C_383_err": 737.8472764854727,
    "O_Ba133": 0.8337026488245647,
    "O_Ba133_err": 0.0026613404796481848
}