{
    "C_79": 113794.93304684052,
    "C_79_err": 194.39510171230248,
    "C_81": 1412774.8291475677,
    "C_81_err": 2413.4335269187745,
    "C_356": 1646938.5299285832,
    "C_356_err": 5046.450719596587,
    "C_161": 27796.478101705106,
    "C_161_err": 329.42729347910137,
    "C_223": 15761.48402358913,
    "C_223_err": 211.90569684042273,
    "C_276": 217486.94165025046,
    "C_276_err": 417.5841300585945,
    "C_303": 544523.0840192368,
    "C_303_err": 942.5478959041453,
    "C_383": 241084.35657441645,
    "C_383_err": 1350.102343280667,
    "O_Ba133": 0.9269136245544062,
    "O_Ba133_err": 0.00319813151420252
}