{
    "C_79": 25852.14511486038,
    "C_79_err": 58.70309742337099,
    "C_81": 320956.82048261835,
    "C_81_err": 728.8044925392097,
    "C_356": 1130195.078133366,
    "C_356_err": 1506.0471348563055,
    "C_161": 14988.819682405623,
    "C_161_err": 286.48456009550137,
    "C_223": 10544.11595535023,
    "C_223_err": 245.42932063624113,
    "C_276": 149805.88492018913,
    "C_276_err": 510.704742189208,
    "C_303": 372607.9069321798,
    "C_303_err": 521.4982511301772,
    "C_383": 159721.97989808916,
    "C_383_err": 391.2980058165588,
    "O_Ba133": 0.30685761450162174,
    "O_Ba133_err": 0.0007653302013271961
}