{
    "C_79": 75692.59777237498,
    "C_79_err": 110.3311664867274,
    "C_81": 939730.7421551269,
    "C_81_err": 1369.7718405333326,
    "C_356": 1495475.5872741377,
    "C_356_err": 3540.7483807893423,
    "C_161": 23383.501290171534,
    "C_161_err": 304.847189509337,
    "C_223": 14443.605943111874,
    "C_223_err": 280.20052547238294,
    "C_276": 197961.32183165467,
    "C_276_err": 362.26040461745083,
    "C_303": 494730.5101988859,
    "C_303_err": 782.2746792478268,
    "C_383": 215785.8196143836,
    "C_383_err": 404.7546094872888,
    "O_Ba133": 0.678996934866957,
    "O_Ba133_err": 0.0018517127745515383
}