{
    "C_79": 17425.16175633393,
    "C_79_err": 57.197060446617705,
    "C_81": 216335.02708807023,
    "C_81_err": 710.1069013938576,
    "C_356": 334003.882865609,
    "C_356_err": 1338.090854263866,
    "C_161": 5045.20026296884,
    "C_161_err": 142.69830330577474,
    "C_223": 3028.236082284182,
    "C_223_err": 129.4810141307713,
    "C_276": 43994.198882509496,
    "C_276_err": 223.87733576320377,
    "C_303": 107773.44204759339,
    "C_303_err": 489.93337212752556,
    "C_383": 47382.569534297305,
    "C_383_err": 216.73320680262285,
    "O_Ba133": 0.6998726686613422,
    "O_Ba133_err": 0.0035229111219448354
}