{
    "C_79": 57810.65946910138,
    "C_79_err": 87.15968083359131,
    "C_81": 717724.791144681,
    "C_81_err": 1082.0956601604355,
    "C_356": 1396143.5992509902,
    "C_356_err": 2513.7719229889426,
    "C_161": 20740.42240991072,
    "C_161_err": 309.8594384026198,
    "C_223": 580.0384376169278,
    "C_223_err": 23432610.40703342,
    "C_276": 185178.06385101212,
    "C_276_err": 463.4607730295873,
    "C_303": 461618.19253788143,
    "C_303_err": 759.3911852202116,
    "C_383": 199865.4251719422,
    "C_383_err": 440.7462611245258,
    "O_Ba133": 0.5554840139867027,
    "O_Ba133_err": 0.0012668568301600117
}