{
    "C_79": 66160.20940347934,
    "C_79_err": 102.77897147952334,
    "C_81": 821385.2412733841,
    "C_81_err": 1276.0106270476672,
    "C_356": 1445148.1904360729,
    "C_356_err": 3078.6381049128736,
    "C_161": 21541.106600763,
    "C_161_err": 294.5067898213929,
    "C_223": 13573.821580360376,
    "C_223_err": 235.8938396943312,
    "C_276": 191491.2661201793,
    "C_276_err": 438.84984515630725,
    "C_303": 477960.5461810306,
    "C_303_err": 677.782282074697,
    "C_383": 207680.7619092033,
    "C_383_err": 499.99946113556985,
    "O_Ba133": 0.6141553209218267,
    "O_Ba133_err": 0.0015800201041057354
}