{
    "C_79": 21526.922985151614,
    "C_79_err": 88.24807418475466,
    "C_81": 267258.7797024391,
    "C_81_err": 1095.6081662937463,
    "C_356": 425632.0070918284,
    "C_356_err": 2830.5714947269316,
    "C_161": 6244.645866337,
    "C_161_err": 200.0320363042978,
    "C_223": 3863.9205701169553,
    "C_223_err": 146.82281819926888,
    "C_276": 56024.19473143441,
    "C_276_err": 305.14074401563727,
    "C_303": 137246.59417780227,
    "C_303_err": 968.3741281592264,
    "C_383": 60192.82734971699,
    "C_383_err": 345.3685176453347,
    "O_Ba133": 0.678486809910624,
    "O_Ba133_err": 0.00519885832019109
}