{
    "cuspEmax_ctc": {
        "resolution": [
            0.4108036359635455,
            2.980927628330192e-16,
            2.1171389469413074e-05
        ],
        "calibration": [
            0.11646991310137261,
            2.6669688245725616
        ]
    }
}