{
    "C_60": 1178050.6523879955,
    "C_60_err": 2925.5825949296545,
    "C_99_103": 4168.576990089371,
    "C_99_103_err": 67.66398745237692,
    "O_Am241": 282.60258961001915,
    "O_Am241_err": 4.640558168455307
}