{
    "C_60": 5769648.2518145,
    "C_60_err": 11252.460929709616,
    "C_99_103": 7090.085619146159,
    "C_99_103_err": 90.58624796817826,
    "O_Am241": 813.7628459992172,
    "O_Am241_err": 10.517447458315912
}