{
    "C_60": 5092540.21762399,
    "C_60_err": 9753.264841202677,
    "C_99_103": 6756.440218574242,
    "C_99_103_err": 83.59452986031054,
    "O_Am241": 753.7312627475047,
    "O_Am241_err": 9.436658352621816
}