{
    "C_60": 1845749.5402131563,
    "C_60_err": 4646.498536117266,
    "C_99_103": 4800.8259126274925,
    "C_99_103_err": 84.18889186077887,
    "O_Am241": 384.4650011903842,
    "O_Am241_err": 6.811222307963521
}