{
    "C_60": 6565017.216611099,
    "C_60_err": 12576.597429276226,
    "C_99_103": 7355.918209081277,
    "C_99_103_err": 86.20568424698459,
    "O_Am241": 892.4809969347174,
    "O_Am241_err": 10.598008463303128
}