{
    "C_60": 940683.4700915678,
    "C_60_err": 2552.0334355603873,
    "C_99_103": 3898.0646348140717,
    "C_99_103_err": 61.0224234204538,
    "O_Am241": 241.32064452965034,
    "O_Am241_err": 3.8340745287063194
}