{
    "C_60": 4037986.3852485814,
    "C_60_err": 8183.622124247243,
    "C_99_103": 6281.016093810776,
    "C_99_103_err": 75.69820840383963,
    "O_Am241": 642.8874444737621,
    "O_Am241_err": 7.856804188391242
}