{
    "C_60": 841137.776318624,
    "C_60_err": 2447.2226546262664,
    "C_99_103": 3767.642209688235,
    "C_99_103_err": 60.55493707818303,
    "O_Am241": 223.25309291728806,
    "O_Am241_err": 3.6465218568119466
}