{
    "C_60": 3224927.072406428,
    "C_60_err": 7228.3172347983655,
    "C_99_103": 5829.596670359557,
    "C_99_103_err": 85.76571596540106,
    "O_Am241": 553.1990041100942,
    "O_Am241_err": 8.232639324889046
}