{
    "C_60": 1474537.850770087,
    "C_60_err": 3860.250202750956,
    "C_99_103": 4550.589529697561,
    "C_99_103_err": 61.86951756607852,
    "O_Am241": 324.0322690383562,
    "O_Am241_err": 4.486449299271004
}