{
    "C_60": 2579572.6243920466,
    "C_60_err": 6481.375522147628,
    "C_99_103": 5430.653583759922,
    "C_99_103_err": 61.907458591398814,
    "O_Am241": 475.0022413703794,
    "O_Am241_err": 5.544818180049111
}