{
    "C_60": 751655.6559663424,
    "C_60_err": 2313.737396514859,
    "C_99_103": 3632.0780677646135,
    "C_99_103_err": 47.75431531342412,
    "O_Am241": 206.94920151563645,
    "O_Am241_err": 2.7945296827685597
}