{
    "C_60": 1649335.5661976205,
    "C_60_err": 4467.097138601072,
    "C_99_103": 4680.472006120871,
    "C_99_103_err": 75.66571039911653,
    "O_Am241": 352.3865892244858,
    "O_Am241_err": 5.776167607603526
}