{
    "C_60": 2063046.4171194355,
    "C_60_err": 5036.574590943644,
    "C_99_103": 5009.887916145528,
    "C_99_103_err": 74.40013365991611,
    "O_Am241": 411.7949246869953,
    "O_Am241_err": 6.1975086739078815
}