{
    "C_60": 2306800.9027672573,
    "C_60_err": 5325.361038871508,
    "C_99_103": 5254.326091174071,
    "C_99_103_err": 80.32110743195746,
    "O_Am241": 439.0288807240371,
    "O_Am241_err": 6.787384115963718
}