{
    "C_60": 3608386.695694125,
    "C_60_err": 7649.8697971388,
    "C_99_103": 6051.172819851539,
    "C_99_103_err": 76.75888017422204,
    "O_Am241": 596.3119552388943,
    "O_Am241_err": 7.669107177675898
}