{
    "C_60": 4526431.645379979,
    "C_60_err": 8935.213215886079,
    "C_99_103": 6521.536087398909,
    "C_99_103_err": 79.66920226674655,
    "O_Am241": 694.0744610960712,
    "O_Am241_err": 8.58902204305963
}