{
    "C_60": 1053481.9970730536,
    "C_60_err": 2877.5901346194933,
    "C_99_103": 4036.813185143714,
    "C_99_103_err": 57.50258684356178,
    "O_Am241": 260.9687267545795,
    "O_Am241_err": 3.7851110964211747
}