{
    "C_60": 2884717.7914743065,
    "C_60_err": 6394.760145116299,
    "C_99_103": 5659.924210423664,
    "C_99_103_err": 86.97977008938722,
    "O_Am241": 509.67427905865475,
    "O_Am241_err": 7.9135682264127984
}