{
    "C_60": 1317554.4501606754,
    "C_60_err": 3409.216941185155,
    "C_99_103": 4318.93626966743,
    "C_99_103_err": 55.5717955634574,
    "O_Am241": 305.06457328719296,
    "O_Am241_err": 4.003852239264791
}