{
    "C_60": 671273.2487374123,
    "C_60_err": 2032.495224552484,
    "C_99_103": 3493.506719611588,
    "C_99_103_err": 62.43778455752782,
    "O_Am241": 192.14883571543416,
    "O_Am241_err": 3.4831174771021467
}