{
    "cuspEmax_ctc": {
        "resolution": [
            0.3844258078358732,
            0.0008337125179858881,
            3.55607923444236e-20
        ],
        "calibration": [
            0.06300160367416911,
            0.08757354678242091
        ]
    }
}