{
    "C_60": 2456774.018946026,
    "C_60_err": 0.00014631468288936467,
    "C_99_103": 6762.715171729122,
    "C_99_103_err": 2.2327183229095923e-05,
    "O_Am241": 363.28219606473044,
    "O_Am241_err": 1.199575543173105e-06
}