{
    "C_60": 3025137.0990537507,
    "C_60_err": 0.00018038499826220078,
    "C_99_103": 7139.0869407557475,
    "C_99_103_err": 6.279761382745756e-05,
    "O_Am241": 423.7428573370908,
    "O_Am241_err": 3.727458697564911e-06
}