{
    "C_60": 1457169.989281237,
    "C_60_err": 8.723376283402418e-05,
    "C_99_103": 5931.0537524445435,
    "C_99_103_err": 3.44871340580562e-05,
    "O_Am241": 245.68483950776024,
    "O_Am241_err": 1.428652545950152e-06
}