{
    "C_60": 1993369.9743879377,
    "C_60_err": 0.00011937116596992536,
    "C_99_103": 6434.933021436416,
    "C_99_103_err": 5.486414179944703e-05,
    "O_Am241": 309.773228058087,
    "O_Am241_err": 2.6411870119966294e-06
}