{
    "C_60": 707016.591509925,
    "C_60_err": 900.6510207571679,
    "C_99_103": 35649.89464457214,
    "C_99_103_err": 346.4597453215302,
    "O_Am241": 19.832221064293428,
    "O_Am241_err": 0.1943860719417322
}