{
    "C_60": 2727240.5462256595,
    "C_60_err": 0.00016258085459720795,
    "C_99_103": 6932.841084739537,
    "C_99_103_err": 8.601449321517826e-05,
    "O_Am241": 393.3799308091483,
    "O_Am241_err": 4.880649299067789e-06
}