{
    "C_60": 1617781.9317780798,
    "C_60_err": 9.683088495374137e-05,
    "C_99_103": 6114.553420610367,
    "C_99_103_err": 3.241011028862778e-05,
    "O_Am241": 264.57891860507937,
    "O_Am241_err": 1.4024865008213431e-06
}