{
    "C_60": 777006.136265268,
    "C_60_err": 4.640137467228772e-05,
    "C_99_103": 4990.238329714657,
    "C_99_103_err": 4.3594191104833553e-08,
    "O_Am241": 155.70521584881845,
    "O_Am241_err": 9.397392393831278e-09
}