{
    "C_60": 1181607.3190800524,
    "C_60_err": 7.063265904251603e-05,
    "C_99_103": 5614.972814431232,
    "C_99_103_err": 6.075782034328434e-05,
    "O_Am241": 210.43865360187735,
    "O_Am241_err": 2.2771239377587917e-06
}