{
    "C_60": 630583.8182027577,
    "C_60_err": 3.752406961104668e-05,
    "C_99_103": 4735.829659338342,
    "C_99_103_err": 2.874150107392194e-05,
    "O_Am241": 133.15171016747647,
    "O_Am241_err": 8.081295688406338e-07
}