{
    "C_60": 4133506.454691254,
    "C_60_err": 0.00024690698901638775,
    "C_99_103": 7759.401002326242,
    "C_99_103_err": 3.2455317869049984e-05,
    "O_Am241": 532.7094776326218,
    "O_Am241_err": 2.2283960278011003e-06
}