{
    "C_60": 2213761.3856450794,
    "C_60_err": 0.00013188948429956882,
    "C_99_103": 6588.07337847296,
    "C_99_103_err": 6.694257369996301e-05,
    "O_Am241": 336.02561150559075,
    "O_Am241_err": 3.4144740981912418e-06
}