{
    "C_60": 3724782.0735619524,
    "C_60_err": 0.00022214485686469776,
    "C_99_103": 7476.846266478094,
    "C_99_103_err": 4.975951570595092e-05,
    "O_Am241": 498.17555969577,
    "O_Am241_err": 3.3155650192830084e-06
}