{
    "C_60": 4578990.221784243,
    "C_60_err": 0.0002732384933143428,
    "C_99_103": 7940.099150431215,
    "C_99_103_err": 7.386198036891024e-05,
    "O_Am241": 576.6918189599138,
    "O_Am241_err": 5.364728496203027e-06
}