{
    "C_60": 862707.2319582396,
    "C_60_err": 5.1457050270452276e-05,
    "C_99_103": 5177.792362436799,
    "C_99_103_err": 3.512413681519788e-05,
    "O_Am241": 166.6168072356281,
    "O_Am241_err": 1.1303075406011984e-06
}