{
    "C_60": 1064672.5850691935,
    "C_60_err": 6.355254194314458e-05,
    "C_99_103": 5444.637633904608,
    "C_99_103_err": 5.2207104682740365e-08,
    "O_Am241": 195.5451687802529,
    "O_Am241_err": 1.1822141299305433e-08
}