{
    "C_60": 567622.5888550242,
    "C_60_err": 3.3772294790630764e-05,
    "C_99_103": 4590.3088174098375,
    "C_99_103_err": 2.5863778971102635e-05,
    "O_Am241": 123.65673235364483,
    "O_Am241_err": 6.967741885084027e-07
}