{
    "C_60": 707016.591509925,
    "C_60_err": 4.1056977646385107e-05,
    "C_99_103": 35649.89464461867,
    "C_99_103_err": 0.0005167885127584312,
    "O_Am241": 19.832221064267543,
    "O_Am241_err": 2.8749443345955797e-07
}