{
    "C_60": 699957.5718657203,
    "C_60_err": 4.1582193672836526e-05,
    "C_99_103": 4888.353892182633,
    "C_99_103_err": 4.984027473801759e-05,
    "O_Am241": 143.18880901505102,
    "O_Am241_err": 1.459937410271984e-06
}