{
    "C_60": 1311634.7984457696,
    "C_60_err": 7.853411369225516e-05,
    "C_99_103": 5774.926894872262,
    "C_99_103_err": 5.300024775857466e-08,
    "O_Am241": 227.12578398358792,
    "O_Am241_err": 1.3757980161992507e-08
}