{
    "C_60": 3358538.0067728367,
    "C_60_err": 0.00020046884983387914,
    "C_99_103": 7264.842815021881,
    "C_99_103_err": 2.167917208032735e-05,
    "O_Am241": 462.300161515982,
    "O_Am241_err": 1.3798357003835956e-06
}