{
    "C_60": 1795325.190480233,
    "C_60_err": 0.00010712749994659654,
    "C_99_103": 6253.680814123022,
    "C_99_103_err": 3.717885180785311e-05,
    "O_Am241": 287.0829586354574,
    "O_Am241_err": 1.7068271776090905e-06
}