{
    "C_60": 957869.9105759518,
    "C_60_err": 5.710933435300325e-05,
    "C_99_103": 5303.721023331315,
    "C_99_103_err": 3.1434975099781475e-05,
    "O_Am241": 180.60337381288298,
    "O_Am241_err": 1.0704842443075403e-06
}