{
    "cuspEmax_ctc": {
        "resolution": [
            0.39902418109796217,
            2.2234673853742817e-17,
            7.162345587226338e-06
        ],
        "calibration": [
            0.16259772755055124,
            -0.042490260470873696
        ]
    }
}