{
    "C_60": 876957.2645797885,
    "C_60_err": 2915.442513056296,
    "C_99_103": 4304.660779653346,
    "C_99_103_err": 60.10108124569111,
    "O_Am241": 203.7227343731391,
    "O_Am241_err": 2.9238711389583707
}