{
    "C_60": 1470815.118310502,
    "C_60_err": 4219.940940309477,
    "C_99_103": 5084.328486153634,
    "C_99_103_err": 72.04207461304618,
    "O_Am241": 289.28404651981765,
    "O_Am241_err": 4.182178889829217
}