{
    "C_60": 6645855.563099722,
    "C_60_err": 13498.056211997113,
    "C_99_103": 8106.42453803516,
    "C_99_103_err": 101.48812728465744,
    "O_Am241": 819.8257483206706,
    "O_Am241_err": 10.397971592813484
}