{
    "C_60": 4297581.760766136,
    "C_60_err": 9361.350406886886,
    "C_99_103": 7075.275287928946,
    "C_99_103_err": 98.86646841462968,
    "O_Am241": 607.4084167577473,
    "O_Am241_err": 8.590139213993103
}