{
    "C_60": 2505960.6131637986,
    "C_60_err": 6624.057534958153,
    "C_99_103": 5996.577696130387,
    "C_99_103_err": 79.54555033441639,
    "O_Am241": 417.8984647828217,
    "O_Am241_err": 5.6524773925682865
}