{
    "C_60": 1193710.7517039503,
    "C_60_err": 3320.0934287554196,
    "C_99_103": 4754.83960582747,
    "C_99_103_err": 64.32865188767154,
    "O_Am241": 251.05173899892517,
    "O_Am241_err": 3.467532759295359
}