{
    "C_60": 2788212.996164648,
    "C_60_err": 6722.055276397335,
    "C_99_103": 6245.974257786314,
    "C_99_103_err": 78.60085881303218,
    "O_Am241": 446.4016150384905,
    "O_Am241_err": 5.719788551138198
}