{
    "C_60": 2021919.0378819166,
    "C_60_err": 5105.70758425322,
    "C_99_103": 5673.5961240389315,
    "C_99_103_err": 71.21909883640824,
    "O_Am241": 356.37345233565,
    "O_Am241_err": 4.563075944720034
}