{
    "C_60": 5342226.958454056,
    "C_60_err": 11768.878457258128,
    "C_99_103": 7597.225797048762,
    "C_99_103_err": 87.51964583735852,
    "O_Am241": 703.1812797415224,
    "O_Am241_err": 8.247401291095217
}