{
    "C_60": 7408989.672132682,
    "C_60_err": 15965.641573407844,
    "C_99_103": 8342.4487695227,
    "C_99_103_err": 92.67389856861627,
    "O_Am241": 888.1073024025985,
    "O_Am241_err": 10.049638845205775
}