{
    "C_60": 4790192.675564105,
    "C_60_err": 10393.818506689915,
    "C_99_103": 7353.176045506172,
    "C_99_103_err": 88.54260475667277,
    "O_Am241": 651.4453952848835,
    "O_Am241_err": 7.970658182963542
}