{
    "C_60": 971120.6349942456,
    "C_60_err": 2892.3695760607607,
    "C_99_103": 4450.849075943044,
    "C_99_103_err": 77.71612687944578,
    "O_Am241": 218.18772517881544,
    "O_Am241_err": 3.8647946015773855
}