{
    "C_60": 1817461.7844595057,
    "C_60_err": 4793.888807452646,
    "C_99_103": 5468.7652443978495,
    "C_99_103_err": 79.57771537742708,
    "O_Am241": 332.3349427590252,
    "O_Am241_err": 4.91471681366362
}