{
    "C_60": 1076539.8181261437,
    "C_60_err": 3350.216130125405,
    "C_99_103": 4671.833469484729,
    "C_99_103_err": 68.55852952306198,
    "O_Am241": 230.43197604491638,
    "O_Am241_err": 3.4567590070634546
}