{
    "C_60": 1324538.088937875,
    "C_60_err": 3909.8230565237654,
    "C_99_103": 4919.4701587869495,
    "C_99_103_err": 65.3157260651672,
    "O_Am241": 269.2440539703328,
    "O_Am241_err": 3.6620324555124273
}