{
    "C_60": 4139005.6182075026,
    "C_60_err": 5986.11806334127,
    "C_99_103": 13434.725148998165,
    "C_99_103_err": 176.52045671850408,
    "O_Am241": 308.0826419821585,
    "O_Am241_err": 4.072383527098422
}