{
    "C_60": 5957903.197935247,
    "C_60_err": 12886.819890507713,
    "C_99_103": 7831.546514821428,
    "C_99_103_err": 75.54754441597127,
    "O_Am241": 760.7569190401593,
    "O_Am241_err": 7.520910339533246
}