{
    "C_60": 3459948.4555536513,
    "C_60_err": 7631.568383974525,
    "C_99_103": 6644.9366824931,
    "C_99_103_err": 79.30380691635582,
    "O_Am241": 520.6894543734795,
    "O_Am241_err": 6.3193912674932875
}