{
    "C_60": 3855444.5190201546,
    "C_60_err": 9121.725927746102,
    "C_99_103": 6846.883918890908,
    "C_99_103_err": 71.14478520763153,
    "O_Am241": 563.0947690500175,
    "O_Am241_err": 6.00077613584671
}