{
    "C_60": 3106192.893452628,
    "C_60_err": 7494.018562228468,
    "C_99_103": 6415.635627937586,
    "C_99_103_err": 91.96726048855918,
    "O_Am241": 484.15980482531955,
    "O_Am241_err": 7.037974733388136
}