{
    "C_60": 2250634.4165717005,
    "C_60_err": 5921.448238685316,
    "C_99_103": 5811.446472207953,
    "C_99_103_err": 84.44584067994138,
    "O_Am241": 387.27611573726034,
    "O_Am241_err": 5.718991119407673
}