{
    "C_60": 1634363.3114473687,
    "C_60_err": 4355.609846245218,
    "C_99_103": 5268.641942774859,
    "C_99_103_err": 76.32953673512293,
    "O_Am241": 310.20580430383,
    "O_Am241_err": 4.5695164017213825
}