{
    "FCCD": 0.8576486738104601,
    "FCCD_err_up": 0.06808050142846978,
    "FCCD_err_low": 0.06943644195275012,
    "FCCD_uncorr_err_up": 0.014133102685488952,
    "FCCD_uncorr_err_low": 0.014051239927804549,
    "FCCD_corr_err_up": 0.06659737294543457,
    "FCCD_corr_err_low": 0.06799986858479146,
    "O_Ba133_data": 0.8078307440591654,
    "O_Ba133_data_err": 0.004486920555700598,
    "a": 1.099978502764852,
    "a_err": 0.023069256529999804,
    "b": 0.41222372679348557,
    "b_err": 0.0010274128652957607
}