{
    "FCCD": 1.3665187628480295,
    "FCCD_err_up": 0.08166315654099132,
    "FCCD_err_low": 0.08207046360461301,
    "FCCD_uncorr_err_up": 0.021818152018126424,
    "FCCD_uncorr_err_low": 0.021635865855249126,
    "FCCD_corr_err_up": 0.07869459561337347,
    "FCCD_corr_err_low": 0.07916722999429608,
    "O_Ba133_data": 0.9337811267774977,
    "O_Ba133_data_err": 0.007305048284651475,
    "a": 1.4758593937520588,
    "a_err": 0.03188537186140372,
    "b": 0.3861525545051847,
    "b_err": 0.0021062836265760315
}