{
    "FCCD": 1.2690601675264497,
    "FCCD_err_up": 0.07981959237017411,
    "FCCD_err_low": 0.08033739896015768,
    "FCCD_uncorr_err_up": 0.021526716779279642,
    "FCCD_uncorr_err_low": 0.02135015363800119,
    "FCCD_corr_err_up": 0.07686200485835272,
    "FCCD_corr_err_low": 0.07744849005188732,
    "O_Ba133_data": 0.9219740888657401,
    "O_Ba133_data_err": 0.007264937755705599,
    "a": 1.4363532643278254,
    "a_err": 0.030575274378246253,
    "b": 0.3841658803979006,
    "b_err": 0.0012539742540899237
}