{
    "FCCD": 1.157989914438386,
    "FCCD_err_up": 0.07440578895811356,
    "FCCD_err_low": 0.07505017146403459,
    "FCCD_uncorr_err_up": 0.016212484074306532,
    "FCCD_uncorr_err_low": 0.01611213282543633,
    "FCCD_corr_err_up": 0.07261801973766353,
    "FCCD_corr_err_low": 0.07330025520144175,
    "O_Ba133_data": 0.9604283865560754,
    "O_Ba133_data_err": 0.005715806652134274,
    "a": 1.4363532643278254,
    "a_err": 0.030575274378246253,
    "b": 0.3841658803979006,
    "b_err": 0.0012539742540899237
}