{
    "FCCD": 1.133193924517743,
    "FCCD_err_up": 0.0842878982502766,
    "FCCD_err_low": 0.08452858430423715,
    "FCCD_uncorr_err_up": 0.022314141862537662,
    "FCCD_uncorr_err_low": 0.022129712271485857,
    "FCCD_corr_err_up": 0.08128055649654181,
    "FCCD_corr_err_low": 0.0815803738607502,
    "O_Ba133_data": 0.9219740888657401,
    "O_Ba133_data_err": 0.007264937755705599,
    "a": 1.3365783711130366,
    "a_err": 0.02961178132571196,
    "b": 0.3734841305845971,
    "b_err": 0.003454263596058474
}