{
    "FCCD": 1.4320773017208728,
    "FCCD_err_up": 0.08218862596911225,
    "FCCD_err_low": 0.08264498128046105,
    "FCCD_uncorr_err_up": 0.022373107520776925,
    "FCCD_uncorr_err_low": 0.022182661081928012,
    "FCCD_corr_err_up": 0.07908485505173786,
    "FCCD_corr_err_low": 0.07961232616983424,
    "O_Ba133_data": 0.9140054952267436,
    "O_Ba133_data_err": 0.00731579537717433,
    "a": 1.4826160369877455,
    "a_err": 0.031568453752732206,
    "b": 0.3837339796621348,
    "b_err": 0.0008643456265751
}