{
    "C_60": 569270.842318055,
    "C_60_err": 7.450970838322052e-07,
    "C_99_103": 4584.516056631284,
    "C_99_103_err": 4.569423560039943e-06,
    "O_Am241": 124.17250485896582,
    "O_Am241_err": 1.237638283796758e-07
}