{
    "C_60": 3386284.737944432,
    "C_60_err": 1.8758737808412251e-06,
    "C_99_103": 7311.9680242912145,
    "C_99_103_err": 7.457846085199481e-05,
    "O_Am241": 463.11536465898064,
    "O_Am241_err": 4.723547891535932e-06
}