{
    "C_60": 960776.9031747456,
    "C_60_err": 9.152940806927273e-07,
    "C_99_103": 5325.034978575716,
    "C_99_103_err": 6.704346673120334e-06,
    "O_Am241": 180.42640227533755,
    "O_Am241_err": 2.271612301121605e-07
}