{
    "C_60": 4143604.5757302768,
    "C_60_err": 3.6368876392064986e-06,
    "C_99_103": 7826.708474754475,
    "C_99_103_err": 3.170284478287117e-06,
    "O_Am241": 529.418540258108,
    "O_Am241_err": 2.1444663825604927e-07
}