{
    "C_60": 1997894.0781418413,
    "C_60_err": 1.6442060591856378e-06,
    "C_99_103": 6397.342634096932,
    "C_99_103_err": 2.952878536779046e-05,
    "O_Am241": 312.3006211193611,
    "O_Am241_err": 1.441513873070744e-06
}