{
    "C_60": 3756217.5207729638,
    "C_60_err": 1.8781549206495218e-06,
    "C_99_103": 7561.210642116004,
    "C_99_103_err": 3.1706776928260765e-06,
    "O_Am241": 496.7746169972837,
    "O_Am241_err": 2.083149631425943e-07
}