{
    "C_60": 779015.2005841479,
    "C_60_err": 8.191091973057049e-07,
    "C_99_103": 4971.2100052255255,
    "C_99_103_err": 3.663469006644182e-05,
    "O_Am241": 156.70534935464005,
    "O_Am241_err": 1.1548198442153426e-06
}