{
    "C_60": 1799887.7387253514,
    "C_60_err": 2.257416074451235e-06,
    "C_99_103": 6260.1335664742155,
    "C_99_103_err": 5.907036312500054e-06,
    "O_Am241": 287.5158684096688,
    "O_Am241_err": 2.7129903177374854e-07
}