{
    "C_60": 4594783.859820226,
    "C_60_err": 3.0132322883374973e-06,
    "C_99_103": 7920.099349103252,
    "C_99_103_err": 2.6317422653655075e-05,
    "O_Am241": 580.1421999006196,
    "O_Am241_err": 1.9277343753367613e-06
}