{
    "C_60": 865120.7094078864,
    "C_60_err": 7.758220502704707e-07,
    "C_99_103": 5128.182524584952,
    "C_99_103_err": 1.7385561695181914e-05,
    "O_Am241": 168.69928191136384,
    "O_Am241_err": 5.719242367354874e-07
}