{
    "C_60": 1066835.0705663366,
    "C_60_err": 1.294740889553475e-06,
    "C_99_103": 5425.7089864453355,
    "C_99_103_err": 1.356068775080034e-05,
    "O_Am241": 196.6259291148005,
    "O_Am241_err": 4.914349718069762e-07
}