{
    "C_60": 910695.4491616561,
    "C_60_err": 8.21900196999216e-06,
    "C_99_103": 37410.43711009328,
    "C_99_103_err": 3.9097071245558154e-05,
    "O_Am241": 24.34335227042701,
    "O_Am241_err": 2.5441810871567385e-08
}