{
    "C_60": 632363.9200941968,
    "C_60_err": 7.188239662054077e-07,
    "C_99_103": 4760.202788626777,
    "C_99_103_err": 7.564938707652039e-07,
    "O_Am241": 132.8439035423155,
    "O_Am241_err": 2.111216139869978e-08
}