{
    "C_60": 2217820.1514917994,
    "C_60_err": 1.9008196271153022e-06,
    "C_99_103": 6569.351479908058,
    "C_99_103_err": 9.306546734360403e-06,
    "O_Am241": 337.60107953956503,
    "O_Am241_err": 4.78266509092046e-07
}