{
    "C_60": 1621987.0400069952,
    "C_60_err": 1.3724483906209922e-06,
    "C_99_103": 6102.680659580495,
    "C_99_103_err": 2.4294075253892414e-06,
    "O_Am241": 265.78271590545467,
    "O_Am241_err": 1.0580530503747235e-07
}