{
    "C_60": 1183861.458921412,
    "C_60_err": 1.6998296377152694e-06,
    "C_99_103": 5603.12234823618,
    "C_99_103_err": 1.9103384222633713e-05,
    "O_Am241": 211.28602685145407,
    "O_Am241_err": 7.203623727793365e-07
}