{
    "C_60": 701897.846239352,
    "C_60_err": 8.43024042557379e-07,
    "C_99_103": 4853.964869875588,
    "C_99_103_err": 1.0342941149033581e-05,
    "O_Am241": 144.6029926164963,
    "O_Am241_err": 3.0812346613359627e-07
}