{
    "C_60": 1460827.5345998702,
    "C_60_err": 1.4611727413866432e-06,
    "C_99_103": 5862.999116598258,
    "C_99_103_err": 7.43194235158193e-06,
    "O_Am241": 249.16045620137322,
    "O_Am241_err": 3.158360911278169e-07
}