{
    "C_60": 2733164.554851488,
    "C_60_err": 2.4748360091114696e-06,
    "C_99_103": 6986.516959218061,
    "C_99_103_err": 2.3437192686464345e-06,
    "O_Am241": 391.2055994146455,
    "O_Am241_err": 1.312355565356193e-07
}