{
    "C_60": 2461572.275605975,
    "C_60_err": 2.5604609368151676e-06,
    "C_99_103": 6720.714381869989,
    "C_99_103_err": 1.8966789510042e-05,
    "O_Am241": 366.2664615306953,
    "O_Am241_err": 1.0336548999974039e-06
}