{
    "C_60": 1315495.7623683773,
    "C_60_err": 1.2722429105008204e-06,
    "C_99_103": 5806.940100717562,
    "C_99_103_err": 5.7185165931827905e-06,
    "O_Am241": 226.53854518076085,
    "O_Am241_err": 2.2308910232607025e-07
}