{
    "C_60": 3050639.1244005975,
    "C_60_err": 1.1379381150040946e-06,
    "C_99_103": 7152.399189117465,
    "C_99_103_err": 3.419050675187017e-05,
    "O_Am241": 426.51969552289717,
    "O_Am241_err": 2.0388857204960534e-06
}