{
    "C_60": 4569092.102505577,
    "C_60_err": 3495.3170936951597,
    "C_99_103": 7903.295876308231,
    "C_99_103_err": 81.01880674478853,
    "O_Am241": 578.1248954885237,
    "O_Am241_err": 5.942992175593835
}