{
    "C_60": 2726093.9625563896,
    "C_60_err": 1.7498290406751937e-05,
    "C_99_103": 6941.505194217118,
    "C_99_103_err": 1.4432262219146407e-05,
    "O_Am241": 392.723751734345,
    "O_Am241_err": 8.165259575563647e-07
}