{
    "C_60": 567988.8671732007,
    "C_60_err": 3.701844899697132e-06,
    "C_99_103": 4594.3001020307365,
    "C_99_103_err": 1.598598909431989e-05,
    "O_Am241": 123.62903044190402,
    "O_Am241_err": 4.301712459858977e-07
}