{
    "C_60": 1618841.8253105194,
    "C_60_err": 1.0511468466010282e-05,
    "C_99_103": 6122.188312020265,
    "C_99_103_err": 6.8401085285972035e-06,
    "O_Am241": 264.4220894238251,
    "O_Am241_err": 2.954346128037685e-07
}