{
    "C_60": 4123760.4900251236,
    "C_60_err": 2453.596103844737,
    "C_99_103": 7725.001087878322,
    "C_99_103_err": 93.63471618548462,
    "O_Am241": 533.820052983024,
    "O_Am241_err": 6.478222184629857
}