{
    "C_60": 3716321.8612927827,
    "C_60_err": 2042.1728492631241,
    "C_99_103": 7452.996260587539,
    "C_99_103_err": 79.83086691327206,
    "O_Am241": 498.6346069895674,
    "O_Am241_err": 5.348021319721825
}