{
    "C_60": 566660.5748492454,
    "C_60_err": 937.168765141812,
    "C_99_103": 4591.690041086906,
    "C_99_103_err": 64.95543031856334,
    "O_Am241": 123.41002327655164,
    "O_Am241_err": 1.7576856026108947
}