{
    "C_60": 1064447.1035432692,
    "C_60_err": 6.609206436988466e-06,
    "C_99_103": 5480.237722841814,
    "C_99_103_err": 7.924307682485678e-06,
    "O_Am241": 194.23374630385433,
    "O_Am241_err": 2.808604728149363e-07
}