{
    "C_60": 775383.6385739043,
    "C_60_err": 1014.8285765168591,
    "C_99_103": 5025.593768559018,
    "C_99_103_err": 79.07001436377055,
    "O_Am241": 154.28697071077215,
    "O_Am241_err": 2.435853489495134
}