{
    "C_60": 4581461.113182974,
    "C_60_err": 6.841621012824983e-05,
    "C_99_103": 7924.690925672662,
    "C_99_103_err": 3.370306572973655e-05,
    "O_Am241": 578.124895488475,
    "O_Am241_err": 2.458733299499586e-06
}