{
    "C_60": 1613314.221340362,
    "C_60_err": 1528.7858338195804,
    "C_99_103": 6072.04880448388,
    "C_99_103_err": 78.56557115638775,
    "O_Am241": 265.6951999708923,
    "O_Am241_err": 3.4470082186102466
}