{
    "C_60": 630838.3101608854,
    "C_60_err": 3.7490179367102167e-06,
    "C_99_103": 4754.733034688702,
    "C_99_103_err": 4.321003581037737e-06,
    "O_Am241": 132.67586330473907,
    "O_Am241_err": 1.2057567362749856e-07
}