{
    "C_60": 2213446.7684039017,
    "C_60_err": 1.4704140600466098e-05,
    "C_99_103": 6622.391225141769,
    "C_99_103_err": 1.035931628175947e-05,
    "O_Am241": 334.23678746139274,
    "O_Am241_err": 5.228467631538376e-07
}