{
    "C_60": 3726398.6260931045,
    "C_60_err": 2.4145431063785083e-05,
    "C_99_103": 7477.155883414895,
    "C_99_103_err": 1.6673803799846745e-06,
    "O_Am241": 498.37112990497394,
    "O_Am241_err": 1.1118197575050269e-07
}