{
    "C_60": 1988390.695444104,
    "C_60_err": 1796.6735446719902,
    "C_99_103": 6436.193527625734,
    "C_99_103_err": 73.95316963202562,
    "O_Am241": 308.9389228135294,
    "O_Am241_err": 3.5607301391961674
}