{
    "C_60": 1096845.9992147807,
    "C_60_err": 1.166394231330234e-06,
    "C_99_103": 40723.72078236829,
    "C_99_103_err": 0.0001337310655476765,
    "O_Am241": 26.93383556665751,
    "O_Am241_err": 8.844699475570112e-08
}