{
    "C_60": 3357962.9801532337,
    "C_60_err": 2.166038301202114e-05,
    "C_99_103": 7273.232373687643,
    "C_99_103_err": 8.039369727688924e-06,
    "O_Am241": 461.68784491216434,
    "O_Am241_err": 5.103291487103712e-07
}