{
    "C_60": 3017862.0625209706,
    "C_60_err": 2119.581902976043,
    "C_99_103": 7126.460245033332,
    "C_99_103_err": 89.03166033455824,
    "O_Am241": 423.47279838180805,
    "O_Am241_err": 5.298846557079323
}