{
    "C_60": 2207789.9365018383,
    "C_60_err": 2135.5332691441386,
    "C_99_103": 6573.285540752617,
    "C_99_103_err": 74.4856286421573,
    "O_Am241": 335.87312202005063,
    "O_Am241_err": 3.819809818495431
}