{
    "C_60": 4583589.874910349,
    "C_60_err": 3.0386396492141504e-05,
    "C_99_103": 7964.48185309229,
    "C_99_103_err": 8.263094377207762e-06,
    "O_Am241": 575.5038380972296,
    "O_Am241_err": 5.970934075926876e-07
}