{
    "C_60": 3026067.3498362354,
    "C_60_err": 2.0222048262158454e-05,
    "C_99_103": 7135.929221555699,
    "C_99_103_err": 1.3074823595833497e-05,
    "O_Am241": 424.06072928740804,
    "O_Am241_err": 7.769914658838112e-07
}