{
    "C_60": 2456279.2377272258,
    "C_60_err": 1.5816917253025364e-05,
    "C_99_103": 6774.695609204088,
    "C_99_103_err": 8.01063950945269e-06,
    "O_Am241": 362.5667305834567,
    "O_Am241_err": 4.2871807272655875e-07
}