{
    "C_60": 700375.7148109558,
    "C_60_err": 4.407119390463336e-06,
    "C_99_103": 4871.687948387483,
    "C_99_103_err": 4.643732540960789e-06,
    "O_Am241": 143.76448619677672,
    "O_Am241_err": 1.3704046241844258e-07
}