{
    "C_60": 777087.3428921807,
    "C_60_err": 4.9759659769216605e-06,
    "C_99_103": 5011.613663635209,
    "C_99_103_err": 1.6972186016356987e-05,
    "O_Am241": 155.05731188555242,
    "O_Am241_err": 5.251135505329904e-07
}