{
    "C_60": 1178673.8460615778,
    "C_60_err": 1471.1699451743507,
    "C_99_103": 5618.593808519959,
    "C_99_103_err": 77.92034156471149,
    "O_Am241": 209.78093206778053,
    "O_Am241_err": 2.9210638985334634
}