{
    "C_60": 1457434.0578038457,
    "C_60_err": 8.846235215768591e-06,
    "C_99_103": 5916.572310292158,
    "C_99_103_err": 1.0061215590333303e-05,
    "O_Am241": 246.33081138357255,
    "O_Am241_err": 4.1889172607097583e-07
}