{
    "C_60": 2449931.8101846403,
    "C_60_err": 2061.404386246794,
    "C_99_103": 6725.230987288533,
    "C_99_103_err": 87.21669178781794,
    "O_Am241": 364.2896154519147,
    "O_Am241_err": 4.734251926738156
}