{
    "C_60": 1096845.9992147807,
    "C_60_err": 2900.103365452876,
    "C_99_103": 40723.7207823683,
    "C_99_103_err": 397.0332174687889,
    "O_Am241": 26.933835566657507,
    "O_Am241_err": 0.2720749357789468
}