{
    "C_60": 1312192.9862567894,
    "C_60_err": 8.200112862292303e-06,
    "C_99_103": 5738.966403527186,
    "C_99_103_err": 2.0932781939819483e-05,
    "O_Am241": 228.6462219835111,
    "O_Am241_err": 8.339844135958846e-07
}