{
    "C_60": 1337823.0378383566,
    "C_60_err": 1.3245460264276615e-06,
    "C_99_103": 39038.84847856827,
    "C_99_103_err": 4.7123412252008236e-05,
    "O_Am241": 34.26901893821999,
    "O_Am241_err": 4.136581157078722e-08
}