{
    "C_60": 629082.032209949,
    "C_60_err": 962.4478431144469,
    "C_99_103": 4770.588027841972,
    "C_99_103_err": 78.46009273164552,
    "O_Am241": 131.86676957610217,
    "O_Am241_err": 2.178127235383764
}