{
    "C_60": 1791351.4517507353,
    "C_60_err": 1422.9943629832908,
    "C_99_103": 6256.175630713413,
    "C_99_103_err": 87.57415666661811,
    "O_Am241": 286.33330607863087,
    "O_Am241_err": 4.014551911612465
}