{
    "C_60": 1061202.2777259084,
    "C_60_err": 1166.0412380061657,
    "C_99_103": 5413.739410065914,
    "C_99_103_err": 83.05575074000161,
    "O_Am241": 196.02019922731893,
    "O_Am241_err": 3.014978551048832
}