{
    "C_60": 2720041.355634631,
    "C_60_err": 1578.3018480035912,
    "C_99_103": 6915.326389559981,
    "C_99_103_err": 85.22915394766994,
    "O_Am241": 393.33520970768035,
    "O_Am241_err": 4.8530984850164165
}