{
    "C_60": 1452998.802429195,
    "C_60_err": 1297.1432713134461,
    "C_99_103": 5900.551542987103,
    "C_99_103_err": 76.57806025875068,
    "O_Am241": 246.24796374435653,
    "O_Am241_err": 3.203387409487432
}