{
    "C_60": 698593.0819022005,
    "C_60_err": 839.2851834677823,
    "C_99_103": 4867.34599137323,
    "C_99_103_err": 73.74984371399691,
    "O_Am241": 143.52648920795244,
    "O_Am241_err": 2.1815332914874563
}