{
    "C_60": 956085.7414546658,
    "C_60_err": 1145.336260598053,
    "C_99_103": 5280.088335363505,
    "C_99_103_err": 70.70194102158214,
    "O_Am241": 181.0738155744973,
    "O_Am241_err": 2.434315530139879
}