{
    "C_60": 1308650.1205749824,
    "C_60_err": 1594.4152006843162,
    "C_99_103": 5727.305376514101,
    "C_99_103_err": 77.62754565921182,
    "O_Am241": 228.4931629351125,
    "O_Am241_err": 3.1094693303016436
}