{
    "C_60": 4133954.7763890997,
    "C_60_err": 2.6822859333450882e-05,
    "C_99_103": 7774.450199024016,
    "C_99_103_err": 1.5533871963482194e-05,
    "O_Am241": 531.7359646741406,
    "O_Am241_err": 1.0624496567199949e-06
}