{
    "C_60": 1181793.3083420987,
    "C_60_err": 7.059290360344507e-06,
    "C_99_103": 5594.6291889726035,
    "C_99_103_err": 1.416643115359247e-05,
    "O_Am241": 211.23711124081183,
    "O_Am241_err": 5.348851941506834e-07
}