{
    "C_60": 862179.8145719242,
    "C_60_err": 5.436503336831572e-06,
    "C_99_103": 5143.384850505524,
    "C_99_103_err": 3.3360605785707952e-06,
    "O_Am241": 167.62887468690658,
    "O_Am241_err": 1.0873121922769721e-07
}