{
    "C_60": 860494.6484910576,
    "C_60_err": 1098.682161786287,
    "C_99_103": 5133.534935003516,
    "C_99_103_err": 70.26714345763097,
    "O_Am241": 167.6222445908938,
    "O_Am241_err": 2.3043512822105603
}