{
    "C_60": 1993764.2128471187,
    "C_60_err": 1.2546982304717166e-05,
    "C_99_103": 6416.693506228328,
    "C_99_103_err": 5.141243425224087e-06,
    "O_Am241": 310.7152010473747,
    "O_Am241_err": 2.4896182998322985e-07
}