{
    "C_60": 1795567.2772341142,
    "C_60_err": 1.0985743615493648e-05,
    "C_99_103": 6256.755302486402,
    "C_99_103_err": 7.104461505478634e-06,
    "O_Am241": 286.98058185535325,
    "O_Am241_err": 3.2586732174413334e-07
}