{
    "C_60": 3351471.658287476,
    "C_60_err": 2421.657405536432,
    "C_99_103": 7253.537691955561,
    "C_99_103_err": 89.29848532601427,
    "O_Am241": 462.0464938101005,
    "O_Am241_err": 5.698055117589921
}