{
    "C_60": 958507.0880371626,
    "C_60_err": 6.236713992443035e-06,
    "C_99_103": 5309.090248334553,
    "C_99_103_err": 9.650178590890127e-06,
    "O_Am241": 180.540741106792,
    "O_Am241_err": 3.281657451331107e-07
}