{
    "C_60": 1099182.9052208278,
    "C_60_err": 1.4301408837909257e-06,
    "C_99_103": 40904.26334311162,
    "C_99_103_err": 0.0001384519919103499,
    "O_Am241": 26.872086559797022,
    "O_Am241_err": 9.095614690950266e-08
}