{
    "cuspEmax_ctc": {
        "resolution": [
            0.1603578703792167,
            0.0016306867977525425,
            2.9578302040240557e-07
        ],
        "calibration": [
            0.08256710262529145,
            0.16147583049935646
        ]
    }
}