{
    "cuspEmax_ctc": {
        "resolution": [
            0.15793319112439755,
            0.0017105950609967032,
            6.525965058106969e-08
        ],
        "calibration": [
            0.08255190786976933,
            0.16872129093273544
        ]
    }
}