{
    "cuspEmax_ctc": {
        "resolution": [
            0.16319486999644806,
            0.001570273829092157,
            4.210420188397712e-07
        ],
        "calibration": [
            0.08256676475393544,
            0.16357433040029265
        ]
    }
}