{
    "cuspEmax_ctc": {
        "resolution": [
            0.13397408385571427,
            0.0016950567122090768,
            5.658846222065043e-22
        ],
        "calibration": [
            0.09174957006084421,
            0.07982568190386315
        ]
    }
}