{
    "cuspEmax_ctc": {
        "resolution": [
            0.13153051841359578,
            0.0016665296268989465,
            9.514970300434839e-26
        ],
        "calibration": [
            0.09174299098322225,
            0.10076045640156496
        ]
    }
}