{
    "cuspEmax_ctc": {
        "resolution": [
            0.3208322505082525,
            2.7260438748940415e-16,
            1.1781561335178285e-05
        ],
        "calibration": [
            0.052131222467461394,
            0.32627817314748697
        ]
    }
}