{
    "C_79": 55261.810125852186,
    "C_79_err": 99.61922443509077,
    "C_81": 686080.5860907937,
    "C_81_err": 1236.7820694016932,
    "C_356": 1129683.1287260253,
    "C_356_err": 2040.6283425188026,
    "C_161": 16794.03679426837,
    "C_161_err": 220.11150030236755,
    "C_223": 10543.018261722123,
    "C_223_err": 229.86818547339203,
    "C_276": 148110.2554793632,
    "C_276_err": 287.30301839144676,
    "C_303": 371403.755574886,
    "C_303_err": 595.7685538384953,
    "C_383": 162461.57005297457,
    "C_383_err": 386.8615356554227,
    "O_Ba133": 0.6562392385665511,
    "O_Ba133_err": 0.0016160369899180138
}