{
    "C_79": 63250.606264514114,
    "C_79_err": 112.7495559318409,
    "C_81": 785262.243812266,
    "C_81_err": 1399.7963736443644,
    "C_356": 1169325.511946335,
    "C_356_err": 2277.415057592593,
    "C_161": 17718.67083220469,
    "C_161_err": 286.9632071388125,
    "C_223": 10884.498939295505,
    "C_223_err": 243.5499105248905,
    "C_276": 153425.18560073667,
    "C_276_err": 479.67541444779073,
    "C_303": 384446.6086905655,
    "C_303_err": 654.5120841632047,
    "C_383": 168618.66385428622,
    "C_383_err": 422.52345490353093,
    "O_Ba133": 0.7256429808534972,
    "O_Ba133_err": 0.00185464654501832
}