{
    "C_79": 48344.45775971132,
    "C_79_err": 82.82633610674915,
    "C_81": 600201.0038847065,
    "C_81_err": 1028.296776570584,
    "C_356": 1091223.4150244487,
    "C_356_err": 1792.6448600601866,
    "C_161": 15586.198284297176,
    "C_161_err": 301.75809648904465,
    "C_223": 10336.15798494398,
    "C_223_err": 254.38790308710796,
    "C_276": 143170.19567703916,
    "C_276_err": 396.1492588867583,
    "C_303": 358546.21333472093,
    "C_303_err": 647.5491660726271,
    "C_383": 156564.25538760048,
    "C_383_err": 380.85097982212204,
    "O_Ba133": 0.5943287623001449,
    "O_Ba133_err": 0.0013590516901068417
}