{
    "C_79": 16419.609328280512,
    "C_79_err": 54.14486759282696,
    "C_81": 203850.99883035006,
    "C_81_err": 672.2136391713235,
    "C_356": 334490.8403407689,
    "C_356_err": 1111.7927941195983,
    "C_161": 5077.67653618004,
    "C_161_err": 240.7451902402059,
    "C_223": 3392.6289613926183,
    "C_223_err": 124.86618909704579,
    "C_276": 43244.71918502792,
    "C_276_err": 207.6570759566629,
    "C_303": 107290.93551677874,
    "C_303_err": 350.0318837959721,
    "C_383": 47196.592764684225,
    "C_383_err": 250.68564340359785,
    "O_Ba133": 0.6585250822839445,
    "O_Ba133_err": 0.0029758898216511015
}