{
    "C_79": 72436.69609410074,
    "C_79_err": 149.55784055636752,
    "C_81": 899308.4156588543,
    "C_81_err": 1856.774699737544,
    "C_356": 1209915.5702368903,
    "C_356_err": 2542.0113893008997,
    "C_161": 18606.774704257892,
    "C_161_err": 336.63563973232345,
    "C_223": 11373.262487963115,
    "C_223_err": 206.99050842928776,
    "C_276": 158434.74203858126,
    "C_276_err": 419.8942676185655,
    "C_303": 397717.46120617,
    "C_303_err": 531.1533475611992,
    "C_383": 175270.5646994916,
    "C_383_err": 526.8196980136503,
    "O_Ba133": 0.8031511748895803,
    "O_Ba133_err": 0.0022842317078739733
}