{
    "C_79": 19059.073796836972,
    "C_79_err": 41.74166477383706,
    "C_81": 236620.1992135653,
    "C_81_err": 518.2267060600904,
    "C_356": 850291.3540236943,
    "C_356_err": 1045.9819602019888,
    "C_161": 11546.052238436432,
    "C_161_err": 279.78530791156,
    "C_223": 7915.728056201015,
    "C_223_err": 230.5679454021005,
    "C_276": 111432.64409286632,
    "C_276_err": 293.43488832060314,
    "C_303": 278438.3531336515,
    "C_303_err": 555.5463685505091,
    "C_383": 120600.8837635526,
    "C_383_err": 388.92196955085086,
    "O_Ba133": 0.3006960752928901,
    "O_Ba133_err": 0.0007146250808876753
}