{
    "C_79": 48327.29878580354,
    "C_79_err": 83.48966500461448,
    "C_81": 599987.9736048825,
    "C_81_err": 1036.53206741578,
    "C_356": 1091141.2133404857,
    "C_356_err": 1940.26987369697,
    "C_161": 15977.44579714463,
    "C_161_err": 282.09146436734335,
    "C_223": 10333.398311564939,
    "C_223_err": 262.09906176902444,
    "C_276": 143109.31006061254,
    "C_276_err": 377.5970176553625,
    "C_303": 358613.8712480183,
    "C_303_err": 534.0646364896227,
    "C_383": 156388.00228191953,
    "C_383_err": 433.09654971696216,
    "O_Ba133": 0.594162574435159,
    "O_Ba133_err": 0.0014228645350396708
}