{
    "C_79": 55564.17970513853,
    "C_79_err": 100.64745972156828,
    "C_81": 689834.5329430385,
    "C_81_err": 1249.54770748664,
    "C_356": 1131193.2625351823,
    "C_356_err": 2127.6634003626978,
    "C_161": 16487.33076770747,
    "C_161_err": 262.1036656322932,
    "C_223": 10587.58390613458,
    "C_223_err": 200.86061079047263,
    "C_276": 148560.36157512432,
    "C_276_err": 334.5060582180126,
    "C_303": 371868.1477312565,
    "C_303_err": 563.1168842825173,
    "C_383": 162667.94435793525,
    "C_383_err": 397.9895898458081,
    "O_Ba133": 0.6589490384495582,
    "O_Ba133_err": 0.001662611620166568
}