{
    "C_79": 83173.80189421761,
    "C_79_err": 167.93010204267097,
    "C_81": 1032610.5971017957,
    "C_81_err": 2084.868059322217,
    "C_356": 1249806.690740636,
    "C_356_err": 2883.9615798364403,
    "C_161": 19556.95608266806,
    "C_161_err": 248.32440484004397,
    "C_223": 11897.814788765163,
    "C_223_err": 205.3253775392169,
    "C_276": 163615.23489327045,
    "C_276_err": 434.9964064124046,
    "C_303": 410263.0256603075,
    "C_303_err": 665.2758584445208,
    "C_383": 181434.49932527542,
    "C_383_err": 985.4364757765385,
    "O_Ba133": 0.8927655830797312,
    "O_Ba133_err": 0.002654188315228522
}