{
    "C_79": 42306.63632786525,
    "C_79_err": 79.36678814774523,
    "C_81": 525240.8812025444,
    "C_81_err": 985.3461622871012,
    "C_356": 1053898.1962253253,
    "C_356_err": 1461.8417832455002,
    "C_161": 15229.860274552593,
    "C_161_err": 237.22216594103116,
    "C_223": 10245.437062740195,
    "C_223_err": 169.23521645683098,
    "C_276": 138169.19888341427,
    "C_276_err": 427.29733516355697,
    "C_303": 345774.9252806421,
    "C_303_err": 668.6420785420737,
    "C_383": 150745.3618665179,
    "C_383_err": 428.4995461116144,
    "O_Ba133": 0.5385221452728125,
    "O_Ba133_err": 0.001199074462853645
}