{
    "C_79": 42306.96765258661,
    "C_79_err": 69.91459336723088,
    "C_81": 525244.9946302164,
    "C_81_err": 867.9962723705269,
    "C_356": 1053592.967796066,
    "C_356_err": 1714.6683322660833,
    "C_161": 15367.188759049925,
    "C_161_err": 330.6404128605562,
    "C_223": 9951.59915371115,
    "C_223_err": 216.8348030917624,
    "C_276": 138134.99500105035,
    "C_276_err": 386.88792347238984,
    "C_303": 346001.94014210836,
    "C_303_err": 626.0974246535656,
    "C_383": 150536.7382014096,
    "C_383_err": 357.6785692367472,
    "O_Ba133": 0.5386823751016708,
    "O_Ba133_err": 0.0012048595091624472
}