{
    "C_79": 16507.788773466353,
    "C_79_err": 54.867195524506535,
    "C_81": 204945.7549611442,
    "C_81_err": 681.1814085872699,
    "C_356": 336290.9856625278,
    "C_356_err": 1100.5462153233589,
    "C_161": 5105.837592378398,
    "C_161_err": 237.30170328351653,
    "C_223": 3412.0132000072804,
    "C_223_err": 124.4101482483346,
    "C_276": 43490.81731178898,
    "C_276_err": 214.49328087418124,
    "C_303": 107894.73656695959,
    "C_303_err": 350.65706995979497,
    "C_383": 47481.15454272681,
    "C_383_err": 252.93572164785152,
    "O_Ba133": 0.6585176325744334,
    "O_Ba133_err": 0.002962071220702019
}