{
    "C_79": 19047.4348369766,
    "C_79_err": 42.245365962044126,
    "C_81": 236475.70042887513,
    "C_81_err": 524.480203830661,
    "C_356": 849966.7295438249,
    "C_356_err": 1156.5470989794471,
    "C_161": 11580.313066926388,
    "C_161_err": 200.84588108808072,
    "C_223": 8044.245251462357,
    "C_223_err": 218.34125854916792,
    "C_276": 111295.1977656812,
    "C_276_err": 403.5497846363069,
    "C_303": 278577.74983887793,
    "C_303_err": 597.3928384848082,
    "C_383": 120486.82823200965,
    "C_383_err": 308.5210846210545,
    "O_Ba133": 0.30062722031836514,
    "O_Ba133_err": 0.0007420007650575963
}