{
    "C_79": 55546.484423397655,
    "C_79_err": 112.60431126678476,
    "C_81": 689614.8443508492,
    "C_81_err": 1397.9931474253654,
    "C_356": 1131148.3187907492,
    "C_356_err": 2022.4939128142394,
    "C_161": 16867.51164467243,
    "C_161_err": 276.41457965386,
    "C_223": 10593.826736881541,
    "C_223_err": 263.50116780302176,
    "C_276": 148314.12955157217,
    "C_276_err": 334.30157904215054,
    "C_303": 371912.50615512964,
    "C_303_err": 668.9913544262517,
    "C_383": 162513.9400686108,
    "C_383_err": 405.0289741560995,
    "O_Ba133": 0.6587653594100369,
    "O_Ba133_err": 0.0017101925149272446
}