{
    "C_79": 83176.85496207251,
    "C_79_err": 188.44642957853114,
    "C_81": 1032648.501227263,
    "C_81_err": 2339.5802011825185,
    "C_356": 1249370.8816210364,
    "C_356_err": 2971.5438704452713,
    "C_161": 19561.96159241708,
    "C_161_err": 285.3815836763309,
    "C_223": NaN,
    "C_223_err": NaN,
    "C_276": 163390.88650379868,
    "C_276_err": 429.56779038283617,
    "C_303": 410395.63556278055,
    "C_303_err": 696.6544305578426,
    "C_383": 181609.37992136934,
    "C_383_err": 936.2717384897024,
    "O_Ba133": 0.8931097823742874,
    "O_Ba133_err": 0.0028357778799454753
}