{
    "C_79": 72447.21650241916,
    "C_79_err": 141.54599426466226,
    "C_81": 899439.0275205998,
    "C_81_err": 1757.3068721914674,
    "C_356": 1210066.8820432154,
    "C_356_err": 2547.244743092333,
    "C_161": 18840.641395157418,
    "C_161_err": 282.3127262821911,
    "C_223": 11411.646157898916,
    "C_223_err": 263.9601886973722,
    "C_276": 158550.1029774012,
    "C_276_err": 427.1442342476726,
    "C_303": 397697.86496305565,
    "C_303_err": 577.8952925955417,
    "C_383": 175162.80333483336,
    "C_383_err": 486.2513147601801,
    "O_Ba133": 0.8031673773122152,
    "O_Ba133_err": 0.002231851115507253
}