{
    "C_79": 63242.0382444334,
    "C_79_err": 119.89298317106979,
    "C_81": 785155.8710346629,
    "C_81_err": 1488.482696727621,
    "C_356": 1169287.6857566289,
    "C_356_err": 2175.007267729846,
    "C_161": 17733.69507674197,
    "C_161_err": 300.47157310870097,
    "C_223": 11192.08402542044,
    "C_223_err": 247.10891992634396,
    "C_276": 153374.11050808112,
    "C_276_err": 486.4765019821443,
    "C_303": 384533.9090518526,
    "C_303_err": 734.5147987972504,
    "C_383": 168756.91572488155,
    "C_383_err": 393.41129999427415,
    "O_Ba133": 0.7255681553937776,
    "O_Ba133_err": 0.0018580964970220416
}