{
    "C_79": 55271.81464835736,
    "C_79_err": 94.07492586281845,
    "C_81": 686204.7931815046,
    "C_81_err": 1167.949079579897,
    "C_356": 1129651.113910745,
    "C_356_err": 1872.9293285354586,
    "C_161": 16652.855492829476,
    "C_161_err": 318.525360136819,
    "C_223": 10626.647657779797,
    "C_223_err": 197.97506469746716,
    "C_276": 148124.63036901812,
    "C_276_err": 395.0286683573009,
    "C_303": 371454.6325166119,
    "C_303_err": 600.8049761610954,
    "C_383": 162307.38923311644,
    "C_383_err": 460.72851837986303,
    "O_Ba133": 0.6563766446995659,
    "O_Ba133_err": 0.001503391420417703
}