{
    "C_79": 95128.5300198451,
    "C_79_err": 255.41654945017973,
    "C_81": 1181029.6745859978,
    "C_81_err": 3171.020557324873,
    "C_356": 1275821.8036806425,
    "C_356_err": 3100.319488559235,
    "C_161": 20451.204021024263,
    "C_161_err": 303.6779672755224,
    "C_223": 11812.15551123318,
    "C_223_err": 183.7217239751125,
    "C_276": 166827.97813122996,
    "C_276_err": 401.0533518098659,
    "C_303": 418273.8558466286,
    "C_303_err": 593.4652458454901,
    "C_383": 186734.47719946003,
    "C_383_err": 3024.0943650705913,
    "O_Ba133": 1.0002636739113802,
    "O_Ba133_err": 0.0034822328306456933
}