{
    "C_79": 95113.66741041577,
    "C_79_err": 252.01413991746153,
    "C_81": 1180845.1538878055,
    "C_81_err": 3128.7793219941454,
    "C_356": 1276145.9210195136,
    "C_356_err": 3201.0735205280826,
    "C_161": 20518.12959407948,
    "C_161_err": 293.1268878106731,
    "C_223": 11890.221567595432,
    "C_223_err": 257.5712004972085,
    "C_276": 166681.34575848008,
    "C_276_err": 405.20038357676475,
    "C_303": 418383.5689869113,
    "C_303_err": 584.9938497282162,
    "C_383": 186592.41709231408,
    "C_383_err": 3035.005507378073,
    "O_Ba133": 0.9998533868907854,
    "O_Ba133_err": 0.003512864293462575
}