{
    "cuspEmax_ctc": {
        "resolution": [
            0.18539010625322616,
            1.2597713575116701e-22,
            1.185211902507491e-05
        ],
        "calibration": [
            0.08354042721589973,
            -0.0006023709429548754
        ]
    }
}