{
    "zacEftp": {
        "resolution": [
            0.16407717365609484,
            0.0019431906418974343,
            1.6827142665462827e-27
        ],
        "calibration": [
            0.08311453674812792,
            0.2579777665049423
        ]
    }
}