{
    "zacEftp": {
        "resolution": [
            0.16342287591496554,
            0.0019299071948767562,
            3.736791426949945e-17
        ],
        "calibration": [
            0.08309726536240292,
            0.2656386631821658
        ]
    }
}