{
    "cuspEmax_ctc": {
        "resolution": [
            0.18180920864833855,
            3.333570252830852e-18,
            1.2549162439790986e-05
        ],
        "calibration": [
            0.08346249713065929,
            0.0571069788410092
        ]
    }
}