{
    "cuspEmax_ctc": {
        "resolution": [
            0.3465272392205064,
            0.002062129010860728,
            2.064082415161493e-25
        ],
        "calibration": [
            0.06337986510572755,
            0.10048331228598828
        ]
    }
}