{
    "cuspEmax_ctc": {
        "resolution": [
            0.3216764913735125,
            0.002067190482381794,
            1.1180446723606878e-24
        ],
        "calibration": [
            0.07897927504168718,
            -0.06495363304045375
        ]
    }
}