{
    "C_60": 862840.0753700804,
    "C_60_err": 0.0002522435294681491,
    "C_99_103": 5124.447867134468,
    "C_99_103_err": 6.245873457262673e-07,
    "O_Am241": 168.37717891597376,
    "O_Am241_err": 5.333037907527746e-08
}