{
    "C_60": 1064597.5817232716,
    "C_60_err": 0.0003018011942549498,
    "C_99_103": 5430.794977145854,
    "C_99_103_err": 4.3409646699184117e-07,
    "O_Am241": 196.02978683661692,
    "O_Am241_err": 5.7738985592770766e-08
}