{
    "C_60": 958208.4771142374,
    "C_60_err": 0.0002777103696925687,
    "C_99_103": 5274.350083123313,
    "C_99_103_err": 4.42064567821596e-07,
    "O_Am241": 181.67327955349046,
    "O_Am241_err": 5.481052136832129e-08
}