{
    "C_60": 2725835.6075946083,
    "C_60_err": 0.0008057071201318655,
    "C_99_103": 6914.75012220748,
    "C_99_103_err": 8.626340575721998e-07,
    "O_Am241": 394.20594517801703,
    "O_Am241_err": 1.26473031487023e-07
}