{
    "C_60": 643430.8420793433,
    "C_60_err": 4.606543876482794e-05,
    "C_99_103": 33400.36996068336,
    "C_99_103_err": 0.0002002484180593637,
    "O_Am241": 19.26418308649713,
    "O_Am241_err": 1.1550462543089288e-07
}