{
    "C_60": 1796418.776206834,
    "C_60_err": 0.0005257237271960591,
    "C_99_103": 6261.082013457863,
    "C_99_103_err": 6.404146234086257e-07,
    "O_Am241": 286.91826306467914,
    "O_Am241_err": 8.894781586815088e-08
}