{
    "C_60": 3725725.3373596305,
    "C_60_err": 0.0010894551212817238,
    "C_99_103": 7473.3497442822745,
    "C_99_103_err": 9.91739499749079e-07,
    "O_Am241": 498.53485583357264,
    "O_Am241_err": 1.6008814895703124e-07
}