{
    "C_60": 4580184.362216704,
    "C_60_err": 0.0013228465353601337,
    "C_99_103": 7930.911175713092,
    "C_99_103_err": 1.0013916997941678e-06,
    "O_Am241": 577.5104853327127,
    "O_Am241_err": 1.820389617710541e-07
}