{
    "C_60": 567825.8858484891,
    "C_60_err": 0.0001660948415766958,
    "C_99_103": 4578.580159499484,
    "C_99_103_err": 7.382940850857297e-07,
    "O_Am241": 124.01789770358899,
    "O_Am241_err": 4.1423392249980253e-08
}