{
    "C_60": 1993548.854622749,
    "C_60_err": 0.0005862145309612488,
    "C_99_103": 6409.297830746701,
    "C_99_103_err": 8.691774572571354e-07,
    "O_Am241": 311.0401337661812,
    "O_Am241_err": 1.0072101811329646e-07
}