{
    "C_60": 63387.67904558944,
    "C_60_err": 4.662638375153849e-06,
    "C_99_103": 3593.462158850283,
    "C_99_103_err": 4.17045128201348e-06,
    "O_Am241": 17.639723543344655,
    "O_Am241_err": 2.051314774208141e-08
}