{
    "C_60": 777223.7312851406,
    "C_60_err": 0.00022761922943558,
    "C_99_103": 4988.441819366788,
    "C_99_103_err": 6.03140689758733e-07,
    "O_Am241": 155.80491051688725,
    "O_Am241_err": 4.936502391033141e-08
}