{
    "C_60": 1457662.9071557224,
    "C_60_err": 0.00043109730087545484,
    "C_99_103": 5879.289871041257,
    "C_99_103_err": 6.494187613061489e-07,
    "O_Am241": 247.93179773896088,
    "O_Am241_err": 7.827209188000478e-08
}