{
    "C_60": 63198.88514416744,
    "C_60_err": 5.253616124590785e-06,
    "C_99_103": 2561.0464850316203,
    "C_99_103_err": 1.7200311514793763e-05,
    "O_Am241": 24.67697697544414,
    "O_Am241_err": 1.6574638748612018e-07
}