{
    "cuspEmax_ctc": {
        "resolution": [
            0.4524921651478179,
            0.0017994603092212809,
            8.03755277038925e-27
        ],
        "calibration": [
            0.08488821064869295,
            -0.5506375290235865
        ]
    }
}