{
    "C_79": 42528.06652037755,
    "C_79_err": 73.93360833426794,
    "C_81": 527989.9579322328,
    "C_81_err": 917.8927223386474,
    "C_356": 971959.4797013947,
    "C_356_err": 1792.4566185307187,
    "C_161": 15035.794739658004,
    "C_161_err": 278.6634737730226,
    "C_223": 9840.316902096534,
    "C_223_err": 238.29897275403047,
    "C_276": 131079.73351481598,
    "C_276_err": 379.01706332501124,
    "C_303": 324715.02458838944,
    "C_303_err": 596.6265632873083,
    "C_383": 137476.41746119177,
    "C_383_err": 455.9689243045859,
    "O_Ba133": 0.5869771696942395,
    "O_Ba133_err": 0.0014385409654487514
}