{
    "C_79": 70964.26205947631,
    "C_79_err": 113.9070590721897,
    "C_81": 881028.0082100871,
    "C_81_err": 1414.166884330204,
    "C_356": 1096982.6280413412,
    "C_356_err": 2880.4970563244356,
    "C_161": 18191.465450810985,
    "C_161_err": 254.34641917484743,
    "C_223": 10849.420017976601,
    "C_223_err": 196.21494955432172,
    "C_276": 148079.23033376163,
    "C_276_err": 405.4085112702116,
    "C_303": 366205.25370316935,
    "C_303_err": 634.7758429358352,
    "C_383": 157151.55789129421,
    "C_383_err": 510.6139982333949,
    "O_Ba133": 0.8678280274769186,
    "O_Ba133_err": 0.002620206810091055
}