{
    "C_79": 62483.46023769364,
    "C_79_err": 103.72994964123444,
    "C_81": 775738.0535170215,
    "C_81_err": 1287.8171106402312,
    "C_356": 1065123.453725365,
    "C_356_err": 2549.3486103379737,
    "C_161": 17036.024608394007,
    "C_161_err": 264.4975883265182,
    "C_223": 10708.539600810023,
    "C_223_err": 154.23341948006149,
    "C_276": 143816.05388996602,
    "C_276_err": 387.5525627972672,
    "C_303": 356024.3710395687,
    "C_303_err": 641.4144352082584,
    "C_383": 152075.15707454833,
    "C_383_err": 394.96339479675163,
    "O_Ba133": 0.7869712293189677,
    "O_Ba133_err": 0.002240377979147476
}