{
    "C_79": 14202.748859275967,
    "C_79_err": 99.16573296422123,
    "C_81": 176328.46696988246,
    "C_81_err": 1231.1519300086336,
    "C_356": 232269.22929405616,
    "C_356_err": 1017.8913227343583,
    "C_161": 3624.740964475299,
    "C_161_err": 110.53698197494303,
    "C_223": 2300.890594039031,
    "C_223_err": 103.06815659859356,
    "C_276": 31030.052783099953,
    "C_276_err": 169.28696352021208,
    "C_303": 75484.14234054796,
    "C_303_err": 351.353480753926,
    "C_383": 32676.809794095716,
    "C_383_err": 206.53748414859223,
    "O_Ba133": 0.8203033023713322,
    "O_Ba133_err": 0.006418811101006703
}