{
    "C_79": 48347.33752962782,
    "C_79_err": 84.70721720728733,
    "C_81": 600236.7564999103,
    "C_81_err": 1051.6480928753783,
    "C_356": 1002145.9084887089,
    "C_356_err": 2034.7950650189694,
    "C_161": 15547.787301374776,
    "C_161_err": 213.45257497870665,
    "C_223": 10201.382795339812,
    "C_223_err": 172.92626649570542,
    "C_276": 135407.54358853903,
    "C_276_err": 359.33987954211665,
    "C_303": 334987.4353772499,
    "C_303_err": 465.48092026225856,
    "C_383": 142268.5848972885,
    "C_383_err": 455.5547625412939,
    "O_Ba133": 0.6471952722010695,
    "O_Ba133_err": 0.0016838079013647594
}