{
    "C_79": 20102.27171276099,
    "C_79_err": 59.705585889494785,
    "C_81": 249571.59975465026,
    "C_81_err": 741.2504814205201,
    "C_356": 803944.8647440671,
    "C_356_err": 1172.1024186375098,
    "C_161": 11579.707263657121,
    "C_161_err": 214.28014481833677,
    "C_223": 1256.534990336391,
    "C_223_err": 0.0,
    "C_276": 108795.54621831261,
    "C_276_err": 309.698170311389,
    "C_303": 267915.32803345926,
    "C_303_err": 550.870581068448,
    "C_383": NaN,
    "C_383_err": NaN,
    "O_Ba133": 0.33543826609709226,
    "O_Ba133_err": 0.0010463261205158395
}