{
    "C_79": 54939.82823942717,
    "C_79_err": 103.54849781091818,
    "C_81": 682083.150595153,
    "C_81_err": 1285.564369048758,
    "C_356": 1033126.0984560953,
    "C_356_err": 2349.23658045969,
    "C_161": 16309.18551215048,
    "C_161_err": 212.48810893347144,
    "C_223": 10501.509128522057,
    "C_223_err": 153.71770068070802,
    "C_276": 139578.376280263,
    "C_276_err": 384.72034041683685,
    "C_303": 345463.8314467459,
    "C_303_err": 592.636718462987,
    "C_383": 147034.3309123593,
    "C_383_err": 381.16711765887305,
    "O_Ba133": 0.7133911145367328,
    "O_Ba133_err": 0.002046932110740698
}