{
    "C_79": 90604.03851475193,
    "C_79_err": 205.47198919013542,
    "C_81": 1124857.685711431,
    "C_81_err": 2550.954129945455,
    "C_356": 1147656.1371422338,
    "C_356_err": 3302.416513082118,
    "C_161": 19811.022695557884,
    "C_161_err": 261.3720565488341,
    "C_223": 11243.380296288036,
    "C_223_err": 167.67696699183483,
    "C_276": 154673.0960642721,
    "C_276_err": 401.96289717220753,
    "C_303": 382452.9797007354,
    "C_303_err": 695.1615712732354,
    "C_383": 165900.83795585137,
    "C_383_err": 2463.848001609074,
    "O_Ba133": 1.0590817971424709,
    "O_Ba133_err": 0.0037762658453029427
}