{
    "C_79": 66107.50783611355,
    "C_79_err": 112.7511403754885,
    "C_81": 820730.9463427106,
    "C_81_err": 1399.8160446617253,
    "C_356": 1079163.515237346,
    "C_356_err": 2708.5619110174002,
    "C_161": 17824.569712046876,
    "C_161_err": 271.21978407847047,
    "C_223": 10935.002248530196,
    "C_223_err": 173.51442545371262,
    "C_276": 145716.9404823141,
    "C_276_err": 376.7520262648222,
    "C_303": 360654.2065764927,
    "C_303_err": 548.5385790332911,
    "C_383": 154335.85030188248,
    "C_383_err": 423.2854985055094,
    "O_Ba133": 0.8217832067680468,
    "O_Ba133_err": 0.002438782584271421
}