{
    "C_79": 80545.64097613754,
    "C_79_err": 160.18315066220325,
    "C_81": 999981.7313641009,
    "C_81_err": 1988.6889270892405,
    "C_356": 1127657.0589339458,
    "C_356_err": 2905.266548342419,
    "C_161": 18964.558537552457,
    "C_161_err": 265.98251427115997,
    "C_223": 11252.074617324817,
    "C_223_err": 155.49718991725223,
    "C_276": 152052.58495592794,
    "C_276_err": 428.96018894349885,
    "C_303": 376420.1748337799,
    "C_303_err": 644.7444364215653,
    "C_383": 162154.83572551477,
    "C_383_err": 891.6994819694812,
    "O_Ba133": 0.9582056563914365,
    "O_Ba133_err": 0.0030372318615807087
}