{
    "FCCD": 1.4205156464121105,
    "FCCD_err_up": 0.04416625662191165,
    "FCCD_err_low": 0.05989116025159835,
    "O_Am241_data": 307.25906026085505,
    "O_Am241_data_err": 2.645754979834811,
    "a": 882.7477816478817,
    "a_err": 25.97501554757457,
    "b": 0.7429332357027225,
    "b_err": 0.003288124102645099
}