{
    "FCCD": 1.3752191603338602,
    "FCCD_err_up": 0.060086876642232,
    "FCCD_err_low": 0.05899699829260663,
    "FCCD_uncorr_err_up": 0.03977482716984615,
    "FCCD_uncorr_err_low": 0.03766781643986783,
    "FCCD_corr_err_up": 0.05515381680985687,
    "FCCD_corr_err_low": 0.05390923369217404,
    "O_Am241_data": 305.25715272650757,
    "O_Am241_data_err": 4.571495927732807,
    "a": 886.3994730808002,
    "a_corr_err": 24.118477213746075,
    "a_uncorr_err": 10.920541058683398,
    "b": 0.7751587581238618,
    "b_corr_err": 3.461975706109399e-10,
    "b_uncorr_err": -0.0019389742757331407
}