{
    "FCCD": 1.1858358791264323,
    "FCCD_err_up": 0.0498838808989055,
    "FCCD_err_low": 0.056852377766994255,
    "FCCD_uncorr_err_up": 0.027570893760701987,
    "FCCD_uncorr_err_low": 0.03352224445791885,
    "FCCD_corr_err_up": 0.03258643744715051,
    "FCCD_corr_err_low": 0.039549972829510116,
    "O_Am241_data": 358.0035341575374,
    "O_Am241_data_err": 3.6239113212021365,
    "a": 871.588387485999,
    "a_corr_err": 23.813657542484236,
    "a_uncorr_err": 9.819533405803156,
    "b": 0.7503352168109457,
    "b_corr_err": 1.1112777364985504e-12,
    "b_uncorr_err": -0.0014503896805626582
}