{
    "FCCD": 1.085896148376767,
    "FCCD_err_up": 0.059875974148927646,
    "FCCD_err_low": 0.05514167601479736,
    "O_Am241_data": 379.8203179569491,
    "O_Am241_data_err": 5.331749882998971,
    "a": 885.1337448687544,
    "a_err": 25.916228150946267,
    "b": 0.7791172899810955,
    "b_err": 0.001996402908339146
}