{
    "FCCD": 1.0176819388678444,
    "FCCD_err_up": 0.04072386230513625,
    "FCCD_err_low": 0.04183446568633209,
    "FCCD_uncorr_err_up": 1.0400563743573343e-08,
    "FCCD_uncorr_err_low": 1.0400563299484133e-08,
    "FCCD_corr_err_up": 0.040723862305134924,
    "FCCD_corr_err_low": 0.0418344656863308,
    "O_Am241_data": 414.7836299656969,
    "O_Am241_data_err": 3.1861371579107657e-06,
    "a": 879.5202169177606,
    "a_err": 26.178019006964576,
    "b": 0.7385603609010355,
    "b_err": 0.0022466307152091526
}