{
    "FCCD": 1.5045484927156514,
    "FCCD_err_up": 0.05221642972020568,
    "FCCD_err_low": 0.05771674826892914,
    "FCCD_uncorr_err_up": 0.029783066614755604,
    "FCCD_uncorr_err_low": 0.034245884395660786,
    "FCCD_corr_err_up": 0.03375400485151414,
    "FCCD_corr_err_low": 0.0392748137941914,
    "O_Am241_data": 285.04823651659626,
    "O_Am241_data_err": 3.063589648516479,
    "a": 872.6394480985741,
    "a_corr_err": 23.800997634097087,
    "a_uncorr_err": 9.349016721814962,
    "b": 0.7436543625818731,
    "b_corr_err": -6.970812815865202e-12,
    "b_uncorr_err": -0.001621456811569999
}