{
    "FCCD": 1.1345382714423078,
    "FCCD_err_up": 0.05450003273353454,
    "FCCD_err_low": 0.05079823692829599,
    "O_Am241_data": 364.553264654643,
    "O_Am241_data_err": 3.6950696539217707,
    "a": 880.2586276671587,
    "a_err": 25.841171766708783,
    "b": 0.7770060385329897,
    "b_err": 0.0018362153230128708
}