{
    "FCCD": 1.3217473822964212,
    "FCCD_err_up": 0.05436456037711612,
    "FCCD_err_low": 0.053574217788996625,
    "FCCD_uncorr_err_up": 0.018873506156556585,
    "FCCD_uncorr_err_low": 0.018602436838019543,
    "FCCD_corr_err_up": 0.050983293247450434,
    "FCCD_corr_err_low": 0.050240881315820246,
    "O_Am241_data": 319.41997219501764,
    "O_Am241_data_err": 4.620667409215592,
    "a": 886.2272707027727,
    "a_err": 24.05552971852768,
    "b": 0.7720587764410423,
    "b_err": 0.0012714148761789295
}