{
    "FCCD": 1.3663090968681706,
    "FCCD_err_up": 0.0634825886073731,
    "FCCD_err_low": 0.06524134854648933,
    "O_Am241_data": 307.20613860579346,
    "O_Am241_data_err": 6.059176971847909,
    "a": 895.298974151926,
    "a_err": 26.12174761870358,
    "b": 0.7377988036948745,
    "b_err": 0.004786250639601506
}