{
    "FCCD": 1.1153518488045822,
    "FCCD_err_up": 0.052825953430690076,
    "FCCD_err_low": 0.06011625560034162,
    "FCCD_uncorr_err_up": 0.03048970945646734,
    "FCCD_uncorr_err_low": 0.036761800881528695,
    "FCCD_corr_err_up": 0.048806286167191404,
    "FCCD_corr_err_low": 0.055946323819658694,
    "O_Am241_data": 383.8254912083841,
    "O_Am241_data_err": 4.624093489022125,
    "a": 879.2243887666125,
    "a_corr_err": 24.067992440758985,
    "a_uncorr_err": 10.44293921056385,
    "b": 0.7431306488643895,
    "b_corr_err": -1.0723422150249462e-11,
    "b_uncorr_err": -0.0012207733253588038
}