{
    "FCCD": 1.3810834409216597,
    "FCCD_err_up": 0.06804961323630532,
    "FCCD_err_low": 0.06055618035790156,
    "O_Am241_data": 302.9257140222914,
    "O_Am241_data_err": 5.684007833770992,
    "a": 881.9038674872663,
    "a_err": 25.807882146834118,
    "b": 0.7737370657107773,
    "b_err": 0.0020027775270515017
}