{
    "FCCD": 0.9905074979699771,
    "FCCD_err_up": 0.0455651597645883,
    "FCCD_err_low": 0.05738582747096388,
    "O_Am241_data": 405.8292745833255,
    "O_Am241_data_err": 3.5382700491942876,
    "a": 845.9070826862503,
    "a_err": 25.180997537628173,
    "b": 0.7415157972328055,
    "b_err": 0.005213481258393703
}