{
    "FCCD": 1.0028356403933405,
    "FCCD_err_up": 0.03957899988427949,
    "FCCD_err_low": 0.04247790697637133,
    "FCCD_uncorr_err_up": 1.0421963958506808e-08,
    "FCCD_uncorr_err_low": 1.0421963958506808e-08,
    "FCCD_corr_err_up": 0.03957899988427811,
    "FCCD_corr_err_low": 0.04247790697637005,
    "O_Am241_data": 414.7836299656969,
    "O_Am241_data_err": 3.1861371579107657e-06,
    "a": 868.6070202668539,
    "a_err": 25.770069431989498,
    "b": 0.7370438004823608,
    "b_err": 0.001426385055826441
}