{
    "FCCD": 1.050447484203752,
    "FCCD_err_up": 0.051363348729554836,
    "FCCD_err_low": 0.048082458847240384,
    "O_Am241_data": 391.1734273767174,
    "O_Am241_data_err": 3.1097236571402442,
    "a": 883.4385641367271,
    "a_err": 25.8499886402916,
    "b": 0.7755463788090258,
    "b_err": 0.0017993312904309067
}