{
    "FCCD": 1.0058834539015835,
    "FCCD_err_up": 0.06441826977327314,
    "FCCD_err_low": 0.0695434243316414,
    "FCCD_uncorr_err_up": 0.04235561333094395,
    "FCCD_uncorr_err_low": 0.04640088717923707,
    "FCCD_corr_err_up": 0.06022631931923317,
    "FCCD_corr_err_low": 0.06528268095929601,
    "O_Am241_data": 416.5441662018125,
    "O_Am241_data_err": 8.294586128927792,
    "a": 880.5308679058633,
    "a_corr_err": 24.10875257877416,
    "a_uncorr_err": 9.892191950391862,
    "b": 0.7441542898230077,
    "b_corr_err": 1.6788792578381617e-12,
    "b_uncorr_err": -0.002248231535847467
}