{
    "FCCD": 1.0195744242454774,
    "FCCD_err_up": 0.03782186546733746,
    "FCCD_err_low": 0.04331748570600402,
    "FCCD_uncorr_err_up": 1.0339029854478099e-08,
    "FCCD_uncorr_err_low": 1.0339029410388889e-08,
    "FCCD_corr_err_up": 0.03782186546733604,
    "FCCD_corr_err_low": 0.04331748570600279,
    "O_Am241_data": 414.7836299656969,
    "O_Am241_data_err": 3.1861371579107657e-06,
    "a": 884.7064860849458,
    "a_err": 26.2509195825063,
    "b": 0.7429559894327515,
    "b_err": 0.002164242497521508
}