{
    "FCCD": 1.34371143645429,
    "FCCD_err_up": 0.05242989450580793,
    "FCCD_err_low": 0.052707854779801,
    "O_Am241_data": 312.71717540385094,
    "O_Am241_data_err": 3.0468675871189994,
    "a": 887.6289756982432,
    "a_err": 26.312938113252756,
    "b": 0.7763978322453275,
    "b_err": 0.0013989163937416676
}