{
    "FCCD": 1.0053790109274663,
    "FCCD_err_up": 0.039613351391786455,
    "FCCD_err_low": 0.04227067617344471,
    "FCCD_uncorr_err_up": 1.0404375361261486e-08,
    "FCCD_uncorr_err_low": 1.0404375139216882e-08,
    "FCCD_corr_err_up": 0.03961335139178509,
    "FCCD_corr_err_low": 0.04227067617344343,
    "O_Am241_data": 414.7836299656969,
    "O_Am241_data_err": 3.1861371579107657e-06,
    "a": 871.3276178104403,
    "a_err": 25.854160924063365,
    "b": 0.7382897665672917,
    "b_err": 0.0013575076231220752
}