{
    "FCCD": 1.3153372387802569,
    "FCCD_err_up": 0.05353503846031549,
    "FCCD_err_low": 0.052301187032224083,
    "O_Am241_data": 320.9409967752459,
    "O_Am241_data_err": 3.0938427301338938,
    "a": 886.5527152544335,
    "a_err": 26.341268565545192,
    "b": 0.7724888056805997,
    "b_err": 0.0012826032834280287
}