{
    "FCCD": 1.3161698222498244,
    "FCCD_err_up": 0.04950258774995597,
    "FCCD_err_low": 0.05715424486549803,
    "O_Am241_data": 324.9256499344202,
    "O_Am241_data_err": 3.058332953184226,
    "a": 875.937985233568,
    "a_err": 25.96225160050227,
    "b": 0.7534733678192276,
    "b_err": 0.009984126343807085
}