{
    "FCCD": 1.5180021032476239,
    "FCCD_err_up": 0.05463679468634863,
    "FCCD_err_low": 0.058212331743415335,
    "FCCD_uncorr_err_up": 0.016200672710362296,
    "FCCD_uncorr_err_low": 0.01599969909814769,
    "FCCD_corr_err_up": 0.05217966593731639,
    "FCCD_corr_err_low": 0.05597039570857234,
    "O_Am241_data": 270.5817270192123,
    "O_Am241_data_err": 3.3774998120183506,
    "a": 877.8994217565031,
    "a_err": 25.954512489326873,
    "b": 0.7753334761103738,
    "b_err": 0.0013248010233241148
}