{
    "FCCD": -1.5941256607584273,
    "FCCD_err_up": 0.043043822567009116,
    "FCCD_err_low": 0.05951187885998843,
    "O_Am241_data": 3031.1842233456614,
    "O_Am241_data_err": 32.84870457732045,
    "a": 887.9263334000683,
    "a_err": 26.17184059668972,
    "b": 0.7706892069248189,
    "b_err": 0.00667142443890386
}