{
    "FCCD": 1.0163397766814841,
    "FCCD_err_up": 0.05022406991617956,
    "FCCD_err_low": 0.05484792627884849,
    "FCCD_uncorr_err_up": 0.01629339491673143,
    "FCCD_uncorr_err_low": 0.01609945224349474,
    "FCCD_corr_err_up": 0.04750770970098141,
    "FCCD_corr_err_low": 0.052431885857266575,
    "O_Am241_data": 414.92348935504356,
    "O_Am241_data_err": 4.968346699474879,
    "a": 879.6437899075315,
    "a_err": 23.988302570470182,
    "b": 0.739342214420349,
    "b_err": 0.0021549064005438275
}