{
    "FCCD": 0.9798325482366607,
    "FCCD_err_up": 0.05189534614549485,
    "FCCD_err_low": 0.049521004302448546,
    "O_Am241_data": 413.19356675688664,
    "O_Am241_data_err": 3.6258823688136097,
    "a": 883.4385641367271,
    "a_err": 25.8499886402916,
    "b": 0.7755463788090258,
    "b_err": 0.0017993312904309067
}