{
    "FCCD": 1.2541354386472139,
    "FCCD_err_up": 0.0509601840271765,
    "FCCD_err_low": 0.07896250075621158,
    "FCCD_uncorr_err_up": 0.025732383683866322,
    "FCCD_uncorr_err_low": 0.05250983452026059,
    "FCCD_corr_err_up": 0.027453044488082057,
    "FCCD_corr_err_low": 0.055605284068677596,
    "O_Am241_data": 382.2580962127905,
    "O_Am241_data_err": 4.65074612947864,
    "a": 849.0233543592855,
    "a_corr_err": 23.482466813831365,
    "a_uncorr_err": 8.979284498332959,
    "b": 0.6362874729665214,
    "b_corr_err": 1.628808199427567e-11,
    "b_uncorr_err": -0.002481015472676873
}