{
    "FCCD": 1.020215180074237,
    "FCCD_err_up": 0.05418951550806628,
    "FCCD_err_low": 0.05671974199941143,
    "FCCD_uncorr_err_up": 0.03168268573256361,
    "FCCD_uncorr_err_low": 0.03316539852094247,
    "FCCD_corr_err_up": 0.03486275716819365,
    "FCCD_corr_err_low": 0.037499462151558194,
    "O_Am241_data": 403.13008755304315,
    "O_Am241_data_err": 4.6847138691785934,
    "a": 867.1275465707423,
    "a_corr_err": 23.64484748427492,
    "a_uncorr_err": 8.960859007749264,
    "b": 0.7507502198566987,
    "b_corr_err": 1.7467027824125125e-11,
    "b_uncorr_err": -0.0024204971972273115
}