{
    "FCCD": 1.5412238296488154,
    "FCCD_err_up": 0.03843391023118303,
    "FCCD_err_low": 0.04234497320713437,
    "FCCD_uncorr_err_up": 9.833889258459294e-11,
    "FCCD_uncorr_err_low": 9.833867053998802e-11,
    "FCCD_corr_err_up": 0.03843391023118303,
    "FCCD_corr_err_low": 0.04234497320713437,
    "O_Am241_data": 265.7536107000005,
    "O_Am241_data_err": 2.0262462124546568e-08,
    "a": 877.8994217565031,
    "a_err": 25.954512489326873,
    "b": 0.7753334761103738,
    "b_err": 0.0013248010233241148
}