{
    "FCCD": 1.0504472534311216,
    "FCCD_err_up": 0.05136334786228547,
    "FCCD_err_low": 0.048082460992795006,
    "O_Am241_data": 391.17349738693997,
    "O_Am241_data_err": 3.109724491274385,
    "a": 883.4385641367271,
    "a_err": 25.8499886402916,
    "b": 0.7755463788090258,
    "b_err": 0.0017993312904309067
}