{
    "FCCD": 1.3194265494928725,
    "FCCD_err_up": 0.0552334668764618,
    "FCCD_err_low": 0.0544221242604952,
    "FCCD_uncorr_err_up": 0.01974378871365734,
    "FCCD_uncorr_err_low": 0.019447340148575076,
    "FCCD_corr_err_up": 0.0515840931918325,
    "FCCD_corr_err_low": 0.05082881633650738,
    "O_Am241_data": 319.99282815098485,
    "O_Am241_data_err": 4.840778976386525,
    "a": 886.2272707027727,
    "a_err": 24.05552971852768,
    "b": 0.7720587764410423,
    "b_err": 0.0012714148761789295
}