{
    "FCCD": 1.5187727349670366,
    "FCCD_err_up": 0.05448021869508235,
    "FCCD_err_low": 0.057878768045792395,
    "FCCD_uncorr_err_up": 0.03414718183023813,
    "FCCD_uncorr_err_low": 0.036538333220660135,
    "FCCD_corr_err_up": 0.0334107062678235,
    "FCCD_corr_err_low": 0.03684679908055588,
    "O_Am241_data": 270.5817270192123,
    "O_Am241_data_err": 3.3774998120183506,
    "a": 876.7621242170835,
    "a_corr_err": 23.894895255197184,
    "a_uncorr_err": 10.57899097742245,
    "b": 0.7740865401627699,
    "b_corr_err": 4.550249066426204e-12,
    "b_uncorr_err": -0.0018871269283990966
}