{
    "FCCD": 0.985032529586888,
    "FCCD_err_up": 0.05829074687333269,
    "FCCD_err_low": 0.05708221205192365,
    "O_Am241_data": 410.789202693577,
    "O_Am241_data_err": 5.774005984387435,
    "a": 880.6583006897691,
    "a_err": 25.896492278279652,
    "b": 0.7741769736205939,
    "b_err": 0.0014563921322858994
}