{
    "FCCD": 1.0560784609387242,
    "FCCD_err_up": 0.05714024216991853,
    "FCCD_err_low": 0.059466125446199114,
    "FCCD_uncorr_err_up": 0.034512276003360265,
    "FCCD_uncorr_err_low": 0.03577454266840885,
    "FCCD_corr_err_up": 0.03514156735968976,
    "FCCD_corr_err_low": 0.03764403835095176,
    "O_Am241_data": 395.3521711928682,
    "O_Am241_data_err": 5.329637262618999,
    "a": 869.8659655425042,
    "a_corr_err": 23.71460443925787,
    "a_uncorr_err": 8.939138314097761,
    "b": 0.7466890255081269,
    "b_corr_err": -5.1302961878718634e-11,
    "b_uncorr_err": -0.0024216968388154902
}