{
    "FCCD": NaN,
    "FCCD_err_up": NaN,
    "FCCD_err_low": NaN,
    "FCCD_uncorr_err_up": NaN,
    "FCCD_uncorr_err_low": NaN,
    "FCCD_corr_err_up": NaN,
    "FCCD_corr_err_low": NaN,
    "O_Am241_data": NaN,
    "O_Am241_data_err": NaN,
    "a": 886.3994730808002,
    "a_corr_err": 24.118477213746075,
    "a_uncorr_err": 10.920541058683398,
    "b": 0.7751587581238618,
    "b_corr_err": 3.461975706109399e-10,
    "b_uncorr_err": -0.0019389742757331407
}