{
    "FCCD": 3.749064682169557,
    "FCCD_err_up": 0.1322332269210591,
    "FCCD_err_low": 0.00571962393003389,
    "O_Am241_data": 38.44614179639988,
    "O_Am241_data_err": 0.7018071162480795,
    "a": 809.8200479956923,
    "a_err": 24.350338321244067,
    "b": 0.8128837379067204,
    "b_err": 0.036725628698357646
}