{
    "FCCD": 1.3555179569074658,
    "FCCD_err_up": 0.04052339628171997,
    "FCCD_err_low": 0.03982057761542945,
    "FCCD_uncorr_err_up": 0.020158161694558974,
    "FCCD_uncorr_err_low": 0.018490689424786266,
    "FCCD_corr_err_up": 0.0356342740309159,
    "FCCD_corr_err_low": 0.03473342482017072,
    "O_Am241_data": 309.95468378448925,
    "O_Am241_data_err": 3.0114115981308763e-06,
    "a": 886.3994730808002,
    "a_corr_err": 24.118477213746075,
    "a_uncorr_err": 10.920541058683398,
    "b": 0.7751587581238618,
    "b_corr_err": 3.461975706109399e-10,
    "b_uncorr_err": -0.0019389742757331407
}