{
    "FCCD": 1.557885023295333,
    "FCCD_err_up": 0.05137404410667212,
    "FCCD_err_low": 0.05328672817073943,
    "O_Am241_data": 266.60641744148126,
    "O_Am241_data_err": 2.4866137585784838,
    "a": 886.9507201952224,
    "a_err": 26.198304795844933,
    "b": 0.7715690991781377,
    "b_err": 0.0018334681952129831
}