{
    "FCCD": 1.0123806752931672,
    "FCCD_err_up": 0.03784658635240623,
    "FCCD_err_low": 0.04412035609271514,
    "FCCD_uncorr_err_up": 1.0382415815968216e-08,
    "FCCD_uncorr_err_low": 1.0382415371879006e-08,
    "FCCD_corr_err_up": 0.03784658635240481,
    "FCCD_corr_err_low": 0.04412035609271392,
    "O_Am241_data": 414.7836299656969,
    "O_Am241_data_err": 3.1861371579107657e-06,
    "a": 877.2291055910024,
    "a_err": 25.820185051905696,
    "b": 0.7398513263729439,
    "b_err": 0.0024733669715414856
}