{
    "FCCD": 1.321633918931841,
    "FCCD_err_up": 0.0520599817255889,
    "FCCD_err_low": 0.052596311817267205,
    "O_Am241_data": 320.2814331785594,
    "O_Am241_data_err": 2.9422365894999034,
    "a": 888.1314385561705,
    "a_err": 26.41356348104614,
    "b": 0.7717111719508691,
    "b_err": 0.0012018203645306595
}