{
    "FCCD": 1.366332700668567,
    "FCCD_err_up": 0.06175481340870159,
    "FCCD_err_low": 0.0633609587665771,
    "FCCD_uncorr_err_up": 0.02808149873017185,
    "FCCD_uncorr_err_low": 0.027511593078066277,
    "FCCD_corr_err_up": 0.03367331467852974,
    "FCCD_corr_err_low": 0.035849365688510826,
    "O_Am241_data": 307.2061386057934,
    "O_Am241_data_err": 6.699740978804291,
    "a": 895.3490748258783,
    "a_err": 24.247518151717088,
    "b": 0.7376523465862928,
    "b_err": 0.004823668599961766
}