{
    "FCCD": 0.9983552444306846,
    "FCCD_err_up": 0.05137395127150979,
    "FCCD_err_low": 0.06284071644907663,
    "FCCD_uncorr_err_up": 0.0301120976869248,
    "FCCD_uncorr_err_low": 0.040542195294475336,
    "FCCD_corr_err_up": 0.03010254072478935,
    "FCCD_corr_err_low": 0.041667195308290106,
    "O_Am241_data": 403.31417308791845,
    "O_Am241_data_err": 5.07368493153563,
    "a": 846.697774052466,
    "a_corr_err": 23.33499752933352,
    "a_uncorr_err": 10.21122989219458,
    "b": 0.7428497739256236,
    "b_corr_err": 8.868517031856982e-12,
    "b_uncorr_err": -0.002333158647156719
}