{
    "FCCD": 1.3440711615913958,
    "FCCD_err_up": 0.040494858942173195,
    "FCCD_err_low": 0.039822624076811364,
    "FCCD_uncorr_err_up": 0.020114080695277314,
    "FCCD_uncorr_err_low": 0.018477326174396902,
    "FCCD_corr_err_up": 0.035618593892556616,
    "FCCD_corr_err_low": 0.034749104968782474,
    "O_Am241_data": 312.71717540385094,
    "O_Am241_data_err": 7.766723953513497e-09,
    "a": 886.3994730808002,
    "a_corr_err": 24.118477213746075,
    "a_uncorr_err": 10.920541058683398,
    "b": 0.7751587581238618,
    "b_corr_err": 3.461975706109399e-10,
    "b_uncorr_err": -0.0019389742757331407
}