{
    "FCCD": 1.004845337972316,
    "FCCD_err_up": 0.039751750520063966,
    "FCCD_err_low": 0.04299463085332089,
    "FCCD_uncorr_err_up": 1.040622854553419e-08,
    "FCCD_uncorr_err_low": 1.040622854553419e-08,
    "FCCD_corr_err_up": 0.039751750520062606,
    "FCCD_corr_err_low": 0.042994630853319636,
    "O_Am241_data": 414.7836299656969,
    "O_Am241_data_err": 3.1861371579107657e-06,
    "a": 870.8693138912564,
    "a_err": 25.952319180037875,
    "b": 0.7381582870689898,
    "b_err": 0.0013911161232989283
}