{
    "FCCD": 1.8463581397945137,
    "FCCD_err_up": 0.08371250097786631,
    "FCCD_err_low": 0.07987121843462575,
    "FCCD_uncorr_err_up": 0.004580848953745553,
    "FCCD_uncorr_err_low": -0.001466267196982507,
    "FCCD_corr_err_up": 0.082931888683758,
    "FCCD_corr_err_low": 0.0790899293731604,
    "O_Am241_data": 12231.091844698507,
    "O_Am241_data_err": 3.1975284729534206,
    "a": 22796.795476963354,
    "a_corr_err": 620.1892727497398,
    "a_uncorr_err": 10.400253264224375,
    "b": 0.33722534201593346,
    "b_corr_err": 1.7585655154306323e-12,
    "b_uncorr_err": 0.00010516159202214603
}