{
    "FCCD": 0.9988912993421374,
    "FCCD_err_up": 0.04535133660849977,
    "FCCD_err_low": 0.057550927447867606,
    "O_Am241_data": 403.31417308791816,
    "O_Am241_data_err": 3.505752178288693,
    "a": 845.9070826862503,
    "a_err": 25.180997537628173,
    "b": 0.7415157972328055,
    "b_err": 0.005213481258393703
}