{
    "FCCD": 1.3586396119398039,
    "FCCD_err_up": 0.051757443828645,
    "FCCD_err_low": 0.0515189941168106,
    "O_Am241_data": 309.95468378448925,
    "O_Am241_data_err": 2.757868658267387,
    "a": 888.1696141708924,
    "a_err": 26.322901028859235,
    "b": 0.7748461159214384,
    "b_err": 0.0012070310196596007
}