{
    "FCCD": 1.564521202265444,
    "FCCD_err_up": 0.050403057978674726,
    "FCCD_err_low": 0.05335974565039403,
    "O_Am241_data": 265.7536107000005,
    "O_Am241_data_err": 2.398789943183778,
    "a": 889.5951869171265,
    "a_err": 26.291489393445886,
    "b": 0.7722470666314988,
    "b_err": 0.001670488104582602
}