{
    "FCCD": 1.134561755471612,
    "FCCD_err_up": 0.05502590915144068,
    "FCCD_err_low": 0.05131181760711079,
    "O_Am241_data": 364.54661262712625,
    "O_Am241_data_err": 3.841381102591093,
    "a": 880.2586276671587,
    "a_err": 25.841171766708783,
    "b": 0.7770060385329897,
    "b_err": 0.0018362153230128708
}