{
    "FCCD": 1.6932653143801035,
    "FCCD_err_up": 0.09103692323969481,
    "FCCD_err_low": 0.061938251900850894,
    "O_Am241_data": 202.09233240281546,
    "O_Am241_data_err": 3.6978361721441564,
    "a": 787.138772378068,
    "a_err": 22.78652770248806,
    "b": 0.9877384486453286,
    "b_err": 0.022398206330052878
}