{
    "FCCD": 1.4156155739702811,
    "FCCD_err_up": 0.05165844534914665,
    "FCCD_err_low": 0.06613719048481315,
    "FCCD_uncorr_err_up": 0.030142066989297778,
    "FCCD_uncorr_err_low": 0.04355937621631001,
    "FCCD_corr_err_up": 0.029166116360748617,
    "FCCD_corr_err_low": 0.04375027381675167,
    "O_Am241_data": 308.0826419821585,
    "O_Am241_data_err": 4.072383527098422,
    "a": 877.4707919337105,
    "a_corr_err": 24.03094671668231,
    "a_uncorr_err": 9.938933812559185,
    "b": 0.7393784183924169,
    "b_corr_err": -4.383565732624106e-11,
    "b_uncorr_err": -0.0021638640132513043
}