{
    "FCCD": 1.0167670996627316,
    "FCCD_err_up": 0.04899748470290377,
    "FCCD_err_low": 0.05377964419542125,
    "O_Am241_data": 414.7836299656969,
    "O_Am241_data_err": 3.3920670584491868,
    "a": 879.8554194532561,
    "a_err": 25.805379216434687,
    "b": 0.739599646227903,
    "b_err": 0.0021418509796330963
}