{
    "FCCD": 1.090742238997519,
    "FCCD_err_up": 0.04835733285843502,
    "FCCD_err_low": 0.05513999488013033,
    "O_Am241_data": 391.9577114694492,
    "O_Am241_data_err": 3.3888246940687172,
    "a": 882.7229043071011,
    "a_err": 25.948335359956275,
    "b": 0.7443164439818116,
    "b_err": 0.003032136268880092
}