{
    "FCCD": 3.8675219115968784,
    "FCCD_err_up": -0.08745962937804963,
    "FCCD_err_low": 0.212481799494304,
    "O_Am241_data": 33.574346409978034,
    "O_Am241_data_err": 0.6295518223943993,
    "a": 810.5408923552003,
    "a_err": 24.839923147636284,
    "b": 0.8232505439592328,
    "b_err": 0.009636419129353892
}