{
    "FCCD": 1.5463481640873036,
    "FCCD_err_up": 0.05431799437572882,
    "FCCD_err_low": 0.05729009906855853,
    "FCCD_uncorr_err_up": 0.0156701258553118,
    "FCCD_uncorr_err_low": 0.015481996974592072,
    "FCCD_corr_err_up": 0.05200857303061098,
    "FCCD_corr_err_low": 0.05515852808917197,
    "O_Am241_data": 264.74462946175345,
    "O_Am241_data_err": 3.1975284729534206,
    "a": 878.1987224262107,
    "a_err": 25.939413708809525,
    "b": 0.7754445164770791,
    "b_err": 0.0013405865941647466
}