{
    "FCCD": 0.9919587920126378,
    "FCCD_err_up": 0.059492216025535116,
    "FCCD_err_low": 0.05819663265002051,
    "O_Am241_data": 408.59238329038817,
    "O_Am241_data_err": 6.1052093214908645,
    "a": 880.6583006897691,
    "a_err": 25.896492278279652,
    "b": 0.7741769736205939,
    "b_err": 0.0014563921322858994
}