{
    "FCCD": 1.3611310952488629,
    "FCCD_err_up": 0.06958256700447074,
    "FCCD_err_low": 0.06130177381617408,
    "O_Am241_data": 307.20606895919525,
    "O_Am241_data_err": 6.059174913565627,
    "a": 882.5161535868062,
    "a_err": 25.815117362313458,
    "b": 0.775280455987029,
    "b_err": 0.002021526675229956
}