{
    "FCCD": 1.0516769931896404,
    "FCCD_err_up": 0.0508877151821554,
    "FCCD_err_low": 0.05384946219448161,
    "FCCD_uncorr_err_up": 0.02858569562853086,
    "FCCD_uncorr_err_low": 0.03050959924870522,
    "FCCD_corr_err_up": 0.03483642111237062,
    "FCCD_corr_err_low": 0.037807908967956605,
    "O_Am241_data": 396.2302219629481,
    "O_Am241_data_err": 3.5673696562860564,
    "a": 869.812731728423,
    "a_corr_err": 23.721185161883966,
    "a_uncorr_err": 9.322528442919179,
    "b": 0.7476464083222981,
    "b_corr_err": 3.062716746882188e-12,
    "b_uncorr_err": -0.002333472667757519
}