{
    "FCCD": 1.080553947907062,
    "FCCD_err_up": 0.046725379367777986,
    "FCCD_err_low": 0.055316345306149595,
    "O_Am241_data": 393.9569972427717,
    "O_Am241_data_err": 3.251539088054831,
    "a": 880.6628657206066,
    "a_err": 25.937039106266923,
    "b": 0.7444636361639831,
    "b_err": 0.0036525485791719862
}