{
    "FCCD": 1.0840736964801518,
    "FCCD_err_up": 0.06113157996020857,
    "FCCD_err_low": 0.0563853791234914,
    "O_Am241_data": 380.36000932744037,
    "O_Am241_data_err": 5.707453283349454,
    "a": 885.1337448687544,
    "a_err": 25.916228150946267,
    "b": 0.7791172899810955,
    "b_err": 0.001996402908339146
}