{
    "FCCD": 1.3155908874928275,
    "FCCD_err_up": 0.053165020243082894,
    "FCCD_err_low": 0.05266350699365541,
    "O_Am241_data": 320.9410433422581,
    "O_Am241_data_err": 3.093843402789537,
    "a": 886.2702064674385,
    "a_err": 26.340846306266883,
    "b": 0.7720975012410439,
    "b_err": 0.0012394552571638813
}