{
    "FCCD": 1.0119247492322638,
    "FCCD_err_up": 0.05409192561460552,
    "FCCD_err_low": 0.060113806003161296,
    "FCCD_uncorr_err_up": 0.03237223519341703,
    "FCCD_uncorr_err_low": 0.037316578120841104,
    "FCCD_corr_err_up": 0.049519487652621486,
    "FCCD_corr_err_low": 0.05547368165224997,
    "O_Am241_data": 414.92348935504356,
    "O_Am241_data_err": 4.968346699474879,
    "a": 877.2273676406197,
    "a_corr_err": 24.011173531255565,
    "a_uncorr_err": 9.65471128294422,
    "b": 0.7398495542795324,
    "b_corr_err": 2.392253062311056e-12,
    "b_uncorr_err": -0.0030745295644669657
}