{
    "FCCD": 1.306981946208643,
    "FCCD_err_up": 0.03583054019400711,
    "FCCD_err_low": 0.04595226938518793,
    "FCCD_uncorr_err_up": 0.015432249332287595,
    "FCCD_uncorr_err_low": 0.02457580831215922,
    "FCCD_corr_err_up": 0.03065292516388407,
    "FCCD_corr_err_low": 0.040586537697332004,
    "O_Am241_data": 324.9256499344202,
    "O_Am241_data_err": 3.1112859969237756e-06,
    "a": 875.999728947376,
    "a_corr_err": 23.95195112087663,
    "a_uncorr_err": 10.664101635358293,
    "b": 0.7588240967421523,
    "b_corr_err": 2.7084445797243006e-12,
    "b_uncorr_err": -0.0024359057072995682
}