{
    "FCCD": 1.5556055494998113,
    "FCCD_err_up": 0.05128051336476869,
    "FCCD_err_low": 0.05360730383068768,
    "O_Am241_data": 267.0905290499814,
    "O_Am241_data_err": 2.512758433970863,
    "a": 886.421741341736,
    "a_err": 26.187009736555183,
    "b": 0.7711499761107617,
    "b_err": 0.0019043653682443613
}