{
    "FCCD": 1.321598726634152,
    "FCCD_err_up": 0.06005398055556399,
    "FCCD_err_low": 0.05909514492624024,
    "FCCD_uncorr_err_up": 0.04011992059491232,
    "FCCD_uncorr_err_low": 0.0381289424428648,
    "FCCD_corr_err_up": 0.054618224527159365,
    "FCCD_corr_err_low": 0.053514506006341556,
    "O_Am241_data": 319.41997219501764,
    "O_Am241_data_err": 4.620667409215592,
    "a": 886.2605910413855,
    "a_corr_err": 24.121538227249573,
    "a_uncorr_err": 11.08372429767519,
    "b": 0.7721740672325287,
    "b_corr_err": -1.943151195504811e-11,
    "b_uncorr_err": -0.0024193606291657566
}