{
    "FCCD": 1.375105606714402,
    "FCCD_err_up": 0.055173713580345174,
    "FCCD_err_low": 0.05369678744101547,
    "FCCD_uncorr_err_up": 0.019462318378554277,
    "FCCD_uncorr_err_low": 0.0191730084632018,
    "FCCD_corr_err_up": 0.051627093987341124,
    "FCCD_corr_err_low": 0.05015716028600093,
    "O_Am241_data": 305.25715272650757,
    "O_Am241_data_err": 4.571495927732807,
    "a": 886.4948760559442,
    "a_err": 24.052513538830397,
    "b": 0.7753010352436858,
    "b_err": 0.0013546630947969627
}