{
    "FCCD": 1.090759088729694,
    "FCCD_err_up": 0.04831732165188107,
    "FCCD_err_low": 0.05431558063082531,
    "O_Am241_data": 25.76076445429276,
    "O_Am241_data_err": 0.12762501178581315,
    "a": 60.05239428860399,
    "a_err": 2.051958705758963
}