{
    "FCCD": 3.893953080936323,
    "FCCD_err_up": 0.02783031877297093,
    "FCCD_err_low": 0.04206303160370961,
    "FCCD_uncorr_err_up": 5.3088498042086485e-09,
    "FCCD_uncorr_err_low": 5.308850248297858e-09,
    "FCCD_corr_err_up": 0.027830318772970424,
    "FCCD_corr_err_low": 0.04206303160370928,
    "O_Am241_data": 28.18041947549983,
    "O_Am241_data_err": 1.1602309407288716e-07,
    "a": 577.3742231499994,
    "a_err": 15.700794329365124,
    "b": 0.775526352927465,
    "b_err": 0.001804932300896597
}