{
    "cuspEmax_ctc": {
        "resolution": [
            0.2437330887596159,
            0.0017243334075448546,
            4.3580934475998735e-09
        ],
        "calibration": [
            0.05898829827188337,
            0.14398624119680556
        ]
    }
}