{
    "cuspEmax_ctc": {
        "resolution": [
            0.24317246867449654,
            0.0018141676789838906,
            5.9516179271582284e-08
        ],
        "calibration": [
            0.05898666981709452,
            0.15356235630824433
        ]
    }
}