{
    "cuspEmax_ctc": {
        "resolution": [
            0.3137826227905292,
            0.0028836397333763387,
            1.0230732457579436e-29
        ],
        "calibration": [
            0.07085275930627348,
            0.09897060004583413
        ]
    }
}