{
    "C_79": 52119.69654280984,
    "C_79_err": 110.48600847317677,
    "C_81": 647070.9495314731,
    "C_81_err": 1371.6942184028362,
    "C_356": 855404.8483182554,
    "C_356_err": 2466.123562982763,
    "C_161": 13578.259449210127,
    "C_161_err": 228.38194551005222,
    "C_223": 8578.452035892818,
    "C_223_err": 152.025108054101,
    "C_276": 114470.56156640615,
    "C_276_err": 261.0802204993116,
    "C_303": 284460.00381515356,
    "C_303_err": 674.9287012320119,
    "C_383": 123266.06787945522,
    "C_383_err": 475.39826132317137,
    "O_Ba133": 0.8173798026149922,
    "O_Ba133_err": 0.0028532742116118936
}