{
    "C_79": 54746.19138269785,
    "C_79_err": 109.97216154252607,
    "C_81": 679679.1307512458,
    "C_81_err": 1365.3147602826823,
    "C_356": 865980.8336090684,
    "C_356_err": 2509.7795031310907,
    "C_161": 14151.071099255902,
    "C_161_err": 224.77912254128947,
    "C_223": 8529.032264746116,
    "C_223_err": 192.35596086460737,
    "C_276": 115831.3784580128,
    "C_276_err": 374.57997365148185,
    "C_303": 287730.6808894897,
    "C_303_err": 582.2992475609967,
    "C_383": 124998.39346355872,
    "C_383_err": 455.85050218521474,
    "O_Ba133": 0.8480849617342534,
    "O_Ba133_err": 0.0029228699687538343
}