{
    "C_79": 33777.99297670114,
    "C_79_err": 91.72712160713023,
    "C_81": 419356.9694088636,
    "C_81_err": 1138.8008682545603,
    "C_356": 764277.246825737,
    "C_356_err": 1704.4540130288785,
    "C_161": 11483.753005228487,
    "C_161_err": 222.40466982488186,
    "C_223": 7715.260651641577,
    "C_223_err": 163.9812476616968,
    "C_276": 102477.08107044392,
    "C_276_err": 339.96306383985086,
    "C_303": 254054.18489675497,
    "C_303_err": 464.9716361907179,
    "C_383": 108778.14840220383,
    "C_383_err": 424.54797492632184,
    "O_Ba133": 0.5928934352914004,
    "O_Ba133_err": 0.0019957296791641953
}