{
    "C_79": 29340.2230834064,
    "C_79_err": 67.18886169414812,
    "C_81": 364261.6375260482,
    "C_81_err": 834.156056504707,
    "C_356": 735807.3718518207,
    "C_356_err": 1547.4385386178235,
    "C_161": 11017.045866344724,
    "C_161_err": 170.93807816669585,
    "C_223": 7278.777243947768,
    "C_223_err": 173.302275348699,
    "C_276": 98655.36499808972,
    "C_276_err": 271.1675292888673,
    "C_303": 244475.0057604046,
    "C_303_err": 501.0430036948583,
    "C_383": 104453.43557595942,
    "C_383_err": 440.92534967406783,
    "O_Ba133": 0.5349251389244295,
    "O_Ba133_err": 0.0015997157453343464
}