{
    "C_79": 57494.06432437224,
    "C_79_err": 123.4473752018081,
    "C_81": 713794.2325553941,
    "C_81_err": 1532.61080910924,
    "C_356": 876831.0353271974,
    "C_356_err": 2536.0783320531245,
    "C_161": 14152.21397270758,
    "C_161_err": 182.45416940202233,
    "C_223": 8827.641154704412,
    "C_223_err": 170.49323686648785,
    "C_276": 117267.83905726229,
    "C_276_err": 364.50954033594513,
    "C_303": 291176.46704232425,
    "C_303_err": 594.6608816822562,
    "C_383": 126834.08761696341,
    "C_383_err": 579.163716593128,
    "O_Ba133": 0.87963161179845,
    "O_Ba133_err": 0.003089953292933122
}