{
    "C_79": 40868.60820285117,
    "C_79_err": 100.06918117527805,
    "C_81": 507387.62636746105,
    "C_81_err": 1242.368324779867,
    "C_356": 803620.8839454618,
    "C_356_err": 1877.2325313253452,
    "C_161": 12405.057913836468,
    "C_161_err": 230.92637532617758,
    "C_223": 8056.419320158984,
    "C_223_err": 160.12756953966948,
    "C_276": 107705.78664104175,
    "C_276_err": 377.062416493644,
    "C_303": 267228.7726023028,
    "C_303_err": 550.4918490987563,
    "C_383": 114908.6221440095,
    "C_383_err": 411.63797402508493,
    "O_Ba133": 0.6822324376123604,
    "O_Ba133_err": 0.002223803480351651
}