{
    "C_79": 60381.658201980994,
    "C_79_err": 134.49210869222432,
    "C_81": 749643.9829604597,
    "C_81_err": 1669.732217348747,
    "C_356": 887485.9799547784,
    "C_356_err": 2671.1072976496316,
    "C_161": 14440.020261093014,
    "C_161_err": 206.23684863706777,
    "C_223": 8628.289715424293,
    "C_223_err": 157.70498400716923,
    "C_276": 118588.28536662865,
    "C_276_err": 373.01930980292923,
    "C_303": 294486.54173632065,
    "C_303_err": 541.1202901754563,
    "C_383": 128414.59927869623,
    "C_383_err": 555.292376817619,
    "O_Ba133": 0.9127193662301181,
    "O_Ba133_err": 0.003333016904338217
}