{
    "C_79": 37155.44851082776,
    "C_79_err": 86.43891105900761,
    "C_81": 461288.39849293965,
    "C_81_err": 1073.1472354118305,
    "C_356": 783724.3679349625,
    "C_356_err": 1717.92636943027,
    "C_161": 11695.652241183674,
    "C_161_err": 260.35118302724334,
    "C_223": 7927.515190791258,
    "C_223_err": 170.9082989884829,
    "C_276": 105117.21756154443,
    "C_276_err": 372.61738808597255,
    "C_303": 260560.03298777304,
    "C_303_err": 467.7670365761965,
    "C_383": 111820.44515252711,
    "C_383_err": 402.7828810884363,
    "O_Ba133": 0.6359938103202258,
    "O_Ba133_err": 0.0019572021571924014
}