{
    "C_79": 32243.591456678423,
    "C_79_err": 81.43814951812682,
    "C_81": 400307.22978290374,
    "C_81_err": 1011.0623091118387,
    "C_356": 754748.9277304513,
    "C_356_err": 1537.9084820462294,
    "C_161": 11374.844574755589,
    "C_161_err": 198.18962847669246,
    "C_223": 7635.534471845145,
    "C_223_err": 192.93999077930346,
    "C_276": 101193.74470802725,
    "C_276_err": 328.601331800129,
    "C_303": 250936.6262819402,
    "C_303_err": 543.0923443665815,
    "C_383": 107265.93119551911,
    "C_383_err": 378.5950582689368,
    "O_Ba133": 0.5731055790172146,
    "O_Ba133_err": 0.0017804193863595703
}