{
    "C_79": 63404.88798430067,
    "C_79_err": 137.41520737767468,
    "C_81": 787177.6659182853,
    "C_81_err": 1706.0227632926403,
    "C_356": 897807.3501126517,
    "C_356_err": 2817.4458879843282,
    "C_161": 14758.43030925796,
    "C_161_err": 168.13633447036472,
    "C_223": 9056.08443541074,
    "C_223_err": 181.92668112533164,
    "C_276": 119666.34584146042,
    "C_276_err": 355.82094738362133,
    "C_303": 297754.75601645,
    "C_303_err": 621.6372714107296,
    "C_383": 130180.60692021438,
    "C_383_err": 752.1894142177856,
    "O_Ba133": 0.947399855654846,
    "O_Ba133_err": 0.0035317694345902853
}