{
    "C_79": 66502.33432774746,
    "C_79_err": 146.23152733848752,
    "C_81": 825632.7544840897,
    "C_81_err": 1815.4782073344302,
    "C_356": 907035.8495909675,
    "C_356_err": 3010.0783767867283,
    "C_161": 14939.241617020516,
    "C_161_err": 198.05792497136665,
    "C_223": 9100.685516756017,
    "C_223_err": 202.61176474376043,
    "C_276": 120849.53325346849,
    "C_276_err": 354.1935091407757,
    "C_303": 300685.9315254675,
    "C_303_err": 545.4606647297559,
    "C_383": 131604.78353322513,
    "C_383_err": 944.6496850207027,
    "O_Ba133": 0.9835720266339528,
    "O_Ba133_err": 0.003832277703394945
}