{
    "C_79": 38984.84398953904,
    "C_79_err": 87.0699417058807,
    "C_81": 484000.5159455877,
    "C_81_err": 1080.9815404239528,
    "C_356": 793803.7455374605,
    "C_356_err": 1863.4813319796574,
    "C_161": 12218.003347083588,
    "C_161_err": 248.66256692753632,
    "C_223": 7907.88850897857,
    "C_223_err": 200.171517401126,
    "C_276": 106366.02979631719,
    "C_276_err": 315.237001795385,
    "C_303": 263902.17521597544,
    "C_303_err": 562.6314950499708,
    "C_383": 113343.59545891576,
    "C_383_err": 406.24467493630226,
    "O_Ba133": 0.6588345833276827,
    "O_Ba133_err": 0.0020636243201668228
}