{
    "C_79": 42906.9912907346,
    "C_79_err": 101.57835901949215,
    "C_81": 532694.3447038502,
    "C_81_err": 1261.1049100910536,
    "C_356": 813857.1022604174,
    "C_356_err": 2080.1238328201625,
    "C_161": 12724.60573491986,
    "C_161_err": 186.57804480679704,
    "C_223": 8164.856583354176,
    "C_223_err": 195.25768785595213,
    "C_276": 109038.03340495787,
    "C_276_err": 321.402228046386,
    "C_303": 270614.1650299547,
    "C_303_err": 565.427971944243,
    "C_383": 116528.44791680554,
    "C_383_err": 429.5018337163493,
    "O_Ba133": 0.7072511063624095,
    "O_Ba133_err": 0.002384168268805953
}