{
    "C_79": 72531.27585273898,
    "C_79_err": 186.59806713050864,
    "C_81": 900482.6322849293,
    "C_81_err": 2316.6326070165037,
    "C_356": 918370.9656420043,
    "C_356_err": 3214.0590219013125,
    "C_161": 15472.767307325985,
    "C_161_err": 181.08944973389052,
    "C_223": 9247.309647110815,
    "C_223_err": 197.11997329976032,
    "C_276": 122125.20104848222,
    "C_276_err": 361.19494687900936,
    "C_303": 303822.61112548976,
    "C_303_err": 517.2511941766126,
    "C_383": 134139.48450159424,
    "C_383_err": 2154.240533056949,
    "O_Ba133": 1.0594998584885191,
    "O_Ba133_err": 0.0044892745783624765
}