{
    "C_79": 45021.38043918794,
    "C_79_err": 111.9262990644111,
    "C_81": 558944.6854525493,
    "C_81_err": 1389.5755619694812,
    "C_356": 824057.9726057678,
    "C_356_err": 2054.954835579237,
    "C_161": 12892.443892126275,
    "C_161_err": 187.4653415014119,
    "C_223": 8257.968429703666,
    "C_223_err": 167.3661722051226,
    "C_276": 110489.85569841805,
    "C_276_err": 306.2951933561331,
    "C_303": 273932.2618893399,
    "C_303_err": 564.4554939137457,
    "C_383": 118213.77886682349,
    "C_383_err": 496.977661343471,
    "O_Ba133": 0.7329169621184852,
    "O_Ba133_err": 0.0024904456973288175
}