{
    "C_79": 35408.32339983799,
    "C_79_err": 82.75702021683658,
    "C_81": 439597.6754168558,
    "C_81_err": 1027.4362132580843,
    "C_356": 773909.2215219114,
    "C_356_err": 1684.6357522746923,
    "C_161": 11926.290932498217,
    "C_161_err": 178.39272285244735,
    "C_223": 7793.184927781755,
    "C_223_err": 153.2006759597723,
    "C_276": 103780.22933529015,
    "C_276_err": 331.52859317188796,
    "C_303": 257280.6009246572,
    "C_303_err": 593.0548101640884,
    "C_383": NaN,
    "C_383_err": NaN,
    "O_Ba133": 0.6137748273403214,
    "O_Ba133_err": 0.0018865275202075934
}