{
    "C_79": 47270.36187457354,
    "C_79_err": 110.54963402270538,
    "C_81": 586866.0021409445,
    "C_81_err": 1372.484135602644,
    "C_356": 834617.1849830694,
    "C_356_err": 2162.567208369659,
    "C_161": 13105.806923808816,
    "C_161_err": 231.43526952973502,
    "C_223": 8334.257204305943,
    "C_223_err": 191.10667989245246,
    "C_276": 111806.60061829949,
    "C_276_err": 312.9148713109939,
    "C_303": 277475.9886307313,
    "C_303_err": 537.7456497140099,
    "C_383": 119894.87413277755,
    "C_383_err": 451.18100749023864,
    "O_Ba133": 0.7597930828951021,
    "O_Ba133_err": 0.00256855942417306
}