{
    "C_79": 49630.76687714587,
    "C_79_err": 114.99356068701772,
    "C_81": 616170.6529275865,
    "C_81_err": 1427.6559043784464,
    "C_356": 844806.0830697679,
    "C_356_err": 2340.6899012571407,
    "C_161": 13454.779622958413,
    "C_161_err": 235.65235268115552,
    "C_223": 8540.343691713957,
    "C_223_err": 184.06847703370707,
    "C_276": 113170.90786571035,
    "C_276_err": 350.1282098514261,
    "C_303": 280935.166297986,
    "C_303_err": 488.12548042847993,
    "C_383": 121524.19924174946,
    "C_383_err": 441.799288908818,
    "O_Ba133": 0.788111536064481,
    "O_Ba133_err": 0.0027645078016817165
}