{
    "C_79": 17008.769668596753,
    "C_79_err": 79.53268252105583,
    "C_81": 211165.4800365451,
    "C_81_err": 987.4057565821649,
    "C_356": 323733.3521691925,
    "C_356_err": 1339.9214638545766,
    "C_161": 5075.190612156157,
    "C_161_err": 101.11472586679756,
    "C_223": NaN,
    "C_223_err": NaN,
    "C_276": 42646.84651059006,
    "C_276_err": 281.26016763943426,
    "C_303": 105136.02743107668,
    "C_303_err": 460.22787320148024,
    "C_383": 45770.40306927047,
    "C_383_err": 196.373412173507,
    "O_Ba133": 0.7048215705186018,
    "O_Ba133_err": 0.004227701647098641
}