{
    "C_79": 69593.7310018634,
    "C_79_err": 176.9891097567663,
    "C_81": 864012.7358344727,
    "C_81_err": 2197.3364947160803,
    "C_356": 914297.0436905703,
    "C_356_err": 3074.759164646048,
    "C_161": 15451.534661702448,
    "C_161_err": 182.92077137610903,
    "C_223": 8993.526753985125,
    "C_223_err": 210.8836471101383,
    "C_276": 121667.20667626338,
    "C_276_err": 323.1687988219339,
    "C_303": 302792.8661413635,
    "C_303_err": 612.5729006827675,
    "C_383": 133179.42668430888,
    "C_383_err": 1465.3244486017816,
    "O_Ba133": 1.021119419863618,
    "O_Ba133_err": 0.004195916519286046
}