{
    "C_79": 28024.02304343687,
    "C_79_err": 79.96832567804927,
    "C_81": 347920.88986003574,
    "C_81_err": 992.8143074746495,
    "C_356": 726589.2506643601,
    "C_356_err": 1489.718556592918,
    "C_161": 11041.535165430501,
    "C_161_err": 233.06780992590026,
    "C_223": 7166.409800993494,
    "C_223_err": 162.72411489062378,
    "C_276": 97472.20073664404,
    "C_276_err": 295.2018728963251,
    "C_303": 241406.3071367143,
    "C_303_err": 442.2508217791156,
    "C_383": 103015.14313862682,
    "C_383_err": 385.6228361095416,
    "O_Ba133": 0.5174105074630896,
    "O_Ba133_err": 0.0017333658585720545
}