{
    "C_79": 30741.234912375257,
    "C_79_err": 87.45646323229438,
    "C_81": 381655.33155364834,
    "C_81_err": 1085.7802416386737,
    "C_356": 745286.3087403774,
    "C_356_err": 1576.4565794365974,
    "C_161": 11239.05544449745,
    "C_161_err": 190.14400529964675,
    "C_223": 7428.675396546829,
    "C_223_err": 163.49737135783033,
    "C_276": 99907.74399465583,
    "C_276_err": 302.3614079833382,
    "C_303": 247635.1184240923,
    "C_303_err": 488.0835350298789,
    "C_383": 105845.63772746886,
    "C_383_err": 420.7632593157821,
    "O_Ba133": 0.5533397858375031,
    "O_Ba133_err": 0.0018724744697443927
}