{
    "cuspEmax_ctc": {
        "resolution": [
            0.42866900380884054,
            0.0006157999756411528,
            5.726719459362851e-22
        ],
        "calibration": [
            0.031270182570171466,
            -0.08142496529046792
        ]
    }
}