{
    "cuspEmax_ctc": {
        "resolution": [
            0.4046478403005655,
            0.0012443839835420527,
            1.741472078033604e-28
        ],
        "calibration": [
            0.052998694811621734,
            -0.13733967860078544
        ]
    }
}