{
    "cuspEmax_ctc": {
        "resolution": [
            0.40502891433552046,
            0.0009269422880595922,
            4.653666007366617e-22
        ],
        "calibration": [
            0.052070500819346575,
            0.9463579876872603
        ]
    }
}