{
    "C_60": 4954433.080388829,
    "C_60_err": 13789.334585327935,
    "C_99_103": 7118.999667754108,
    "C_99_103_err": 87.98107277063208,
    "O_Am241": 695.945120327818,
    "O_Am241_err": 8.816338659651118
}