{
    "C_60": 3182451.5537418085,
    "C_60_err": 0.006597226317983651,
    "C_99_103": 6177.004811712929,
    "C_99_103_err": 3.3870098995760455e-07,
    "O_Am241": 515.2094988994013,
    "O_Am241_err": 1.0684035345034911e-06
}