{
    "C_60": 839025.1256448252,
    "C_60_err": 0.0015799621317343082,
    "C_99_103": 4184.62707753532,
    "C_99_103_err": 2.2561203826866345e-07,
    "O_Am241": 200.5017675646734,
    "O_Am241_err": 3.777181421784573e-07
}