{
    "C_60": 750580.6806110722,
    "C_60_err": 3356.157477141834,
    "C_99_103": 4045.17116992529,
    "C_99_103_err": 71.78356697652784,
    "O_Am241": 185.54979482485896,
    "O_Am241_err": 3.3955924815676117
}