{
    "C_60": 1171359.1613893532,
    "C_60_err": 4460.77055188404,
    "C_99_103": 4591.537115767918,
    "C_99_103_err": 61.38566890991372,
    "O_Am241": 255.1126413345888,
    "O_Am241_err": 3.5463479650135414
}