{
    "C_60": 863237.6832732902,
    "C_60_err": 0.001648695121174576,
    "C_99_103": 2849.6678997999065,
    "C_99_103_err": 2.894533957284678e-07,
    "O_Am241": 302.9257140222914,
    "O_Am241_err": 5.793745659696977e-07
}