{
    "C_60": 2848398.422865614,
    "C_60_err": 0.005905769186244636,
    "C_99_103": 5980.444536277684,
    "C_99_103_err": 6.247289477631667e-07,
    "O_Am241": 476.2854007903731,
    "O_Am241_err": 9.88765982981099e-07
}