{
    "C_60": 750129.9789771676,
    "C_60_err": 0.0014972792242645694,
    "C_99_103": 4040.579381240009,
    "C_99_103_err": 1.9501384968944203e-07,
    "O_Am241": 185.64911320884906,
    "O_Am241_err": 3.706688388909034e-07
}