{
    "C_60": 1827406.0874077377,
    "C_60_err": 0.003704156157928462,
    "C_99_103": 5205.822777272733,
    "C_99_103_err": 2.2376161134515836e-07,
    "O_Am241": 351.0311752036041,
    "O_Am241_err": 7.117009217778835e-07
}