{
    "C_60": 1463440.3469595704,
    "C_60_err": 5297.767316390478,
    "C_99_103": 4895.609688644594,
    "C_99_103_err": 55.74515794003749,
    "O_Am241": 298.9291303908545,
    "O_Am241_err": 3.571713801582025
}