{
    "C_60": 6181781.165561756,
    "C_60_err": 0.013717688563501529,
    "C_99_103": 7619.341537144301,
    "C_99_103_err": 4.0379156073595997e-07,
    "O_Am241": 811.327479602478,
    "O_Am241_err": 1.800890524797154e-06
}