{
    "C_60": 1635195.0575745925,
    "C_60_err": 5751.489111664506,
    "C_99_103": 5063.817763502006,
    "C_99_103_err": 69.76969843303628,
    "O_Am241": 322.91743777993577,
    "O_Am241_err": 4.591870404160341
}