{
    "C_60": 4435083.723074799,
    "C_60_err": 0.009392164228834154,
    "C_99_103": 6876.199113341761,
    "C_99_103_err": 3.943246735128164e-07,
    "O_Am241": 644.9905900004392,
    "O_Am241_err": 1.3663954595781297e-06
}