{
    "C_60": 1635384.094468652,
    "C_60_err": 0.0032404549382716863,
    "C_99_103": 5061.459388791145,
    "C_99_103_err": 2.227281604500397e-07,
    "O_Am241": 323.10524867398755,
    "O_Am241_err": 6.403793240153011e-07
}