{
    "C_60": 1463442.8335256223,
    "C_60_err": 0.002809807298285172,
    "C_99_103": 4886.273955887434,
    "C_99_103_err": 4.626867492558886e-07,
    "O_Am241": 299.5007743604575,
    "O_Am241_err": 5.757397955957644e-07
}