{
    "C_60": 1047826.1089786044,
    "C_60_err": 0.0020521459032817047,
    "C_99_103": 4436.262460963918,
    "C_99_103_err": 1.5492130489862168e-07,
    "O_Am241": 236.19569811271518,
    "O_Am241_err": 4.62657953292846e-07
}