{
    "C_60": 4954604.354398631,
    "C_60_err": 0.010880249123434993,
    "C_99_103": 7095.954492312497,
    "C_99_103_err": 2.837751892883133e-07,
    "O_Am241": 698.2294432364627,
    "O_Am241_err": 1.533557346085816e-06
}