{
    "C_60": 2282186.8496344713,
    "C_60_err": 0.004695440683856189,
    "C_99_103": 5608.77274330846,
    "C_99_103_err": 4.4805174478700993e-07,
    "O_Am241": 406.89593857359114,
    "O_Am241_err": 8.3779087877237e-07
}