{
    "C_60": 792271.05393195,
    "C_60_err": 1224.522605085387,
    "C_99_103": 2578.9558031865745,
    "C_99_103_err": 56.10203666272561,
    "O_Am241": 307.2061386057934,
    "O_Am241_err": 6.699740978804291
}