{
    "C_60": 792271.05393195,
    "C_60_err": 0.0016359046494972274,
    "C_99_103": 2578.956387860891,
    "C_99_103_err": 3.5703269831605336e-07,
    "O_Am241": 307.20606895919525,
    "O_Am241_err": 6.357523078070623e-07
}