{
    "C_60": 3182143.3209293014,
    "C_60_err": 9624.423720614832,
    "C_99_103": 6187.373376773921,
    "C_99_103_err": 83.7199792880437,
    "O_Am241": 514.2963139858972,
    "O_Am241_err": 7.130558969402924
}