{
    "C_60": 3970453.465861511,
    "C_60_err": 11939.013720369096,
    "C_99_103": 6639.207826392237,
    "C_99_103_err": 79.31684347635928,
    "O_Am241": 598.0312063855163,
    "O_Am241_err": 7.367352902434328
}