{
    "C_60": 1309035.53844497,
    "C_60_err": 4878.055679212264,
    "C_99_103": 4723.4852963373,
    "C_99_103_err": 84.00364920681311,
    "O_Am241": 277.13339966571436,
    "O_Am241_err": 5.03564444973113
}