{
    "C_60": 838839.646527347,
    "C_60_err": 3186.3982876902232,
    "C_99_103": 4190.952036531463,
    "C_99_103_err": 63.369952924795705,
    "O_Am241": 200.15491449565522,
    "O_Am241_err": 3.1205139786986607
}