{
    "C_60": 937596.7754214976,
    "C_60_err": 0.0017624407181632273,
    "C_99_103": 4328.803424978971,
    "C_99_103_err": 1.9723509355888983e-07,
    "O_Am241": 216.59490703855477,
    "O_Am241_err": 4.072622892160341e-07
}