{
    "C_60": 3554303.4012293685,
    "C_60_err": 0.007757009344178112,
    "C_99_103": 6389.31061345972,
    "C_99_103_err": 4.2446750318119505e-07,
    "O_Am241": 556.2890296398916,
    "O_Am241_err": 1.2146228095782855e-06
}