{
    "C_60": 5534116.7810086375,
    "C_60_err": 14717.740783210022,
    "C_99_103": 7361.6746241133,
    "C_99_103_err": 85.43180211746096,
    "O_Am241": 751.7469955655928,
    "O_Am241_err": 8.95012717208351
}