{
    "C_60": 1171203.544289219,
    "C_60_err": 0.0022254589050560436,
    "C_99_103": 4588.102395715021,
    "C_99_103_err": 2.2929112925560487e-07,
    "O_Am241": 255.26970483113985,
    "O_Am241_err": 4.852176964523421e-07
}