{
    "C_60": 2042779.7392115172,
    "C_60_err": 0.004055109117822309,
    "C_99_103": 5398.524114440398,
    "C_99_103_err": 2.945491418815654e-07,
    "O_Am241": 378.395964509509,
    "O_Am241_err": 7.514351053430879e-07
}