{
    "C_60": 1308900.5898910335,
    "C_60_err": 0.002556936814512023,
    "C_99_103": 4709.400441538963,
    "C_99_103_err": 2.584006965998119e-07,
    "O_Am241": 277.93359391271133,
    "O_Am241_err": 5.431572975285637e-07
}