{
    "C_60": 2549407.572234689,
    "C_60_err": 8814.671410889756,
    "C_99_103": 5772.693426421374,
    "C_99_103_err": 72.25644156897614,
    "O_Am241": 441.6322475339082,
    "O_Am241_err": 5.734901796080224
}