{
    "C_60": 5533980.48041185,
    "C_60_err": 0.012190204231874446,
    "C_99_103": 7347.4811636398845,
    "C_99_103_err": 6.246466230730246e-07,
    "O_Am241": 753.180628457761,
    "O_Am241_err": 1.6603349274159408e-06
}