{
    "C_60": 6912094.170121453,
    "C_60_err": 17626.6492620478,
    "C_99_103": 7861.830219054096,
    "C_99_103_err": 95.14478970076948,
    "O_Am241": 879.1965709675537,
    "O_Am241_err": 10.873793382401882
}