{
    "C_60": 2548720.6309995363,
    "C_60_err": 0.00534898216191515,
    "C_99_103": 5765.442024564687,
    "C_99_103_err": 4.4444072104055186e-07,
    "O_Am241": 442.0685560864649,
    "O_Am241_err": 9.283918299889408e-07
}