{
    "C_60": 3554574.4112658133,
    "C_60_err": 10599.401179381244,
    "C_99_103": 6390.497376100879,
    "C_99_103_err": 80.69371686586267,
    "O_Am241": 556.228130936909,
    "O_Am241_err": 7.216756485846333
}