{
    "C_60": 937855.1571358421,
    "C_60_err": 3579.2563461962663,
    "C_99_103": 4327.049024189604,
    "C_99_103_err": 73.05919314324473,
    "O_Am241": 216.7424385286435,
    "O_Am241_err": 3.751865458133843
}