{
    "C_60": 2848310.586073588,
    "C_60_err": 9013.618098965982,
    "C_99_103": 5967.909670551452,
    "C_99_103_err": 78.81704510515304,
    "O_Am241": 477.2710619479594,
    "O_Am241_err": 6.481653494310111
}