{
    "C_60": 2042245.334513301,
    "C_60_err": 6917.9943656683445,
    "C_99_103": 5402.503586184981,
    "C_99_103_err": 82.3054027948746,
    "O_Am241": 378.0183209383944,
    "O_Am241_err": 5.8996320456098035
}