{
    "C_60": 2281986.7438127627,
    "C_60_err": 7466.237619409703,
    "C_99_103": 5597.991896220922,
    "C_99_103_err": 70.0739337660394,
    "O_Am241": 407.6438098013826,
    "O_Am241_err": 5.274182561407363
}