{
    "C_60": 1827701.2253231178,
    "C_60_err": 6439.136434418195,
    "C_99_103": 5225.12321168346,
    "C_99_103_err": 70.93019225316293,
    "O_Am241": 349.7910290873808,
    "O_Am241_err": 4.905665093845294
}