{
    "C_60": 3970666.438709977,
    "C_60_err": 0.0083735195445106,
    "C_99_103": 6642.811463326381,
    "C_99_103_err": 3.363955187820375e-07,
    "O_Am241": 597.7388430533101,
    "O_Am241_err": 1.2609018801707334e-06
}