{
    "C_60": 6911680.294228772,
    "C_60_err": 0.015574418803945278,
    "C_99_103": 7866.931938278923,
    "C_99_103_err": 5.967098436074564e-07,
    "O_Am241": 878.5738008737451,
    "O_Am241_err": 1.9808535184468447e-06
}