{
    "C_60": 4434574.106031771,
    "C_60_err": 13139.663101442457,
    "C_99_103": 6864.0667684728805,
    "C_99_103_err": 78.25164184640256,
    "O_Am241": 646.0563767240825,
    "O_Am241_err": 7.609865393251849
}