{
    "C_60": 1047977.0655364849,
    "C_60_err": 4006.009821514857,
    "C_99_103": 4429.603971961147,
    "C_99_103_err": 73.91750922092115,
    "O_Am241": 236.58482161612008,
    "O_Am241_err": 4.05018887086588
}