{
    "C_60": 6181356.170271382,
    "C_60_err": 17731.729471902803,
    "C_99_103": 7647.646788013737,
    "C_99_103_err": 93.44727841078259,
    "O_Am241": 808.2690455787664,
    "O_Am241_err": 10.144820013268445
}