{
    "C_60": 792271.05393195,
    "C_60_err": 0.0016359046494972274,
    "C_99_103": 2578.955803186574,
    "C_99_103_err": 3.5705557807424916e-07,
    "O_Am241": 307.20613860579346,
    "O_Am241_err": 6.35752634912911e-07
}