{
    "cuspEmax_ctc": {
        "resolution": [
            0.38913273691802386,
            3.836791675185837e-22,
            9.452155210922889e-06
        ],
        "calibration": [
            0.07036852438738701,
            0.9971783094820194
        ]
    }
}