{
    "cuspEmax_ctc": {
        "resolution": [
            0.41264901137622234,
            3.8666374102926466e-17,
            8.218375044515248e-06
        ],
        "calibration": [
            0.07164460003976493,
            -0.15187136656490735
        ]
    }
}