{
    "C_60": 777474.946576998,
    "C_60_err": 3.893514833926831e-06,
    "C_99_103": 4975.04496397166,
    "C_99_103_err": 5.773184277117292e-06,
    "O_Am241": 156.27495876063944,
    "O_Am241_err": 1.8134761447672774e-07
}