{
    "C_60": 3024849.4891562415,
    "C_60_err": 1.3321175721097561e-05,
    "C_99_103": 7118.905860839496,
    "C_99_103_err": 7.366637562461122e-05,
    "O_Am241": 424.9037068737887,
    "O_Am241_err": 4.396900243008107e-06
}