{
    "C_60": 1063924.5543044345,
    "C_60_err": 5.251089290371491e-06,
    "C_99_103": 5442.620533307459,
    "C_99_103_err": 5.583378448953738e-05,
    "O_Am241": 195.4802007219658,
    "O_Am241_err": 2.0053576389313108e-06
}