{
    "C_60": 3725950.3530596932,
    "C_60_err": 1.74716899192795e-05,
    "C_99_103": 7454.062878869254,
    "C_99_103_err": 8.105634894094049e-05,
    "O_Am241": 499.85496682916397,
    "O_Am241_err": 5.435481701279542e-06
}