{
    "C_60": 3359430.4522402156,
    "C_60_err": 1.563063211699328e-05,
    "C_99_103": 7258.19674449404,
    "C_99_103_err": 2.668776855257229e-05,
    "O_Am241": 462.8464301120839,
    "O_Am241_err": 1.701848093477518e-06
}