{
    "C_60": 630351.6593148893,
    "C_60_err": 3.022915753820958e-06,
    "C_99_103": 4762.011325825093,
    "C_99_103_err": 1.6344883255169096e-05,
    "O_Am241": 132.3708862044067,
    "O_Am241_err": 4.5434347907480397e-07
}