{
    "C_60": 2456207.057083708,
    "C_60_err": 1.0622933956667274e-05,
    "C_99_103": 6740.297031658421,
    "C_99_103_err": 4.4594336698565825e-05,
    "O_Am241": 364.4063526499171,
    "O_Am241_err": 2.410941681197207e-06
}