{
    "C_60": 567653.5073860988,
    "C_60_err": 2.9260808406860253e-06,
    "C_99_103": 4580.337597255569,
    "C_99_103_err": 5.1755234845848194e-05,
    "O_Am241": 123.93267861439375,
    "O_Am241_err": 1.4003696055136295e-06
}