{
    "C_60": 2212730.3661950794,
    "C_60_err": 1.1117060149685304e-05,
    "C_99_103": 6598.838292548364,
    "C_99_103_err": 5.2141133601703594e-05,
    "O_Am241": 335.32119868640683,
    "O_Am241_err": 2.6495619652137026e-06
}