{
    "C_60": 1181438.295291917,
    "C_60_err": 5.798118745334313e-06,
    "C_99_103": 5612.779498373209,
    "C_99_103_err": 4.6473110903178006e-05,
    "O_Am241": 210.49077300014036,
    "O_Am241_err": 1.7428375297671124e-06
}