{
    "C_60": 1456681.9706226762,
    "C_60_err": 6.8028406962402505e-06,
    "C_99_103": 5881.790694223488,
    "C_99_103_err": 8.183645930475782e-05,
    "O_Am241": 247.65960680193618,
    "O_Am241_err": 3.445819058994195e-06
}