{
    "C_60": 700269.2602678839,
    "C_60_err": 3.1752778690196867e-06,
    "C_99_103": 4864.3126041963815,
    "C_99_103_err": 4.092670709582018e-05,
    "O_Am241": 143.96057927357924,
    "O_Am241_err": 1.2112365705723275e-06
}