{
    "C_60": 862674.31659047,
    "C_60_err": 4.697121463990463e-06,
    "C_99_103": 5168.221846144636,
    "C_99_103_err": 1.90651307317797e-05,
    "O_Am241": 166.91897953916265,
    "O_Am241_err": 6.157505865148747e-07
}