{
    "C_60": 1311826.725331298,
    "C_60_err": 6.279716562619664e-06,
    "C_99_103": 5763.762745479254,
    "C_99_103_err": 1.3924067495760385e-05,
    "O_Am241": 227.599015306488,
    "O_Am241_err": 5.498335744892515e-07
}