{
    "C_60": 937730.0346974042,
    "C_60_err": 4.127540956886527e-06,
    "C_99_103": 36274.773706214946,
    "C_99_103_err": 0.00010241291228373528,
    "O_Am241": 25.850748023735935,
    "O_Am241_err": 7.298332523893017e-08
}