{
    "C_60": 958115.2568606614,
    "C_60_err": 4.46444576042513e-06,
    "C_99_103": 5270.701076524751,
    "C_99_103_err": 3.1435248296280366e-05,
    "O_Am241": 181.78136892035565,
    "O_Am241_err": 1.0841715606049788e-06
}