{
    "C_60": 4132372.5538405823,
    "C_60_err": 2.0030506464110975e-05,
    "C_99_103": 7735.427173331107,
    "C_99_103_err": 4.651692987054256e-06,
    "O_Am241": 534.2138787224932,
    "O_Am241_err": 3.2125952774015707e-07
}