{
    "C_60": 1992796.546676796,
    "C_60_err": 9.812314093774963e-06,
    "C_99_103": 6422.7368102036435,
    "C_99_103_err": 3.130236924385295e-05,
    "O_Am241": 310.2721792228648,
    "O_Am241_err": 1.5121683425359269e-06
}