{
    "C_60": 1617286.7832366931,
    "C_60_err": 7.770176865384143e-06,
    "C_99_103": 6068.533310092283,
    "C_99_103_err": 7.184048539803759e-05,
    "O_Am241": 266.5037333727842,
    "O_Am241_err": 3.1549236305231377e-06
}