{
    "C_60": 2725403.22106208,
    "C_60_err": 1.3444592253785553e-05,
    "C_99_103": 6895.179334284299,
    "C_99_103_err": 5.936356734276334e-05,
    "O_Am241": 395.26212284440453,
    "O_Am241_err": 3.4029823390692554e-06
}