{
    "C_60": 1794968.2410197682,
    "C_60_err": 8.527284603623148e-06,
    "C_99_103": 6247.907392724469,
    "C_99_103_err": 3.0524064742463894e-05,
    "O_Am241": 287.2911085573969,
    "O_Am241_err": 1.4035573820650134e-06
}