{
    "C_60": 4580293.134445876,
    "C_60_err": 2.091566132643441e-05,
    "C_99_103": 7921.613860717722,
    "C_99_103_err": 1.5879712966572873e-05,
    "O_Am241": 578.2020198130293,
    "O_Am241_err": 1.1590701207391672e-06
}