{
    "C_60": 937730.0346974042,
    "C_60_err": 1205.2889690401971,
    "C_99_103": 36274.77370621494,
    "C_99_103_err": 371.6794737817083,
    "O_Am241": 25.85074802373594,
    "O_Am241_err": 0.2669484715862837
}