{
    "C_60": 1616298.2132061291,
    "C_60_err": 0.0005601964218910488,
    "C_99_103": 6016.987505968998,
    "C_99_103_err": 7.758199804271934e-05,
    "O_Am241": 268.622497820167,
    "O_Am241_err": 3.464823201585604e-06
}