{
    "C_60": 862156.4149804745,
    "C_60_err": 0.00024392518645700856,
    "C_99_103": 5093.668987074444,
    "C_99_103_err": 2.4805278363037265e-05,
    "O_Am241": 169.2603930817372,
    "O_Am241_err": 8.256584645632184e-07
}