{
    "C_60": 2453669.756700492,
    "C_60_err": 0.0007560244570206653,
    "C_99_103": 6699.97585578705,
    "C_99_103_err": 9.577432137774298e-05,
    "O_Am241": 366.22068638966135,
    "O_Am241_err": 5.236240472855447e-06
}