{
    "C_60": 957339.1339052521,
    "C_60_err": 0.00032255666977246134,
    "C_99_103": 5225.45817310137,
    "C_99_103_err": 7.21673939379675e-05,
    "O_Am241": 183.20673559942784,
    "O_Am241_err": 2.5309716828160857e-06
}