{
    "C_60": 4131577.218444374,
    "C_60_err": 0.0013058554834011193,
    "C_99_103": 7678.30602389613,
    "C_99_103_err": 3.995523907499327e-05,
    "O_Am241": 538.0844688380794,
    "O_Am241_err": 2.8051650319582866e-06
}