{
    "C_60": 1794569.0283875144,
    "C_60_err": 0.0005491729989558214,
    "C_99_103": 6223.880260362077,
    "C_99_103_err": 3.1540917255512863e-05,
    "O_Am241": 288.3360465362029,
    "O_Am241_err": 1.463869657428316e-06
}