{
    "C_60": 567413.8379900347,
    "C_60_err": 0.0001873177523550526,
    "C_99_103": 4505.336200247369,
    "C_99_103_err": 2.285899787767006e-05,
    "O_Am241": 125.94261843519702,
    "O_Am241_err": 6.403538871376553e-07
}