{
    "C_60": 1215435.2452288384,
    "C_60_err": 2616.9302279570243,
    "C_99_103": 32532.766053893356,
    "C_99_103_err": 375.43865972498116,
    "O_Am241": 37.36034136216282,
    "O_Am241_err": 0.4385900942940485
}