{
    "C_60": 1215435.2452288384,
    "C_60_err": 3.893302454238343e-06,
    "C_99_103": 32532.766053893356,
    "C_99_103_err": 1.872063064149753e-05,
    "O_Am241": 37.36034136216282,
    "O_Am241_err": 2.1498940059017477e-08
}