{
    "C_60": 2211127.6738604647,
    "C_60_err": 0.0006502461857054581,
    "C_99_103": 6509.54729387284,
    "C_99_103_err": 8.808374679981764e-05,
    "O_Am241": 339.6745693731583,
    "O_Am241_err": 4.597381732849259e-06
}