{
    "C_60": 1181247.7801668476,
    "C_60_err": 0.00036390497882701073,
    "C_99_103": 5524.479519431263,
    "C_99_103_err": 2.422473226105439e-05,
    "O_Am241": 213.82064609200603,
    "O_Am241_err": 9.399103182904878e-07
}