{
    "C_60": 3357552.3656500927,
    "C_60_err": 0.0009322922329962902,
    "C_99_103": 7231.824119562355,
    "C_99_103_err": 5.0139632647672906e-05,
    "O_Am241": 464.27461593926046,
    "O_Am241_err": 3.2214859897623676e-06
}