{
    "C_60": 3023724.712800997,
    "C_60_err": 0.0008592065795001713,
    "C_99_103": 7085.01772206278,
    "C_99_103_err": 2.7009613252231824e-05,
    "O_Am241": 426.7772970256804,
    "O_Am241_err": 1.6314803462848424e-06
}