{
    "C_60": 2725367.5902200383,
    "C_60_err": 0.0008264470571904547,
    "C_99_103": 6863.906706009385,
    "C_99_103_err": 9.886943214939116e-05,
    "O_Am241": 397.0577845753593,
    "O_Am241_err": 5.72058708107883e-06
}