{
    "C_60": 776507.6416289213,
    "C_60_err": 0.00026416098717226694,
    "C_99_103": 4922.007649456109,
    "C_99_103_err": 2.3891098308806397e-05,
    "O_Am241": 157.76238009600144,
    "O_Am241_err": 7.676465396088708e-07
}