{
    "C_60": 1062856.5360125748,
    "C_60_err": 0.00036623806619010685,
    "C_99_103": 5377.175754039274,
    "C_99_103_err": 7.937657683647758e-05,
    "O_Am241": 197.66073950887116,
    "O_Am241_err": 2.9186151804902588e-06
}