{
    "C_60": 4581477.364252611,
    "C_60_err": 0.0013912508115221378,
    "C_99_103": 7853.957796774815,
    "C_99_103_err": 3.4394594538275826e-05,
    "O_Am241": 583.3335857921174,
    "O_Am241_err": 2.560709021604845e-06
}