{
    "C_60": 629624.196692439,
    "C_60_err": 0.0002354622042756785,
    "C_99_103": 4674.199207630387,
    "C_99_103_err": 6.0453306272981164e-05,
    "O_Am241": 134.7020460027913,
    "O_Am241_err": 1.7428841163465693e-06
}