{
    "C_60": 1311725.7367849194,
    "C_60_err": 0.0003799403754379399,
    "C_99_103": 5679.366517099406,
    "C_99_103_err": 2.149894319335275e-05,
    "O_Am241": 230.9633887574578,
    "O_Am241_err": 8.76855438495086e-07
}