{
    "C_60": 699279.4657878383,
    "C_60_err": 0.00020240729912204825,
    "C_99_103": 4820.064709741616,
    "C_99_103_err": 2.5947522499182234e-05,
    "O_Am241": 145.0767796487371,
    "O_Am241_err": 7.82109977308142e-07
}