{
    "C_60": 1991640.2655674403,
    "C_60_err": 0.0006751569618802106,
    "C_99_103": 6359.389326077342,
    "C_99_103_err": 7.520907382621817e-05,
    "O_Am241": 313.1810561433172,
    "O_Am241_err": 3.7053450224067096e-06
}