{
    "C_60": 1456173.6655955378,
    "C_60_err": 0.0005247493781354584,
    "C_99_103": 5805.10011986275,
    "C_99_103_err": 3.3765798451829494e-05,
    "O_Am241": 250.84385032621384,
    "O_Am241_err": 1.4618494753617463e-06
}