{
    "C_60": 3724854.0438345806,
    "C_60_err": 0.0011823894606016738,
    "C_99_103": 7407.169938561311,
    "C_99_103_err": 9.603605401517023e-05,
    "O_Am241": 502.8714171175147,
    "O_Am241_err": 6.5218240144459375e-06
}