{
    "C_60": 1090295.9987612078,
    "C_60_err": 1451.9837307630137,
    "C_99_103": 42323.89922650457,
    "C_99_103_err": 369.49451954963723,
    "O_Am241": 25.76076445429276,
    "O_Am241_err": 0.22749723600082716
}