{
    "C_60": 1456175.2410196469,
    "C_60_err": 1.9762276139219555e-05,
    "C_99_103": 5939.681972427776,
    "C_99_103_err": 6.176793210663287e-05,
    "O_Am241": 245.16047286357525,
    "O_Am241_err": 2.5494746029544836e-06
}