{
    "C_60": 1617284.8295483997,
    "C_60_err": 2.1663885582516064e-05,
    "C_99_103": 6108.647582404192,
    "C_99_103_err": 7.921980354171917e-05,
    "O_Am241": 264.7533365989141,
    "O_Am241_err": 3.4334471284903765e-06
}