{
    "C_60": 862557.1440084236,
    "C_60_err": 1.1467781257795684e-05,
    "C_99_103": 5166.107583721237,
    "C_99_103_err": 8.31058679141425e-06,
    "O_Am241": 166.96461117581077,
    "O_Am241_err": 2.686009258313591e-07
}