{
    "C_60": 4134477.0325583103,
    "C_60_err": 5.662659205084644e-05,
    "C_99_103": 7743.64644231473,
    "C_99_103_err": 2.8905472738471993e-05,
    "O_Am241": 533.918621331378,
    "O_Am241_err": 1.993024107409974e-06
}