{
    "C_60": 567606.2965548076,
    "C_60_err": 7.487689609188795e-06,
    "C_99_103": 4603.3700431532925,
    "C_99_103_err": 2.764833918613653e-05,
    "O_Am241": 123.30233964115543,
    "O_Am241_err": 7.405689961442519e-07
}