{
    "C_60": 1993509.902599437,
    "C_60_err": 2.7221352759693868e-05,
    "C_99_103": 6436.124759855248,
    "C_99_103_err": 1.7283037537615618e-05,
    "O_Am241": 309.73761028278636,
    "O_Am241_err": 8.31754534858472e-07
}