{
    "C_60": 1090295.9987612078,
    "C_60_err": 1.2544248275602951e-05,
    "C_99_103": 42323.89922650457,
    "C_99_103_err": 3.117384908495367e-05,
    "O_Am241": 25.76076445429276,
    "O_Am241_err": 1.897651600985263e-08
}