{
    "C_60": 2727172.367834144,
    "C_60_err": 3.713355980893007e-05,
    "C_99_103": 6908.306280973558,
    "C_99_103_err": 4.1613036123478174e-05,
    "O_Am241": 394.76714796869356,
    "O_Am241_err": 2.377934748401979e-06
}