{
    "C_60": 1311899.8060189039,
    "C_60_err": 1.7668526084749746e-05,
    "C_99_103": 5805.991858718258,
    "C_99_103_err": 1.515602985525858e-05,
    "O_Am241": 225.95619111124992,
    "O_Am241_err": 5.89846565425975e-07
}