{
    "C_60": 958635.7175239971,
    "C_60_err": 1.3375052805258796e-05,
    "C_99_103": 5294.125573790566,
    "C_99_103_err": 2.025278142484483e-05,
    "O_Am241": 181.07536441331877,
    "O_Am241_err": 6.92711972162497e-07
}