{
    "C_60": 630710.0022567414,
    "C_60_err": 8.52666420041951e-06,
    "C_99_103": 4744.681643385354,
    "C_99_103_err": 9.735694093499396e-06,
    "O_Am241": 132.92988859137168,
    "O_Am241_err": 2.7276705105573326e-07
}