{
    "C_60": 777016.0291503798,
    "C_60_err": 1.044201092313549e-05,
    "C_99_103": 5008.582187701276,
    "C_99_103_err": 4.718048872447323e-05,
    "O_Am241": 155.13692299157356,
    "O_Am241_err": 1.461380290870164e-06
}