{
    "C_60": 700247.5817133324,
    "C_60_err": 9.683125899990867e-06,
    "C_99_103": 4900.545660663179,
    "C_99_103_err": 4.764759553477301e-05,
    "O_Am241": 142.89175740861674,
    "O_Am241_err": 1.3893260096900043e-06
}