{
    "C_60": 4582137.509638997,
    "C_60_err": 6.264009174649504e-05,
    "C_99_103": 7930.7970754447115,
    "C_99_103_err": 5.892892057993253e-05,
    "O_Am241": 577.7650677541839,
    "O_Am241_err": 4.293027433497159e-06
}