{
    "C_60": 3727926.8912581853,
    "C_60_err": 5.134779213553445e-05,
    "C_99_103": 7516.848209108944,
    "C_99_103_err": 4.9547589817690015e-05,
    "O_Am241": 495.94281905821515,
    "O_Am241_err": 3.269033022459507e-06
}