{
    "C_60": 3360064.3466342664,
    "C_60_err": 4.578314340427693e-05,
    "C_99_103": 7291.271646384009,
    "C_99_103_err": 1.6104510266911502e-05,
    "O_Am241": 460.8337899878737,
    "O_Am241_err": 1.0178805671459081e-06
}