{
    "C_60": 2456498.930416924,
    "C_60_err": 3.3715112738256364e-05,
    "C_99_103": 6759.830404480754,
    "C_99_103_err": 2.8009292970049505e-05,
    "O_Am241": 363.396532668724,
    "O_Am241_err": 1.5057383362382358e-06
}