{
    "C_60": 1181640.0127521611,
    "C_60_err": 1.5712522936982103e-05,
    "C_99_103": 5608.332116666488,
    "C_99_103_err": 3.7721862530685865e-05,
    "O_Am241": 210.69365867984845,
    "O_Am241_err": 1.4171366094409186e-06
}