{
    "C_60": 1795992.927573582,
    "C_60_err": 2.458804580254305e-05,
    "C_99_103": 6269.76665399435,
    "C_99_103_err": 8.075120871070199e-06,
    "O_Am241": 286.4529139101833,
    "O_Am241_err": 3.6895672672678775e-07
}