{
    "C_60": 2213934.185487563,
    "C_60_err": 2.948688516818225e-05,
    "C_99_103": 6618.360467155453,
    "C_99_103_err": 3.694930853075646e-05,
    "O_Am241": 334.5139927742714,
    "O_Am241_err": 1.8675464959911231e-06
}