{
    "C_60": 1064605.8514570324,
    "C_60_err": 1.460814115401398e-05,
    "C_99_103": 5469.636888165414,
    "C_99_103_err": 1.6034129787218203e-05,
    "O_Am241": 194.63921887767484,
    "O_Am241_err": 5.705871796640458e-07
}