{
    "C_60": 3025729.1391650196,
    "C_60_err": 4.1340415753076884e-05,
    "C_99_103": 7082.77803439577,
    "C_99_103_err": 7.931733202979439e-05,
    "O_Am241": 427.19525085655795,
    "O_Am241_err": 4.78400037499776e-06
}