{
    "cuspEmax_ctc": {
        "resolution": [
            0.1640368141664349,
            0.0019056623595531774,
            8.042683447761097e-31
        ],
        "calibration": [
            0.05922493861944947,
            0.16318934116999245
        ]
    }
}