{
    "C_60": 3489114.253169915,
    "C_60_err": 10666.620388209632,
    "C_99_103": 6899.932560222211,
    "C_99_103_err": 104.67446560591999,
    "O_Am241": 505.6736747377063,
    "O_Am241_err": 7.825466191352251
}