{
    "C_60": 4335020.698872398,
    "C_60_err": 12304.020368335996,
    "C_99_103": 7325.696833777631,
    "C_99_103_err": 89.96064128501125,
    "O_Am241": 591.75540528572,
    "O_Am241_err": 7.458416474844301
}