{
    "C_60": 5388241.548555826,
    "C_60_err": 13656.591794874943,
    "C_99_103": 7819.945898495067,
    "C_99_103_err": 96.67244966042979,
    "O_Am241": 689.0382131151038,
    "O_Am241_err": 8.695269841131713
}