{
    "C_60": 3888773.582497419,
    "C_60_err": 11623.521361944218,
    "C_99_103": 7077.82746919788,
    "C_99_103_err": 82.53574163174906,
    "O_Am241": 549.4304007014921,
    "O_Am241_err": 6.614123085098143
}