{
    "C_60": 6011665.382245958,
    "C_60_err": 15060.328577132492,
    "C_99_103": 8074.889179947668,
    "C_99_103_err": 100.69756633056728,
    "O_Am241": 744.4889023585235,
    "O_Am241_err": 9.469602384322798
}