{
    "C_60": 2523610.7125548036,
    "C_60_err": 7570.061422928605,
    "C_99_103": 6270.116386241973,
    "C_99_103_err": 77.80890583302333,
    "O_Am241": 402.4822757823389,
    "O_Am241_err": 5.138446439474113
}