{
    "C_60": 6707086.919662623,
    "C_60_err": 17534.01340581784,
    "C_99_103": 8351.04820597103,
    "C_99_103_err": 91.45439436588704,
    "O_Am241": 803.1431209877379,
    "O_Am241_err": 9.042554481733852
}