{
    "C_60": 7454232.4050508775,
    "C_60_err": 17916.796289840342,
    "C_99_103": 8647.969598893853,
    "C_99_103_err": 109.50325967382469,
    "O_Am241": 861.9632989926718,
    "O_Am241_err": 11.109340161285097
}