{
    "C_60": 2267249.6866605743,
    "C_60_err": 7228.267675306726,
    "C_99_103": 6082.796924807225,
    "C_99_103_err": 90.62105837634293,
    "O_Am241": 372.73144487433757,
    "O_Am241_err": 5.67865032840168
}