{
    "C_60": 2810094.9337680466,
    "C_60_err": 8638.87956331436,
    "C_99_103": 6488.8313715842505,
    "C_99_103_err": 80.92447409785298,
    "O_Am241": 433.0664140963739,
    "O_Am241_err": 5.562592927022052
}