{
    "C_60": 880964.5310211586,
    "C_60_err": 3545.5788242807776,
    "C_99_103": 4617.923971107182,
    "C_99_103_err": 70.5926613290142,
    "O_Am241": 190.77068754987334,
    "O_Am241_err": 3.015625465710803
}