{
    "C_60": 3131194.97657162,
    "C_60_err": 9823.432666370338,
    "C_99_103": 6688.38358229567,
    "C_99_103_err": 90.24811316239065,
    "O_Am241": 468.1542166421162,
    "O_Am241_err": 6.485425445606415
}