{
    "C_60": 975101.731644263,
    "C_60_err": 3410.5548248331024,
    "C_99_103": 4766.897557706453,
    "C_99_103_err": 69.20380025459482,
    "O_Am241": 204.556888382855,
    "O_Am241_err": 3.0546413418830785
}