{
    "C_60": 4832524.560584806,
    "C_60_err": 13195.964142216322,
    "C_99_103": 7543.6404061491385,
    "C_99_103_err": 80.20414610993002,
    "O_Am241": 640.6090826712275,
    "O_Am241_err": 7.032019418777111
}