{
    "C_60": 1481279.280376876,
    "C_60_err": 5496.1061921279825,
    "C_99_103": 5402.82557872595,
    "C_99_103_err": 68.50771456845116,
    "O_Am241": 274.1675182351859,
    "O_Am241_err": 3.622216455338099
}