{
    "C_60": 1829957.829348732,
    "C_60_err": 6205.519018098469,
    "C_99_103": 5725.0362943673945,
    "C_99_103_err": 74.10514981441322,
    "O_Am241": 319.64126256267497,
    "O_Am241_err": 4.2770792624645155
}