{
    "C_60": 1333119.3000564084,
    "C_60_err": 4565.915211000979,
    "C_99_103": 5217.132428015877,
    "C_99_103_err": 78.16476794734488,
    "O_Am241": 255.52721125068427,
    "O_Am241_err": 3.9271511513353015
}