{
    "C_60": 1080851.7139065608,
    "C_60_err": 3745.5925448893395,
    "C_99_103": 4894.966776938052,
    "C_99_103_err": 80.89168775395716,
    "O_Am241": 220.8087946579825,
    "O_Am241_err": 3.728339506845778
}