{
    "C_60": 1646584.3284936263,
    "C_60_err": 5905.38856730529,
    "C_99_103": 5543.210412413084,
    "C_99_103_err": 88.19472390659315,
    "O_Am241": 297.0452510347395,
    "O_Am241_err": 4.844694228535231
}