{
    "C_60": 1199583.720695706,
    "C_60_err": 4269.069199008788,
    "C_99_103": 5053.705202627134,
    "C_99_103_err": 94.10198390379189,
    "O_Am241": 237.36717370694885,
    "O_Am241_err": 4.499871180946952
}