{
    "C_60": 2037641.1140257504,
    "C_60_err": 7209.457006947794,
    "C_99_103": 5905.251354552487,
    "C_99_103_err": 73.19532974134432,
    "O_Am241": 345.0557803022031,
    "O_Am241_err": 4.447785820161993
}