{
    "C_60": 3359745.2301037177,
    "C_60_err": 0.013535397919000047,
    "C_99_103": 7328.179697150118,
    "C_99_103_err": 2.733127016999697e-05,
    "O_Am241": 458.46927462904614,
    "O_Am241_err": 2.5170094375241207e-06
}