{
    "C_60": 1994295.221113017,
    "C_60_err": 0.0070109120934658264,
    "C_99_103": 6486.360649830665,
    "C_99_103_err": 6.514094796317327e-05,
    "O_Am241": 307.4598112525674,
    "O_Am241_err": 3.2714591635185677e-06
}