{
    "C_60": 1312568.7153484602,
    "C_60_err": 0.0041963649650433865,
    "C_99_103": 5806.714853905669,
    "C_99_103_err": 5.0126029315659784e-05,
    "O_Am241": 226.04325309096419,
    "O_Am241_err": 2.0808256959301067e-06
}