{
    "C_60": 1456641.7661969508,
    "C_60_err": 0.00506844331674472,
    "C_99_103": 5953.284617886718,
    "C_99_103_err": 4.336815857796266e-05,
    "O_Am241": 244.67867063174714,
    "O_Am241_err": 1.9753117463981152e-06
}