{
    "C_60": 2457302.795913728,
    "C_60_err": 0.00775665108737833,
    "C_99_103": 6793.773924859467,
    "C_99_103_err": 7.126586372626604e-05,
    "O_Am241": 361.6992297789124,
    "O_Am241_err": 3.96224121597591e-06
}