{
    "C_60": 2214243.9088410954,
    "C_60_err": 0.0067206984315504315,
    "C_99_103": 6627.4578567585795,
    "C_99_103_err": 7.763091566092305e-05,
    "O_Am241": 334.10154492088446,
    "O_Am241_err": 4.0427564708923555e-06
}