{
    "C_60": 1064384.8010631923,
    "C_60_err": 0.00242171721290374,
    "C_99_103": 5497.828418142154,
    "C_99_103_err": 2.8038888511354286e-05,
    "O_Am241": 193.60094934044395,
    "O_Am241_err": 1.0811636492707603e-06
}