{
    "C_60": 1617792.4967134236,
    "C_60_err": 0.004700734360545411,
    "C_99_103": 6139.498979522315,
    "C_99_103_err": 6.61665185384623e-05,
    "O_Am241": 263.5056218934817,
    "O_Am241_err": 2.941252896540945e-06
}