{
    "C_60": 630813.4376083866,
    "C_60_err": 0.0019653202597846864,
    "C_99_103": 4776.851471478079,
    "C_99_103_err": 3.728067781040802e-05,
    "O_Am241": 132.05632232337277,
    "O_Am241_err": 1.1097125788852024e-06
}