{
    "C_60": 568145.5664979015,
    "C_60_err": 0.002906901108157278,
    "C_99_103": 4644.569423634996,
    "C_99_103_err": 4.3623265061533024e-05,
    "O_Am241": 122.32470110291766,
    "O_Am241_err": 1.3083248404755382e-06
}