{
    "C_60": 1794762.1930068925,
    "C_60_err": 0.004458727373410909,
    "C_99_103": 6318.22457112911,
    "C_99_103_err": 7.815599258779913e-05,
    "O_Am241": 284.06115876412355,
    "O_Am241_err": 3.583979520075175e-06
}