{
    "C_60": 1095860.9248829542,
    "C_60_err": 2225.0749137410016,
    "C_99_103": 42403.44658257609,
    "C_99_103_err": 354.0048374641878,
    "O_Am241": 25.84367576698947,
    "O_Am241_err": 0.2220451385473707
}