{
    "C_60": 777734.7801811077,
    "C_60_err": 0.0015663689502209976,
    "C_99_103": 5001.987762691662,
    "C_99_103_err": 6.203904069171551e-05,
    "O_Am241": 155.48514252313848,
    "O_Am241_err": 1.9537227562377706e-06
}