{
    "C_60": 700483.4894400174,
    "C_60_err": 0.002581959217322627,
    "C_99_103": 4918.240839191537,
    "C_99_103_err": 4.229922845078085e-06,
    "O_Am241": 142.42561768389595,
    "O_Am241_err": 5.390774291192666e-07
}