{
    "C_60": 1095860.9248829542,
    "C_60_err": 1.7883413126343686e-05,
    "C_99_103": 42403.44658257609,
    "C_99_103_err": 0.00018930030533403818,
    "O_Am241": 25.84367576698947,
    "O_Am241_err": 1.1537383854560533e-07
}