{
    "C_60": 2727173.972972359,
    "C_60_err": 0.007393926489189795,
    "C_99_103": 6965.314624067407,
    "C_99_103_err": 8.8016484775155e-05,
    "O_Am241": 391.53636557192897,
    "O_Am241_err": 5.06020686393917e-06
}