{
    "C_60": 3026300.480532291,
    "C_60_err": 0.009988930245619088,
    "C_99_103": 7170.180124880806,
    "C_99_103_err": 6.247815990691499e-05,
    "O_Am241": 422.06756703794787,
    "O_Am241_err": 3.9327475915945e-06
}