{
    "C_60": 863054.5519756824,
    "C_60_err": 0.003580214569962603,
    "C_99_103": 5200.176877528018,
    "C_99_103_err": 5.100784854158429e-05,
    "O_Am241": 165.96638389460867,
    "O_Am241_err": 1.7675407096164576e-06
}