{
    "C_60": 3725970.769043458,
    "C_60_err": 0.013996709703976151,
    "C_99_103": 7522.822819039279,
    "C_99_103_err": 4.0166988543636185e-05,
    "O_Am241": 495.28891729491676,
    "O_Am241_err": 3.2334499791909072e-06
}