{
    "C_60": 4582518.926061914,
    "C_60_err": 0.016005835167671734,
    "C_99_103": 7983.506995814258,
    "C_99_103_err": 0.00011780026615151786,
    "O_Am241": 573.998235169647,
    "O_Am241_err": 8.703658465272077e-06
}