{
    "C_60": 1181501.7185903036,
    "C_60_err": 0.004280731954477979,
    "C_99_103": 5646.470493386541,
    "C_99_103_err": 6.786113114754449e-05,
    "O_Am241": 209.24606264641668,
    "O_Am241_err": 2.6265778223402152e-06
}