{
    "C_60": 958879.007496664,
    "C_60_err": 0.004353844537741125,
    "C_99_103": 5339.563903027222,
    "C_99_103_err": 7.256233503927206e-06,
    "O_Am241": 179.58002280917273,
    "O_Am241_err": 8.511300743037816e-07
}