{
    "C_60": 4134016.4770206623,
    "C_60_err": 0.012241115409397096,
    "C_99_103": 7784.911253576439,
    "C_99_103_err": 2.9246472456047427e-05,
    "O_Am241": 531.0293646727788,
    "O_Am241_err": 2.5401638641060532e-06
}