{
    "C_79": 45707.05103879147,
    "C_79_err": 63.79316811711894,
    "C_81": 567457.3506325361,
    "C_81_err": 791.998200397439,
    "C_356": 896983.7980865452,
    "C_356_err": 1137.0610958068075,
    "C_161": 14502.32073011745,
    "C_161_err": 343.1947757727791,
    "C_223": 9163.736150454615,
    "C_223_err": 216.48110770572433,
    "C_276": 121653.42781940613,
    "C_276_err": 334.74541587050606,
    "C_303": 300478.07208939356,
    "C_303_err": 604.4908360702428,
    "C_383": 126968.7785383486,
    "C_383_err": 325.56726330581074,
    "O_Ba133": 0.68358470128372,
    "O_Ba133_err": 0.001239182348998201
}