{
    "C_79": 77425.55139108561,
    "C_79_err": 132.80259293165918,
    "C_81": 961245.5248176291,
    "C_81_err": 1648.7567197930518,
    "C_356": 1017211.5426502939,
    "C_356_err": 1541.2089448953602,
    "C_161": 18367.594858556175,
    "C_161_err": 416.6826433069216,
    "C_223": 10629.747577474378,
    "C_223_err": 302.32274411856474,
    "C_276": 137787.44507205597,
    "C_276_err": 394.85936678478527,
    "C_303": 340278.8243549988,
    "C_303_err": 591.402365289839,
    "C_383": 145491.02128536938,
    "C_383_err": 701.6852773976817,
    "O_Ba133": 1.0210964314291098,
    "O_Ba133_err": 0.0022444893683461857
}