{
    "C_79": 87223.5873129791,
    "C_79_err": 192.74936735927912,
    "C_81": 1082889.0651309672,
    "C_81_err": 2393.0015796680314,
    "C_356": 1037001.8621021296,
    "C_356_err": 1523.2896820648264,
    "C_161": 18866.376002135577,
    "C_161_err": 380.5070198888869,
    "C_223": 10550.447633500326,
    "C_223_err": 299.47037883606515,
    "C_276": 140073.2422210372,
    "C_276_err": 501.89334844099847,
    "C_303": 346237.15479076764,
    "C_303_err": 648.0232723851062,
    "C_383": 149407.82635601828,
    "C_383_err": 2475.565453988407,
    "O_Ba133": 1.1283611873868624,
    "O_Ba133_err": 0.002847264144597674
}