{
    "C_79": 59609.350351338784,
    "C_79_err": 91.03216963165536,
    "C_81": 740055.7081355139,
    "C_81_err": 1130.1729739175328,
    "C_356": 957343.6183588152,
    "C_356_err": 1284.2649358966098,
    "C_161": 16131.073382218978,
    "C_161_err": 359.7672891596321,
    "C_223": 9577.618432995017,
    "C_223_err": 211.91471914699795,
    "C_276": 129643.89952709964,
    "C_276_err": 396.792480683514,
    "C_303": 320475.09631098364,
    "C_303_err": 637.4778471682058,
    "C_383": 136001.70661421624,
    "C_383_err": 279.1771839043929,
    "O_Ba133": 0.835295752906075,
    "O_Ba133_err": 0.001630429767329325
}