{
    "C_79": 18108.04365832815,
    "C_79_err": 47.091037546069465,
    "C_81": 224813.0703241464,
    "C_81_err": 584.6396736851642,
    "C_356": 708658.90615632,
    "C_356_err": 800.9810951819145,
    "C_161": 10471.187191490484,
    "C_161_err": 349.0425783435706,
    "C_223": 6943.209903190139,
    "C_223_err": 325.3457082899465,
    "C_276": 95843.12414851163,
    "C_276_err": 356.30092867101365,
    "C_303": 236552.25148588335,
    "C_303_err": 478.85562573371334,
    "C_383": 99080.9473857806,
    "C_383_err": 298.6563416922221,
    "O_Ba133": 0.3427898977521488,
    "O_Ba133_err": 0.000913863923255419
}