{
    "C_79": 15156.33631134082,
    "C_79_err": 55.32921063691516,
    "C_81": 188167.3451483474,
    "C_81_err": 686.9173697941542,
    "C_356": 282614.30226930435,
    "C_356_err": 743.6308391946034,
    "C_161": 4686.277367047631,
    "C_161_err": 214.9095772510947,
    "C_223": 3073.736743161733,
    "C_223_err": 173.05852339005895,
    "C_276": 38335.39006805365,
    "C_276_err": 261.4419466271352,
    "C_303": 93112.0482215767,
    "C_303_err": 362.9835044686868,
    "C_383": 39370.48790830775,
    "C_383_err": 173.9279663684021,
    "O_Ba133": 0.7194387539026253,
    "O_Ba133_err": 0.0030870075039474126
}