{
    "C_79": 67986.68656590617,
    "C_79_err": 103.4647045543889,
    "C_81": 844061.1275540945,
    "C_81_err": 1284.5240678639225,
    "C_356": 987691.6274471479,
    "C_356_err": 1369.833972598177,
    "C_161": 16836.284094010243,
    "C_161_err": 406.8133281839193,
    "C_223": 10020.358043237638,
    "C_223_err": 266.41545778487904,
    "C_276": 133953.892207423,
    "C_276_err": 419.7595975142416,
    "C_303": 330734.74320342985,
    "C_303_err": 525.2574152300617,
    "C_383": 140748.83525419305,
    "C_383_err": 383.0600260733255,
    "O_Ba133": 0.9234135318908584,
    "O_Ba133_err": 0.0018282541436732726
}