{
    "C_79": 40018.20724367962,
    "C_79_err": 63.29006092682976,
    "C_81": 496829.8182328512,
    "C_81_err": 785.7520771670563,
    "C_356": 867682.3949831034,
    "C_356_err": 1056.0358999908776,
    "C_161": 13634.526059629346,
    "C_161_err": 315.000765553047,
    "C_223": 9154.09854854352,
    "C_223_err": 302.6302248172432,
    "C_276": 117537.69979060534,
    "C_276_err": 363.1274364680722,
    "C_303": 290313.029596445,
    "C_303_err": 542.0162356297692,
    "C_383": 122435.91893093575,
    "C_383_err": 377.4981595622907,
    "O_Ba133": 0.618714899115805,
    "O_Ba133_err": 0.0011800135669056062
}