{
    "C_79": 52182.39563319473,
    "C_79_err": 83.36716423373176,
    "C_81": 647849.3646536345,
    "C_81_err": 1035.011208788594,
    "C_356": 926723.7006002839,
    "C_356_err": 1234.4402939845963,
    "C_161": 15207.553668811273,
    "C_161_err": 324.5588517585706,
    "C_223": 9326.075909039231,
    "C_223_err": 249.73442515382098,
    "C_276": 125824.66554843403,
    "C_276_err": 382.14739250255434,
    "C_303": 310611.1323730003,
    "C_303_err": 526.9815410751346,
    "C_383": 131387.67567680258,
    "C_383_err": 382.88655457721603,
    "O_Ba133": 0.7553834652479317,
    "O_Ba133_err": 0.0015059543516477644
}