{
    "C_79": 48976.5807748891,
    "C_79_err": 73.86591569056972,
    "C_81": 608048.8707523871,
    "C_81_err": 917.0523117810355,
    "C_356": 912478.2027894947,
    "C_356_err": 1244.605470305231,
    "C_161": 14756.322453479943,
    "C_161_err": 436.1360265442008,
    "C_223": 9358.591844702629,
    "C_223_err": 278.1945069118511,
    "C_276": 123709.12728711985,
    "C_276_err": 349.288391148725,
    "C_303": 305726.11318606837,
    "C_303_err": 709.7175783968152,
    "C_383": 129252.79493177673,
    "C_383_err": 389.91090014249266,
    "O_Ba133": 0.7200450920566807,
    "O_Ba133_err": 0.0014075449751320599
}