{
    "C_60": 9370979.966198305,
    "C_60_err": 21123.849785233655,
    "C_99_103": 10645.56651958419,
    "C_99_103_err": 101.11348872705574,
    "O_Am241": 880.2706693870088,
    "O_Am241_err": 8.593205058193547
}