{
    "C_60": 7413600.890097103,
    "C_60_err": 18423.005225935165,
    "C_99_103": 9920.556499914946,
    "C_99_103_err": 98.24006754818883,
    "O_Am241": 747.2968769605478,
    "O_Am241_err": 7.629691680488255
}