{
    "C_60": 4266913.19891072,
    "C_60_err": 12722.379408868379,
    "C_99_103": 8291.870119168496,
    "C_99_103_err": 100.49599181772619,
    "O_Am241": 514.5899703670954,
    "O_Am241_err": 6.422698011049198
}