{
    "C_60": 3822182.23266286,
    "C_60_err": 10868.650931259881,
    "C_99_103": 7972.703204290052,
    "C_99_103_err": 78.23715301208925,
    "O_Am241": 479.40856880338555,
    "O_Am241_err": 4.898030182048001
}