{
    "C_60": 2211412.482281845,
    "C_60_err": 6913.286274490776,
    "C_99_103": 6727.618668170146,
    "C_99_103_err": 86.29218027674659,
    "O_Am241": 328.7065738051604,
    "O_Am241_err": 4.339593930480202
}