{
    "C_60": 1286642.8414007237,
    "C_60_err": 4067.6562833655385,
    "C_99_103": 5666.381653549815,
    "C_99_103_err": 72.71204224714965,
    "O_Am241": 227.06603968242788,
    "O_Am241_err": 3.0008790824699876
}