{
    "C_60": 1038987.1352090084,
    "C_60_err": 3485.6606282326197,
    "C_99_103": 5318.798013659411,
    "C_99_103_err": 89.03469840533387,
    "O_Am241": 195.34246883238382,
    "O_Am241_err": 3.334984249721812
}