{
    "C_60": 6630261.734127952,
    "C_60_err": 16962.302892869942,
    "C_99_103": 9572.164305231841,
    "C_99_103_err": 97.63429107306362,
    "O_Am241": 692.6606692808293,
    "O_Am241_err": 7.28385228000517
}