{
    "C_60": 1779209.3405335958,
    "C_60_err": 5869.416821912511,
    "C_99_103": 6243.36078909134,
    "C_99_103_err": 80.94553682878664,
    "O_Am241": 284.9762172390076,
    "O_Am241_err": 3.812460106492423
}