{
    "C_60": 8311450.694998579,
    "C_60_err": 20249.38896653046,
    "C_99_103": 10353.585712708438,
    "C_99_103_err": 120.24968203290025,
    "O_Am241": 802.7606015563039,
    "O_Am241_err": 9.52642845034206
}