{
    "C_60": 2753389.4900190537,
    "C_60_err": 9215.862197602559,
    "C_99_103": 7193.118536869691,
    "C_99_103_err": 100.47316428181426,
    "O_Am241": 382.7810532950395,
    "O_Am241_err": 5.498032036179685
}