{
    "C_60": 5315665.4660629,
    "C_60_err": 14330.973611192658,
    "C_99_103": 8861.713840725395,
    "C_99_103_err": 109.509012536852,
    "O_Am241": 599.8462105189998,
    "O_Am241_err": 7.586981193070149
}