{
    "C_60": 1983231.643296749,
    "C_60_err": 6247.622882421862,
    "C_99_103": 6514.002605301017,
    "C_99_103_err": 76.35020049844299,
    "O_Am241": 304.45668561489657,
    "O_Am241_err": 3.695158859545383
}