{
    "C_60": 1433454.4104506401,
    "C_60_err": 5041.921126101956,
    "C_99_103": 5852.821275158886,
    "C_99_103_err": 72.93366303531596,
    "O_Am241": 244.91682610139608,
    "O_Am241_err": 3.1712249550365015
}