{
    "C_60": 5934540.247553579,
    "C_60_err": 15367.833143684222,
    "C_99_103": 9204.245980847416,
    "C_99_103_err": 99.38920602361563,
    "O_Am241": 644.7611526139589,
    "O_Am241_err": 7.1596577939898
}