{
    "C_60": 3070989.3981900625,
    "C_60_err": 9848.415423886478,
    "C_99_103": 7492.554192571705,
    "C_99_103_err": 89.00787044519963,
    "O_Am241": 409.8721636521113,
    "O_Am241_err": 5.043378016999653
}