{
    "C_60": 1156839.995447388,
    "C_60_err": 3877.880193539725,
    "C_99_103": 5523.3032950718025,
    "C_99_103_err": 89.83312489766416,
    "O_Am241": 209.44712496226393,
    "O_Am241_err": 3.4781277294698083
}