{
    "C_60": 4762467.50694504,
    "C_60_err": 13568.37669562422,
    "C_99_103": 8576.83758348283,
    "C_99_103_err": 92.56015638134251,
    "O_Am241": 555.2708047213746,
    "O_Am241_err": 6.197714926304503
}