{
    "C_60": 1596723.3580604296,
    "C_60_err": 5078.371424678171,
    "C_99_103": 6030.470356389731,
    "C_99_103_err": 78.3623963601499,
    "O_Am241": 264.77592355106805,
    "O_Am241_err": 3.5421656207354326
}