{
    "C_60": 2467202.724510651,
    "C_60_err": 7746.689996015357,
    "C_99_103": 6887.1516531451825,
    "C_99_103_err": 116.29723521723454,
    "O_Am241": 358.23266987070684,
    "O_Am241_err": 6.15284451634459
}