{
    "C_60": 3424871.243997726,
    "C_60_err": 9930.668754158323,
    "C_99_103": 7722.344638084802,
    "C_99_103_err": 83.80213576823358,
    "O_Am241": 443.50147584802943,
    "O_Am241_err": 4.981675261760192
}