{
    "C_60": 6384511.959595971,
    "C_60_err": 10909.488083519578,
    "C_99_103": 16148.923478357116,
    "C_99_103_err": 215.94339897317755,
    "O_Am241": 395.3521711928682,
    "O_Am241_err": 5.329637262618999
}