{
    "C_79": 51466.19691082215,
    "C_79_err": 104.97454798418424,
    "C_81": 638957.6899494512,
    "C_81_err": 1303.2689164828912,
    "C_356": 978997.7420973338,
    "C_356_err": 1936.0099447230323,
    "C_161": 14970.89098271622,
    "C_161_err": 242.12785452128236,
    "C_223": 9730.243256385811,
    "C_223_err": 207.61353328661076,
    "C_276": 131290.23028540725,
    "C_276_err": 392.4563553062567,
    "C_303": 325089.37827259116,
    "C_303_err": 541.1180586760997,
    "C_383": 140093.903105695,
    "C_383_err": 388.22881286721935,
    "O_Ba133": 0.7052354230982795,
    "O_Ba133_err": 0.0019309755578872435
}