{
    "C_79": 67698.66231056233,
    "C_79_err": 120.96757177266805,
    "C_81": 840485.2792518723,
    "C_81_err": 1501.8238155927468,
    "C_356": 1054153.5259931644,
    "C_356_err": 2560.1206036388576,
    "C_161": 16622.576049685893,
    "C_161_err": 323.65127496761903,
    "C_223": 10187.33343933375,
    "C_223_err": 184.21186899101474,
    "C_276": 141001.91016003062,
    "C_276_err": 405.0403787530671,
    "C_303": 349959.90394108003,
    "C_303_err": 582.7644584792636,
    "C_383": 151807.68386005473,
    "C_383_err": 414.04122225509224,
    "O_Ba133": 0.8615291028949457,
    "O_Ba133_err": 0.00253389653058299
}