{
    "C_79": 16164.932848355922,
    "C_79_err": 87.43149257036625,
    "C_81": 200689.16630600375,
    "C_81_err": 1085.4702285151131,
    "C_356": 308961.42415031884,
    "C_356_err": 1914.922708426355,
    "C_161": 4823.8019085728065,
    "C_161_err": 144.64172015465783,
    "C_223": 2914.3410550386084,
    "C_223_err": 105.37725217774643,
    "C_276": 41101.56654820839,
    "C_276_err": 245.91844162966083,
    "C_303": 100256.9077012968,
    "C_303_err": 569.0508776595141,
    "C_383": 43809.31789447486,
    "C_383_err": 289.2020966885202,
    "O_Ba133": 0.7018808246069378,
    "O_Ba133_err": 0.0055988934263712965
}