{
    "C_79": 89073.78020630965,
    "C_79_err": 218.91789906657826,
    "C_81": 1105859.3844481644,
    "C_81_err": 2717.8863695435566,
    "C_356": 1116606.7578965086,
    "C_356_err": 2963.3800079818875,
    "C_161": 19041.41885361438,
    "C_161_err": 215.94874945480066,
    "C_223": 11166.371143356775,
    "C_223_err": 225.50131862034425,
    "C_276": 148854.26658304452,
    "C_276_err": 414.084479547905,
    "C_303": 369474.9530750892,
    "C_303_err": 627.1939331082168,
    "C_383": 162641.25806709696,
    "C_383_err": 2629.60444846113,
    "O_Ba133": 1.0701468141797017,
    "O_Ba133_err": 0.0037455480057492405
}