{
    "C_79": 51164.76488280972,
    "C_79_err": 92.72961061950068,
    "C_81": 635215.3828846951,
    "C_81_err": 1151.2468639175745,
    "C_356": 977625.9375281704,
    "C_356_err": 1834.8304237867505,
    "C_161": 15237.35369552833,
    "C_161_err": 253.99692278420648,
    "C_223": 9769.839098478045,
    "C_223_err": 154.662846565417,
    "C_276": 130955.46348565655,
    "C_276_err": 369.37815561424014,
    "C_303": 324680.66009872366,
    "C_303_err": 641.8279444983797,
    "C_383": 139937.04099770854,
    "C_383_err": 385.74632229636364,
    "O_Ba133": 0.7020887247559618,
    "O_Ba133_err": 0.0017697593560251775
}