{
    "C_79": 58987.29717776075,
    "C_79_err": 97.86438304084702,
    "C_81": 732332.8593012396,
    "C_81_err": 1214.995547941082,
    "C_356": 1016209.879016773,
    "C_356_err": 2375.895253140414,
    "C_161": 15913.999738090679,
    "C_161_err": 288.0370690620529,
    "C_223": 10267.718469728046,
    "C_223_err": 216.39925549622848,
    "C_276": 135990.8973338296,
    "C_276_err": 427.9905239422576,
    "C_303": 337372.1877341338,
    "C_303_err": 660.2075970914708,
    "C_383": 146028.8647572718,
    "C_383_err": 513.722797617556,
    "O_Ba133": 0.7786975631890499,
    "O_Ba133_err": 0.002180212194884141
}