{
    "C_79": 39237.48869735874,
    "C_79_err": 69.07329402406418,
    "C_81": 487137.1238275866,
    "C_81_err": 857.5514616572498,
    "C_356": 908189.8366602749,
    "C_356_err": 1475.9150640212968,
    "C_161": 13667.444480298138,
    "C_161_err": 315.6862464713713,
    "C_223": 8918.09264034037,
    "C_223_err": 226.9920851767089,
    "C_276": 121644.7251094413,
    "C_276_err": 311.4420596904565,
    "C_303": 301429.70346855273,
    "C_303_err": 658.6007757645993,
    "C_383": 129111.25217619883,
    "C_383_err": 273.3492958036102,
    "O_Ba133": 0.5795865481831475,
    "O_Ba133_err": 0.0013358693154025942
}