{
    "C_79": 44927.6105953289,
    "C_79_err": 83.15487763175337,
    "C_81": 557780.5239948377,
    "C_81_err": 1032.3756505979945,
    "C_356": 943005.9092587562,
    "C_356_err": 1770.8715877236923,
    "C_161": 13938.069912077031,
    "C_161_err": 280.6578159285292,
    "C_223": 9535.215777311601,
    "C_223_err": 190.7162993143465,
    "C_276": 126424.7744704919,
    "C_276_err": 418.89545937926306,
    "C_303": 313059.251867151,
    "C_303_err": 500.5948220135521,
    "C_383": 134595.43279701867,
    "C_383_err": 374.23181452862485,
    "O_Ba133": 0.6391350559657907,
    "O_Ba133_err": 0.00162691645147377
}