{
    "C_79": 77805.5289013921,
    "C_79_err": 150.83996542060441,
    "C_81": 965962.9814550417,
    "C_81_err": 1872.6924008822211,
    "C_356": 1091227.4774255578,
    "C_356_err": 2785.627876663812,
    "C_161": 18034.039710698096,
    "C_161_err": 248.88117565256144,
    "C_223": 10661.333892592633,
    "C_223_err": 267.27112512756946,
    "C_276": 145677.0512824205,
    "C_276_err": 376.09634959981196,
    "C_303": 361942.81617289595,
    "C_303_err": 589.7981648724747,
    "C_383": 157823.71580139597,
    "C_383_err": 796.8034003626902,
    "O_Ba133": 0.9565086399940277,
    "O_Ba133_err": 0.0029876817945889513
}