{
    "C_79": 17438.601718033213,
    "C_79_err": 46.91764420779603,
    "C_81": 216501.8854804919,
    "C_81_err": 582.4869790326375,
    "C_356": 719878.4062231736,
    "C_356_err": 834.9485227034916,
    "C_161": 10434.680706152552,
    "C_161_err": 227.63608064134235,
    "C_223": 7185.262607344166,
    "C_223_err": 174.6370809232642,
    "C_276": 96582.25977768119,
    "C_276_err": 337.2215488066151,
    "C_303": 238453.6279672131,
    "C_303_err": 401.3871544025264,
    "C_383": 101228.28552244494,
    "C_383_err": 354.97762603598704,
    "O_Ba133": 0.3249722247204063,
    "O_Ba133_err": 0.0008950042633718115
}