{
    "FCCD": 1.3813272067712579,
    "FCCD_err_up": 0.03743830290867178,
    "FCCD_err_low": 0.03761381331108948
}