{
    "C_60": 2239159.4184035663,
    "C_60_err": 3.1877532845163425e-06,
    "C_99_103": 5829.252729789964,
    "C_99_103_err": 2.5481829374328887e-05,
    "O_Am241": 384.1246077667053,
    "O_Am241_err": 1.6791514601268121e-06
}