{
    "C_60": 1809141.672204307,
    "C_60_err": 3.3922383717473192e-06,
    "C_99_103": 5490.997299640849,
    "C_99_103_err": 5.3684753858243404e-05,
    "O_Am241": 329.47415077451194,
    "O_Am241_err": 3.22122522504794e-06
}