{
    "C_60": 1626530.2396636112,
    "C_60_err": 3.01352752609535e-06,
    "C_99_103": 5266.70686876717,
    "C_99_103_err": 4.3341153011548063e-05,
    "O_Am241": 308.83249821806567,
    "O_Am241_err": 2.541466087436354e-06
}