{
    "C_60": 3093354.717053627,
    "C_60_err": 4.6476110989769615e-06,
    "C_99_103": 6406.773075746688,
    "C_99_103_err": 2.335116261624023e-05,
    "O_Am241": 482.82570343621967,
    "O_Am241_err": 1.7597848934034323e-06
}