{
    "C_60": 3838459.485078991,
    "C_60_err": 4.5222674285687325e-06,
    "C_99_103": 6802.889700698658,
    "C_99_103_err": 6.657261211972276e-05,
    "O_Am241": 564.2395590633757,
    "O_Am241_err": 5.5216096736793895e-06
}