{
    "C_60": 1070495.0112147215,
    "C_60_err": 2.448785799986225e-06,
    "C_99_103": 4632.040002104689,
    "C_99_103_err": 3.5671644713449454e-05,
    "O_Am241": 231.10659897762412,
    "O_Am241_err": 1.7797671975223813e-06
}