{
    "C_60": 2012181.9929634782,
    "C_60_err": 3.1358584546160168e-06,
    "C_99_103": 5664.618787677603,
    "C_99_103_err": 1.3323248536160837e-05,
    "O_Am241": 355.21931278776106,
    "O_Am241_err": 8.354800923791181e-07
}