{
    "C_60": 1462771.2218733206,
    "C_60_err": 2.7891889948280374e-06,
    "C_99_103": 5102.884503685066,
    "C_99_103_err": 1.7401254088194886e-05,
    "O_Am241": 286.6557573107867,
    "O_Am241_err": 9.775197625988265e-07
}