{
    "C_60": 965081.4179661963,
    "C_60_err": 1.9147274197151704e-06,
    "C_99_103": 4454.574017881653,
    "C_99_103_err": 6.085035467650894e-05,
    "O_Am241": 216.64954136852242,
    "O_Am241_err": 2.959475253729027e-06
}