{
    "C_60": 7377428.033717782,
    "C_60_err": 4.099161990227251e-06,
    "C_99_103": 8287.559384094444,
    "C_99_103_err": 3.646016778229976e-05,
    "O_Am241": 890.1810161235895,
    "O_Am241_err": 3.916249399748885e-06
}