{
    "C_60": 1317823.0807635065,
    "C_60_err": 2.361136176463538e-06,
    "C_99_103": 4911.085290967883,
    "C_99_103_err": 2.9810093631544142e-05,
    "O_Am241": 268.3364272225433,
    "O_Am241_err": 1.6287915796214022e-06
}