{
    "C_60": 2493699.317724922,
    "C_60_err": 3.5199305956079563e-06,
    "C_99_103": 6012.880117596593,
    "C_99_103_err": 2.735218465822059e-05,
    "O_Am241": 414.72626577522357,
    "O_Am241_err": 1.8865618020583496e-06
}