{
    "C_60": 1187352.7517132168,
    "C_60_err": 2.226362076909391e-06,
    "C_99_103": 4765.053474163216,
    "C_99_103_err": 1.4819173223850393e-06,
    "O_Am241": 249.17931312863723,
    "O_Am241_err": 7.749542665994238e-08
}