{
    "C_60": 4769755.751850501,
    "C_60_err": 4.520861588558356e-06,
    "C_99_103": 7334.523090416811,
    "C_99_103_err": 7.634116836200649e-06,
    "O_Am241": 650.315731922993,
    "O_Am241_err": 6.768795019275029e-07
}