{
    "C_60": 5933023.037781485,
    "C_60_err": 4.381466991373872e-06,
    "C_99_103": 7790.013438968408,
    "C_99_103_err": 2.8536879722318815e-05,
    "O_Am241": 761.6191017209806,
    "O_Am241_err": 2.7900122781491102e-06
}