{
    "C_60": 5319287.098000888,
    "C_60_err": 4.37581259456199e-06,
    "C_99_103": 7530.7566728274205,
    "C_99_103_err": 0.00010117016490644914,
    "O_Am241": 706.3416505268339,
    "O_Am241_err": 9.489179441411594e-06
}