{
    "C_60": 5797883.587448872,
    "C_60_err": 1.8382261333417527e-05,
    "C_99_103": 14717.046855436329,
    "C_99_103_err": 0.00014824304033581512,
    "O_Am241": 393.9569972427717,
    "O_Am241_err": 3.9682815784635e-06
}