{
    "C_60": 6617347.779309342,
    "C_60_err": 3.983067228714721e-06,
    "C_99_103": 8007.8914132653135,
    "C_99_103_err": 6.547870949682238e-05,
    "O_Am241": 826.3533354545125,
    "O_Am241_err": 6.756903577754016e-06
}