{
    "C_60": 4279190.747423939,
    "C_60_err": 4.672742536931951e-06,
    "C_99_103": 6992.69952376823,
    "C_99_103_err": 1.1757340611874876e-08,
    "O_Am241": 611.9511832131415,
    "O_Am241_err": 1.2268687285484373e-09
}