{
    "C_60": 3444802.4120316072,
    "C_60_err": 4.316547327527787e-06,
    "C_99_103": 6607.156148168534,
    "C_99_103_err": 4.702092832742104e-05,
    "O_Am241": 521.3744513948693,
    "O_Am241_err": 3.7104482686697725e-06
}