{
    "C_60": 872101.6198421046,
    "C_60_err": 2.48636317722907e-06,
    "C_99_103": 4276.321188386498,
    "C_99_103_err": 2.919748774818186e-05,
    "O_Am241": 203.93735208911144,
    "O_Am241_err": 1.3924255442496652e-06
}