{
    "C_60": 2777470.1763742254,
    "C_60_err": 3.7564297325314022e-06,
    "C_99_103": 6197.528282258268,
    "C_99_103_err": 4.932167938417965e-05,
    "O_Am241": 448.15772512492117,
    "O_Am241_err": 3.566565725020341e-06
}