{
    "cuspEmax_ctc": {
        "resolution": [
            0.29744042138533555,
            4.562957145685569e-18,
            1.0594010442353076e-05
        ],
        "calibration": [
            0.11541854275975957,
            0.8527908319044182
        ]
    }
}