{
    "C_60": 4305666.589561332,
    "C_60_err": 0.057489707709534876,
    "C_99_103": 7084.6149523530485,
    "C_99_103_err": 3.4616101678680905e-05,
    "O_Am241": 607.7488499401467,
    "O_Am241_err": 8.640996213065593e-06
}