{
    "C_60": 4157440.1085299747,
    "C_60_err": 6.334778907235786e-05,
    "C_99_103": 13202.805019088428,
    "C_99_103_err": 3.22437089675593e-05,
    "O_Am241": 314.8906692569652,
    "O_Am241_err": 7.690366326145728e-07
}