{
    "C_60": 1635294.891647932,
    "C_60_err": 0.020893113029800313,
    "C_99_103": 5252.9149472038525,
    "C_99_103_err": 2.8050554885400392e-05,
    "O_Am241": 311.3118921749163,
    "O_Am241_err": 4.310864968177687e-06
}