{
    "C_60": 1470723.0179969384,
    "C_60_err": 1.467798030536406e-05,
    "C_99_103": 5048.161463385302,
    "C_99_103_err": 4.006727523073106e-05,
    "O_Am241": 291.3383473694738,
    "O_Am241_err": 2.312355312353256e-06
}