{
    "C_60": 1193733.8258506472,
    "C_60_err": 0.014974828919139076,
    "C_99_103": 4772.388356369853,
    "C_99_103_err": 1.852801040136062e-05,
    "O_Am241": 250.13342098560233,
    "O_Am241_err": 3.2846408038489135e-06
}