{
    "C_60": 1324560.5950208125,
    "C_60_err": 1.374677088889463e-05,
    "C_99_103": 4893.114438918841,
    "C_99_103_err": 5.454971612369586e-06,
    "O_Am241": 270.69887932428594,
    "O_Am241_err": 3.017952484790346e-07
}