{
    "C_60": 4803551.461453754,
    "C_60_err": 4.519512969640427e-05,
    "C_99_103": 7328.722779506594,
    "C_99_103_err": 3.6448214375871615e-05,
    "O_Am241": 655.4418288116983,
    "O_Am241_err": 3.25973948760504e-06
}