{
    "C_60": 1193103.411037983,
    "C_60_err": 1.2243882154625713e-05,
    "C_99_103": 4770.190895264326,
    "C_99_103_err": 1.5537343501533828e-05,
    "O_Am241": 250.11649161094434,
    "O_Am241_err": 8.146770682608226e-07
}