{
    "C_60": 2024227.5027860284,
    "C_60_err": 2.0324675034594578e-05,
    "C_99_103": 5680.782345324742,
    "C_99_103_err": 8.328358370878138e-06,
    "O_Am241": 356.3290018410859,
    "O_Am241_err": 5.224113587948012e-07
}