{
    "C_60": 2507712.2167052575,
    "C_60_err": 2.4305471833111283e-05,
    "C_99_103": 5994.14366202202,
    "C_99_103_err": 3.3374355911559375e-06,
    "O_Am241": 418.3603794139502,
    "O_Am241_err": 2.3297111876233718e-07
}