{
    "C_60": 876337.989987786,
    "C_60_err": 9.352029900627779e-06,
    "C_99_103": 4318.931000669347,
    "C_99_103_err": 6.077274261037102e-07,
    "O_Am241": 202.90622606658255,
    "O_Am241_err": 2.8633428438562e-08
}