{
    "C_60": 2791968.05110901,
    "C_60_err": 2.6838751287618437e-05,
    "C_99_103": 6227.313659129552,
    "C_99_103_err": 9.789289761929509e-06,
    "O_Am241": 448.342287531293,
    "O_Am241_err": 7.048038472234672e-07
}