{
    "C_60": 1689369.836659867,
    "C_60_err": 0.02117642212730068,
    "C_99_103": 5321.620222408182,
    "C_99_103_err": 2.6408210847985632e-05,
    "O_Am241": 317.4540395698098,
    "O_Am241_err": 4.279800378507634e-06
}