{
    "C_60": 1325347.8378930336,
    "C_60_err": 0.01641333150829557,
    "C_99_103": 4908.498172791859,
    "C_99_103_err": 1.950060247545625e-05,
    "O_Am241": 270.0108650828327,
    "O_Am241_err": 3.511708782231417e-06
}