{
    "C_60": 3862349.4830031823,
    "C_60_err": 3.6338654252673214e-05,
    "C_99_103": 6847.833797405683,
    "C_99_103_err": 9.077541353198212e-06,
    "O_Am241": 564.0250037123334,
    "O_Am241_err": 7.476947310863319e-07
}