{
    "C_60": 5973706.881473023,
    "C_60_err": 5.2589577504667806e-05,
    "C_99_103": 7834.841895307305,
    "C_99_103_err": 7.05236695586729e-06,
    "O_Am241": 762.4540432718862,
    "O_Am241_err": 6.86339678085793e-07
}