{
    "C_60": 2254248.3970145877,
    "C_60_err": 2.320970478990672e-05,
    "C_99_103": 5846.500730022401,
    "C_99_103_err": 1.6491411235896317e-05,
    "O_Am241": 385.57224245928563,
    "O_Am241_err": 1.0876031773578593e-06
}