{
    "C_60": 971026.3882248962,
    "C_60_err": 1.0570228660636977e-05,
    "C_99_103": 4383.12365483691,
    "C_99_103_err": 5.388304298217724e-05,
    "O_Am241": 221.53753001089513,
    "O_Am241_err": 2.7234278272068428e-06
}