{
    "C_60": 2254185.2332506394,
    "C_60_err": 0.028327499239508096,
    "C_99_103": 5875.897449349537,
    "C_99_103_err": 3.165495953902767e-05,
    "O_Am241": 383.6325008531553,
    "O_Am241_err": 5.245289904277181e-06
}