{
    "C_60": 4306515.329338168,
    "C_60_err": 4.0286060736232504e-05,
    "C_99_103": 7064.949497978385,
    "C_99_103_err": 9.95346753808216e-06,
    "O_Am241": 609.5606671456696,
    "O_Am241_err": 8.587996363580645e-07
}