{
    "C_60": 3111095.673382541,
    "C_60_err": 2.993553147978556e-05,
    "C_99_103": 6430.984838305032,
    "C_99_103_err": 3.5946739681607263e-06,
    "O_Am241": 483.7666005448879,
    "O_Am241_err": 2.704470452371204e-07
}