{
    "C_60": 3468636.7322378885,
    "C_60_err": 3.409399522300016e-05,
    "C_99_103": 6677.785510253708,
    "C_99_103_err": 1.380949380792992e-05,
    "O_Am241": 519.4291920445503,
    "O_Am241_err": 1.0741787416230295e-06
}