{
    "C_60": 1819339.6112484736,
    "C_60_err": 1.841158991743204e-05,
    "C_99_103": 5429.499931783072,
    "C_99_103_err": 3.067398962034182e-06,
    "O_Am241": 335.0841945127338,
    "O_Am241_err": 1.8933636855432095e-07
}