{
    "C_60": 1634523.343669799,
    "C_60_err": 1.630956531608989e-05,
    "C_99_103": 5266.019928649651,
    "C_99_103_err": 1.2540149236100859e-05,
    "O_Am241": 310.39064907012886,
    "O_Am241_err": 7.39150113994521e-07
}