{
    "C_60": 6660277.550315048,
    "C_60_err": 5.6367918623879965e-05,
    "C_99_103": 8007.112484298652,
    "C_99_103_err": 1.8948116642561165e-05,
    "O_Am241": 831.7951775219036,
    "O_Am241_err": 1.968381595101244e-06
}