{
    "C_60": 2509659.395020706,
    "C_60_err": 0.03217185116250576,
    "C_99_103": 6045.614627085141,
    "C_99_103_err": 2.7924313255404844e-05,
    "O_Am241": 415.12063699480694,
    "O_Am241_err": 5.656416310379779e-06
}