{
    "C_60": 4158930.0716558225,
    "C_60_err": 0.015768047299599686,
    "C_99_103": 13096.694024167919,
    "C_99_103_err": 5.377703890371504e-05,
    "O_Am241": 317.55571780032136,
    "O_Am241_err": 1.7747641400878497e-06
}