{
    "C_60": 2792396.054251339,
    "C_60_err": 0.03673513191899532,
    "C_99_103": 6026.662610279057,
    "C_99_103_err": 2.6405532895836252e-05,
    "O_Am241": 463.3403651116352,
    "O_Am241_err": 6.424612967873615e-06
}