{
    "C_60": 3467642.8583189654,
    "C_60_err": 0.04519876440542896,
    "C_99_103": 6654.5509017915,
    "C_99_103_err": 3.794794297415407e-05,
    "O_Am241": 521.0934455975724,
    "O_Am241_err": 7.413744666038932e-06
}