{
    "C_60": 1819784.213964372,
    "C_60_err": 0.02310023913489223,
    "C_99_103": 5491.145662769967,
    "C_99_103_err": 1.9498093860982712e-05,
    "O_Am241": 331.4033765854238,
    "O_Am241_err": 4.368300948031927e-06
}