{
    "C_60": 7428287.415827463,
    "C_60_err": 6.41806400862241e-05,
    "C_99_103": 8315.253067345202,
    "C_99_103_err": 3.636059296030224e-05,
    "O_Am241": 893.3326930239876,
    "O_Am241_err": 3.906335690875486e-06
}