{
    "C_60": 5353996.844357836,
    "C_60_err": 4.668865186517254e-05,
    "C_99_103": 7428.804965363391,
    "C_99_103_err": 4.551132086136033e-05,
    "O_Am241": 720.7076870803187,
    "O_Am241_err": 4.415298581081482e-06
}