{
    "cuspEmax_ctc": {
        "resolution": [
            0.1328115572588764,
            0.0018364520865813486,
            1.3307965141942686e-25
        ],
        "calibration": [
            0.08087964987114282,
            0.4507689777996119
        ]
    }
}