{
    "cuspEmax_ctc": {
        "resolution": [
            0.11128439039374907,
            0.0020548548800625233,
            1.591214931217512e-20
        ],
        "calibration": [
            0.08073874622035729,
            0.6494837715849787
        ]
    }
}