{
    "C_79": 56631.8800877511,
    "C_79_err": 83.8882596634722,
    "C_81": 703090.1339196016,
    "C_81_err": 1041.480657708768,
    "C_356": 1089669.261507322,
    "C_356_err": 2007.3248671867184,
    "C_161": 17247.86380051309,
    "C_161_err": 233.24169220073267,
    "C_223": 10916.077638469318,
    "C_223_err": 241.9338386877647,
    "C_276": 146432.2102810817,
    "C_276_err": 370.64482366161013,
    "C_303": 362789.1974244367,
    "C_303_err": 597.615774712215,
    "C_383": 155684.52611148995,
    "C_383_err": 457.62365055753395,
    "O_Ba133": 0.6972042259469091,
    "O_Ba133_err": 0.0016028062474847831
}