{
    "C_79": 94409.28613140536,
    "C_79_err": 171.3303974820767,
    "C_81": 1172100.1938578468,
    "C_81_err": 2127.083047985028,
    "C_356": 1218255.7421374545,
    "C_356_err": 3110.3991405388397,
    "C_161": 20791.73104516425,
    "C_161_err": 222.66225870351167,
    "C_223": 11810.461227400923,
    "C_223_err": 240.23953790659363,
    "C_276": 162836.09722255977,
    "C_276_err": 405.0620909662168,
    "C_303": 404711.13893710426,
    "C_303_err": 732.4442038657987,
    "C_383": 176420.8045403567,
    "C_383_err": 1881.0021354210226,
    "O_Ba133": 1.0396088737223068,
    "O_Ba133_err": 0.003180180868929704
}