{
    "C_79": 41506.22846708288,
    "C_79_err": 77.3343275066519,
    "C_81": 515303.74210076325,
    "C_81_err": 960.1129716863576,
    "C_356": 1012229.1341147893,
    "C_356_err": 1594.8222026715132,
    "C_161": 15075.889064868481,
    "C_161_err": 276.1835943276945,
    "C_223": 10058.610579816026,
    "C_223_err": 198.01544472986222,
    "C_276": 135565.3907182702,
    "C_276_err": 325.7635780995865,
    "C_303": 336647.62919835397,
    "C_303_err": 537.6957227780688,
    "C_383": 143450.48428162045,
    "C_383_err": 404.7048293241596,
    "O_Ba133": 0.5500829326106933,
    "O_Ba133_err": 0.0012871125839596278
}