{
    "C_79": 62813.514076464126,
    "C_79_err": 89.55949147775797,
    "C_81": 779835.7030625344,
    "C_81_err": 1111.889535704995,
    "C_356": 1116440.2328083136,
    "C_356_err": 2450.3584655023033,
    "C_161": 17595.70006129193,
    "C_161_err": 287.8465525949669,
    "C_223": 11048.578844916774,
    "C_223_err": 188.63421964231512,
    "C_276": 149827.93322299543,
    "C_276_err": 390.3094459087016,
    "C_303": 371866.5425641586,
    "C_303_err": 674.8994487103238,
    "C_383": 159888.05540734442,
    "C_383_err": 465.72555235061844,
    "O_Ba133": 0.7547642877571545,
    "O_Ba133_err": 0.0019345462698450609
}