{
    "C_79": 39444.11758642298,
    "C_79_err": 74.08582171270761,
    "C_81": 489702.44097860897,
    "C_81_err": 919.7824657917286,
    "C_356": 999790.5260508115,
    "C_356_err": 1563.901631775434,
    "C_161": 15176.768658272746,
    "C_161_err": 251.8583180395077,
    "C_223": 2412.1458528900134,
    "C_223_err": 0.0,
    "C_276": 133990.30818673165,
    "C_276_err": 424.5280525437881,
    "C_303": 332423.2455260978,
    "C_303_err": 671.1965024247982,
    "C_383": 141468.58785775586,
    "C_383_err": 348.0972538047779,
    "O_Ba133": 0.5292574242078181,
    "O_Ba133_err": 0.0012398510302682026
}