{
    "C_79": 53740.139985410875,
    "C_79_err": 80.03896818535904,
    "C_81": 667188.9077434028,
    "C_81_err": 993.6913408672879,
    "C_356": 1076433.4443411827,
    "C_356_err": 1919.073116037743,
    "C_161": 16550.956309861376,
    "C_161_err": 308.7257189490929,
    "C_223": 10829.063968734974,
    "C_223_err": 200.9476162540414,
    "C_276": 144641.7570043989,
    "C_276_err": 342.7999090243289,
    "C_303": 358589.6498293384,
    "C_303_err": 618.6482483484067,
    "C_383": 153617.94575866283,
    "C_383_err": 491.55887810648494,
    "O_Ba133": 0.6697386183221472,
    "O_Ba133_err": 0.0015110839285679897
}