{
    "C_79": 37468.560623985344,
    "C_79_err": 68.37635213501389,
    "C_81": 465175.7149166671,
    "C_81_err": 848.8988623554555,
    "C_356": 987368.3380666445,
    "C_356_err": 1521.3707111085864,
    "C_161": 14803.229580564348,
    "C_161_err": 209.8213900201464,
    "C_223": 9623.744951237772,
    "C_223_err": 195.5032953474698,
    "C_276": 132277.56229648486,
    "C_276_err": 405.9542704269701,
    "C_303": 328249.27712176606,
    "C_303_err": 585.2363102709894,
    "C_383": 139672.15706527853,
    "C_383_err": 403.34560175092105,
    "O_Ba133": 0.5090747354982791,
    "O_Ba133_err": 0.0011658748513969153
}