{
    "C_79": 59631.45093989393,
    "C_79_err": 79.90870412781938,
    "C_81": 740330.0890273772,
    "C_81_err": 992.0741003038708,
    "C_356": 1102799.0063754464,
    "C_356_err": 2002.697322624037,
    "C_161": 16851.707648581585,
    "C_161_err": 266.18871204001397,
    "C_223": 10875.275089590277,
    "C_223_err": 270.50690437040595,
    "C_276": 148128.5974562846,
    "C_276_err": 420.7578620316523,
    "C_303": 367513.111330263,
    "C_303_err": 633.9343296284858,
    "C_383": 157849.03119525913,
    "C_383_err": 411.6790582451188,
    "O_Ba133": 0.7253919665710374,
    "O_Ba133_err": 0.001596827947545106
}