{
    "C_79": 69688.03424299946,
    "C_79_err": 106.0881066882254,
    "C_81": 865183.5194696909,
    "C_81_err": 1317.09385284627,
    "C_356": 1143689.2575260655,
    "C_356_err": 2209.585035129743,
    "C_161": 18359.74522565317,
    "C_161_err": 322.35966017864666,
    "C_223": 11124.274044165128,
    "C_223_err": 236.78451524709075,
    "C_276": 153426.05069278585,
    "C_276_err": 391.68134153543735,
    "C_303": 380698.2607002209,
    "C_303_err": 683.8739783178609,
    "C_383": 164218.00211746222,
    "C_383_err": 418.1482379556864,
    "O_Ba133": 0.8174174475809344,
    "O_Ba133_err": 0.001956734761210064
}