{
    "C_79": 43675.04537998271,
    "C_79_err": 71.9022139689308,
    "C_81": 542229.8086797947,
    "C_81_err": 892.6727696520087,
    "C_356": 1024838.399332418,
    "C_356_err": 1694.707256039342,
    "C_161": 15629.661216580827,
    "C_161_err": 292.19863449536655,
    "C_223": 10130.133395683497,
    "C_223_err": 248.7638494092146,
    "C_276": 137297.1364505587,
    "C_276_err": 422.20332304045985,
    "C_303": 340892.6281164574,
    "C_303_err": 617.9325810467705,
    "C_383": 145426.85026593177,
    "C_383_err": 375.28899970495064,
    "O_Ba133": 0.5717046262527214,
    "O_Ba133_err": 0.0012873970278535502
}