{
    "C_79": 77285.40227559689,
    "C_79_err": 118.85729519465721,
    "C_81": 959505.5603272055,
    "C_81_err": 1475.6245327940462,
    "C_356": 1170975.8611672623,
    "C_356_err": 2508.7191006698035,
    "C_161": 19377.88727121136,
    "C_161_err": 254.51010955981096,
    "C_223": 11579.069176430212,
    "C_223_err": 166.3014568868664,
    "C_276": 157110.0267605136,
    "C_276_err": 426.8002925536343,
    "C_303": 389623.0369061607,
    "C_303_err": 737.7767504407093,
    "C_383": 168589.98966848268,
    "C_383_err": 589.8129322825288,
    "O_Ba133": 0.8854076304948758,
    "O_Ba133_err": 0.002279605303094222
}