{
    "C_79": 81378.81763441685,
    "C_79_err": 134.00968936709117,
    "C_81": 1010325.6981782519,
    "C_81_err": 1663.742935915962,
    "C_356": 1184403.0737668732,
    "C_356_err": 2700.335056474583,
    "C_161": 19580.909099109595,
    "C_161_err": 231.59496296541866,
    "C_223": 12034.460354219427,
    "C_223_err": 204.82512827185775,
    "C_276": 158854.84990787218,
    "C_276_err": 459.4966911760963,
    "C_303": 394079.17825138115,
    "C_303_err": 544.9269130980778,
    "C_383": 170742.79775801866,
    "C_383_err": 592.3362880452572,
    "O_Ba133": 0.9217339434459705,
    "O_Ba133_err": 0.002530256689493689
}