{
    "C_79": 98594.245386025,
    "C_79_err": 212.9677770371337,
    "C_81": 1224056.8578114293,
    "C_81_err": 2644.015043215735,
    "C_356": 1222327.3195799405,
    "C_356_err": 3294.602711148813,
    "C_161": 21543.55227883207,
    "C_161_err": 363.66994300799576,
    "C_223": 12313.983428609994,
    "C_223_err": 235.31637208021408,
    "C_276": 163443.19825516758,
    "C_276_err": 507.1225483576407,
    "C_303": 405599.4470663971,
    "C_303_err": 653.327711538987,
    "C_383": 177653.26775045658,
    "C_383_err": 2899.212672840629,
    "O_Ba133": 1.0820760380713659,
    "O_Ba133_err": 0.0036353500736951145
}