{
    "C_79": 48445.133502029545,
    "C_79_err": 80.33214319625505,
    "C_81": 601450.90272331,
    "C_81_err": 997.3311362855816,
    "C_356": 1050208.094156438,
    "C_356_err": 1640.9351778720447,
    "C_161": 15971.574352875768,
    "C_161_err": 235.83145119900223,
    "C_223": 10540.849643583253,
    "C_223_err": 242.57118202603237,
    "C_276": 140891.18992668393,
    "C_276_err": 366.0322155585598,
    "C_303": 349669.8318502069,
    "C_303_err": 598.7546349694347,
    "C_383": 149421.23863356427,
    "C_383_err": 344.63725808287495,
    "O_Ba133": 0.6188259639603689,
    "O_Ba133_err": 0.0013574227778407335
}