{
    "C_79": 90004.94826862625,
    "C_79_err": 172.54202421944305,
    "C_81": 1117419.923787872,
    "C_81_err": 2142.1255082338403,
    "C_356": 1209151.6773650134,
    "C_356_err": 3019.8940061185704,
    "C_161": 20484.555566538133,
    "C_161_err": 213.35753359527965,
    "C_223": 12175.099149952013,
    "C_223_err": 243.77300584216323,
    "C_276": 162063.03532138406,
    "C_276_err": 416.29731839552363,
    "C_303": 401984.519667815,
    "C_303_err": 692.7235634112147,
    "C_383": 174681.14599935844,
    "C_383_err": 1207.992209541672,
    "O_Ba133": 0.9985718869345838,
    "O_Ba133_err": 0.003062476963037589
}