{
    "C_79": 66164.68845512674,
    "C_79_err": 88.20150259520085,
    "C_81": 821440.8491221579,
    "C_81_err": 1095.0299756158897,
    "C_356": 1130118.2872612372,
    "C_356_err": 2209.0533678910756,
    "C_161": 17876.336258030824,
    "C_161_err": 245.60719610526354,
    "C_223": 11573.792231023208,
    "C_223_err": 240.20343369250543,
    "C_276": 151812.07326137685,
    "C_276_err": 454.23599613799297,
    "C_303": 376414.80397900025,
    "C_303_err": 678.3653933581724,
    "C_383": 162034.26540647075,
    "C_383_err": 407.7277988142387,
    "O_Ba133": 0.785409410309017,
    "O_Ba133_err": 0.0018171250573493052
}