{
    "C_79": 73387.17325454546,
    "C_79_err": 103.75295151784516,
    "C_81": 911108.6792734294,
    "C_81_err": 1288.1026811083418,
    "C_356": 1157317.2104736797,
    "C_356_err": 2484.038764775037,
    "C_161": 18829.487691666807,
    "C_161_err": 292.329162143826,
    "C_223": 11268.608429525033,
    "C_223_err": 234.70298759224704,
    "C_276": 155231.99026391312,
    "C_276_err": 494.8365015898307,
    "C_303": 385111.36195116735,
    "C_303_err": 728.5506073038542,
    "C_383": 166380.74025939047,
    "C_383_err": 413.4019867194023,
    "O_Ba133": 0.8506707094807908,
    "O_Ba133_err": 0.002140230546252107
}