{
    "C_79": 45972.665711139634,
    "C_79_err": 69.62947347502363,
    "C_81": 570754.9818477235,
    "C_81_err": 864.4564820106708,
    "C_356": 1037424.0698381697,
    "C_356_err": 1713.045229025352,
    "C_161": 15805.96781592546,
    "C_161_err": 214.15260251365518,
    "C_223": 10567.475081816328,
    "C_223_err": 221.00925571028554,
    "C_276": 138991.31674053957,
    "C_276_err": 447.62787288835267,
    "C_303": 345121.708373037,
    "C_303_err": 620.1632780155221,
    "C_383": 147444.20458138603,
    "C_383_err": 395.5819476780336,
    "O_Ba133": 0.5944797942224995,
    "O_Ba133_err": 0.0012893612636126646
}