{
    "C_79": 51050.56070513767,
    "C_79_err": 86.03190100012691,
    "C_81": 633797.5272449286,
    "C_81_err": 1068.0941671336511,
    "C_356": 1063257.2541130183,
    "C_356_err": 1675.7470840405806,
    "C_161": 16443.856836386756,
    "C_161_err": 230.2085858796019,
    "C_223": 10506.031960186352,
    "C_223_err": 271.7779548872438,
    "C_276": 142636.66225543187,
    "C_276_err": 356.0819726093922,
    "C_303": 353929.80589869345,
    "C_303_err": 607.3186523207838,
    "C_383": 151467.0549942129,
    "C_383_err": 418.10309250317476,
    "O_Ba133": 0.6441038472118158,
    "O_Ba133_err": 0.00143044592384363
}