{
    "C_79": 35571.33232585321,
    "C_79_err": 64.44919337245722,
    "C_81": 441621.44661153824,
    "C_81_err": 800.1428158316386,
    "C_356": 974983.1557090409,
    "C_356_err": 1399.1383117626635,
    "C_161": 14240.36188532906,
    "C_161_err": 269.0792009747413,
    "C_223": NaN,
    "C_223_err": NaN,
    "C_276": 130777.83480588662,
    "C_276_err": 401.8409347167404,
    "C_303": 323905.50259777723,
    "C_303_err": 590.0252258015767,
    "C_383": 137882.52523505478,
    "C_383_err": 378.2233239351795,
    "O_Ba133": 0.48943694682638966,
    "O_Ba133_err": 0.0010822131436118347
}