{
    "C_79": 85620.97231512617,
    "C_79_err": 142.59845280799397,
    "C_81": 1062992.4487425324,
    "C_81_err": 1770.3732442954724,
    "C_356": 1197462.7009577518,
    "C_356_err": 2818.0060569505576,
    "C_161": 19942.307639113667,
    "C_161_err": 338.01046108949697,
    "C_223": 12050.313773023721,
    "C_223_err": 224.473113996226,
    "C_276": 160556.05567174763,
    "C_276_err": 506.4244825017224,
    "C_303": 398048.5890976867,
    "C_303_err": 587.0592568962135,
    "C_383": 172879.0021689176,
    "C_383_err": 833.577764309732,
    "O_Ba133": 0.9592060112928588,
    "O_Ba133_err": 0.002701003510209708
}