{
    "C_60": 1795575.376423084,
    "C_60_err": 3.1832128252577696e-06,
    "C_99_103": 6246.663229556496,
    "C_99_103_err": 6.6711671647749535e-06,
    "O_Am241": 287.4455225835133,
    "O_Am241_err": 3.0697985524713485e-07
}