{
    "C_60": 1457274.6611834965,
    "C_60_err": 2.1337676201719363e-06,
    "C_99_103": 5870.800825901634,
    "C_99_103_err": 9.61592039120226e-06,
    "O_Am241": 248.2241698192323,
    "O_Am241_err": 4.065722685330155e-07
}