{
    "C_60": 1064294.8288341104,
    "C_60_err": 1.7611788717675214e-06,
    "C_99_103": 5443.833504876371,
    "C_99_103_err": 6.04448219897961e-06,
    "O_Am241": 195.50466190429174,
    "O_Am241_err": 2.1707602923970985e-07
}