{
    "C_60": 4133854.858456169,
    "C_60_err": 5.7030613444773726e-06,
    "C_99_103": 7770.418206775362,
    "C_99_103_err": 5.482914069321833e-06,
    "O_Am241": 531.9990183863828,
    "O_Am241_err": 3.7538654939712743e-07
}