{
    "C_60": 3725955.4051124365,
    "C_60_err": 4.9483761924151715e-06,
    "C_99_103": 7511.259828326441,
    "C_99_103_err": 5.424873840167131e-06,
    "O_Am241": 496.04932997539566,
    "O_Am241_err": 3.5826341316864206e-07
}