{
    "C_60": 776722.072726914,
    "C_60_err": 1.2438715254288121e-06,
    "C_99_103": 4986.440977867638,
    "C_99_103_err": 2.4774683449084318e-05,
    "O_Am241": 155.76682370741008,
    "O_Am241_err": 7.739134919702584e-07
}