{
    "C_60": 903185.4230871378,
    "C_60_err": 1921.435977083081,
    "C_99_103": 36846.81063759874,
    "C_99_103_err": 384.4299445161267,
    "O_Am241": 24.511902318229982,
    "O_Am241_err": 0.26099982651946757
}