{
    "C_60": 4584947.85589339,
    "C_60_err": 4.878166046246024e-06,
    "C_99_103": 7928.9798241094895,
    "C_99_103_err": 1.8980487423330943e-05,
    "O_Am241": 578.25192617492,
    "O_Am241_err": 1.3842265637983306e-06
}