{
    "C_60": 2455703.7902770005,
    "C_60_err": 3.834523091585107e-06,
    "C_99_103": 6729.239030091344,
    "C_99_103_err": 2.1659216710742088e-05,
    "O_Am241": 364.93038503993614,
    "O_Am241_err": 1.1745915383138424e-06
}