{
    "C_60": 3357701.4599907096,
    "C_60_err": 4.442243401528434e-06,
    "C_99_103": 7251.68266906893,
    "C_99_103_err": 7.097081483577877e-05,
    "O_Am241": 463.0237716154528,
    "O_Am241_err": 4.531524083411021e-06
}