{
    "C_60": 1180888.9570716722,
    "C_60_err": 2.2943866630556475e-06,
    "C_99_103": 5623.219013135725,
    "C_99_103_err": 1.5978124779935565e-05,
    "O_Am241": 210.0023054967519,
    "O_Am241_err": 5.967122777703285e-07
}