{
    "C_60": 700135.2363596965,
    "C_60_err": 1.1544289046276981e-06,
    "C_99_103": 4868.329897896868,
    "C_99_103_err": 4.668655632590594e-06,
    "O_Am241": 143.81425479447415,
    "O_Am241_err": 1.3791592542585886e-07
}