{
    "C_60": 1618359.9372644364,
    "C_60_err": 2.0104602896971885e-06,
    "C_99_103": 6064.442545071204,
    "C_99_103_err": 5.046719052252181e-06,
    "O_Am241": 266.86046165607377,
    "O_Am241_err": 2.2207668169526682e-07
}