{
    "C_60": 1312202.383701365,
    "C_60_err": 1.8858003178467975e-06,
    "C_99_103": 5756.05802961476,
    "C_99_103_err": 4.310583849637776e-06,
    "O_Am241": 227.96892890066775,
    "O_Am241_err": 1.7072117541965375e-07
}