{
    "C_60": 3024478.5038155927,
    "C_60_err": 4.932041412965965e-06,
    "C_99_103": 7106.133328234071,
    "C_99_103_err": 4.723403700760763e-05,
    "O_Am241": 425.61522055866055,
    "O_Am241_err": 2.8290386283617532e-06
}