{
    "C_60": 567794.0774241773,
    "C_60_err": 1.0174899976993917e-06,
    "C_99_103": 4597.862769882065,
    "C_99_103_err": 5.464472869874009e-06,
    "O_Am241": 123.49087083317653,
    "O_Am241_err": 1.4676672928483e-07
}