{
    "C_60": 862850.5053012478,
    "C_60_err": 1.1679947371778798e-06,
    "C_99_103": 5129.792323093853,
    "C_99_103_err": 1.3392840126387298e-05,
    "O_Am241": 168.2037889558948,
    "O_Am241_err": 4.3914580065718197e-07
}