{
    "C_60": 630874.4946120107,
    "C_60_err": 9.77118698002044e-07,
    "C_99_103": 4731.8991187503125,
    "C_99_103_err": 5.434111475961507e-06,
    "O_Am241": 133.32374143652996,
    "O_Am241_err": 1.5310908244029318e-07
}