{
    "C_60": 1993230.269688197,
    "C_60_err": 2.5307320755847684e-06,
    "C_99_103": 6419.3359283549225,
    "C_99_103_err": 2.9731848620421104e-05,
    "O_Am241": 310.5041225345252,
    "O_Am241_err": 1.4381334794008933e-06
}