{
    "C_60": 958620.8219794141,
    "C_60_err": 1.2781720918090753e-06,
    "C_99_103": 5293.109880035766,
    "C_99_103_err": 5.941865704175876e-06,
    "O_Am241": 181.1072967888089,
    "O_Am241_err": 2.0330505488051017e-07
}