{
    "C_60": 903185.4230871378,
    "C_60_err": 1.0698015348760415e-06,
    "C_99_103": 36846.81063759873,
    "C_99_103_err": 6.651600370821025e-05,
    "O_Am241": 24.511902318229986,
    "O_Am241_err": 4.424898948522771e-08
}