{
    "C_60": 2727243.337043643,
    "C_60_err": 3.7397622748049086e-06,
    "C_99_103": 6930.247166633018,
    "C_99_103_err": 4.09785009066803e-06,
    "O_Am241": 393.52757145148735,
    "O_Am241_err": 2.3269319144714126e-07
}