{
    "C_60": 2212746.108114859,
    "C_60_err": 2.8771982567635246e-06,
    "C_99_103": 6570.739403128179,
    "C_99_103_err": 2.4153610568725134e-06,
    "O_Am241": 336.75755076535546,
    "O_Am241_err": 1.23790659246398e-07
}