{
    "C_60": 1622197.565442775,
    "C_60_err": 1.4485790469200358e-05,
    "C_99_103": 6139.721806740406,
    "C_99_103_err": 1.3723765436852868e-05,
    "O_Am241": 264.21352896834327,
    "O_Am241_err": 5.905859493308234e-07
}