{
    "C_60": 4619261.745667991,
    "C_60_err": 5.6426070815206175e-05,
    "C_99_103": 7941.319223692273,
    "C_99_103_err": 1.5261129177907644e-05,
    "O_Am241": 581.674356054949,
    "O_Am241_err": 1.1178478750861679e-06
}