{
    "C_60": 865018.2747275892,
    "C_60_err": 7.767718445297715e-06,
    "C_99_103": 5179.105912135071,
    "C_99_103_err": 9.738027247531834e-06,
    "O_Am241": 167.02077335409965,
    "O_Am241_err": 3.140448212682537e-07
}