{
    "C_60": 2732435.0487898896,
    "C_60_err": 2.5297245477805264e-05,
    "C_99_103": 6998.45962635125,
    "C_99_103_err": 2.169825043808235e-05,
    "O_Am241": 390.43378038525384,
    "O_Am241_err": 1.2105189096292406e-06
}