{
    "C_60": 1315222.5145341374,
    "C_60_err": 1.161013533079562e-05,
    "C_99_103": 5834.2137239551475,
    "C_99_103_err": 1.1249244945152181e-05,
    "O_Am241": 225.43269354940907,
    "O_Am241_err": 4.346728257021398e-07
}