{
    "C_60": 1800301.7565015056,
    "C_60_err": 1.6312838950673786e-05,
    "C_99_103": 6296.465842172679,
    "C_99_103_err": 2.2450794436721198e-05,
    "O_Am241": 285.92257968643054,
    "O_Am241_err": 1.0194941019015455e-06
}