{
    "C_60": 3366088.845816277,
    "C_60_err": 3.079037027620135e-05,
    "C_99_103": 7326.631629276696,
    "C_99_103_err": 9.744361235011244e-06,
    "O_Am241": 459.43197585717655,
    "O_Am241_err": 6.110552903029547e-07
}