{
    "C_60": 3034545.779999465,
    "C_60_err": 2.9186588084949283e-05,
    "C_99_103": 7175.568546367916,
    "C_99_103_err": 3.218374375197735e-06,
    "O_Am241": 422.89969922111226,
    "O_Am241_err": 1.8972189474222127e-07
}