{
    "C_60": 1998047.5808007983,
    "C_60_err": 1.8401628493871017e-05,
    "C_99_103": 6454.325458974117,
    "C_99_103_err": 3.7408203162873994e-06,
    "O_Am241": 309.5672186816526,
    "O_Am241_err": 1.794426921176902e-07
}