{
    "C_60": 1184729.2374507273,
    "C_60_err": 1.040843389980145e-05,
    "C_99_103": 5605.403489579419,
    "C_99_103_err": 6.4574510795465e-06,
    "O_Am241": 211.3548542318439,
    "O_Am241_err": 2.4348886254805e-07
}