{
    "C_60": 1460737.8621027295,
    "C_60_err": 1.3229873005301748e-05,
    "C_99_103": 5917.972950094157,
    "C_99_103_err": 1.669432438343469e-05,
    "O_Am241": 246.83077709564196,
    "O_Am241_err": 6.96301644722639e-07
}