{
    "C_60": 569115.7270324075,
    "C_60_err": 4.781982286129315e-06,
    "C_99_103": 4628.855981963418,
    "C_99_103_err": 5.939895856439208e-06,
    "O_Am241": 122.9495428784125,
    "O_Am241_err": 1.577761630410958e-07
}