{
    "C_60": 3757002.0641396684,
    "C_60_err": 4.4987726940688005e-05,
    "C_99_103": 7564.608041479512,
    "C_99_103_err": 7.009041251382518e-06,
    "O_Am241": 496.6552190858604,
    "O_Am241_err": 4.602178442947898e-07
}