{
    "C_60": 960727.7065881419,
    "C_60_err": 8.572889443163312e-06,
    "C_99_103": 5304.674265736674,
    "C_99_103_err": 2.6197397515790948e-05,
    "O_Am241": 181.109651311403,
    "O_Am241_err": 8.944204746084365e-07
}