{
    "C_60": 632528.923531493,
    "C_60_err": 6.136286345276819e-06,
    "C_99_103": 4770.419841669627,
    "C_99_103_err": 1.5801221227068667e-05,
    "O_Am241": 132.59397380632026,
    "O_Am241_err": 4.3919733881226134e-07
}