{
    "C_60": 779372.2848907125,
    "C_60_err": 6.7357524713863165e-06,
    "C_99_103": 5051.313657228336,
    "C_99_103_err": 5.83060439078551e-06,
    "O_Am241": 154.2910097802866,
    "O_Am241_err": 1.7809922655088864e-07
}