{
    "C_60": 2218348.8512146394,
    "C_60_err": 2.041671520711802e-05,
    "C_99_103": 6630.534143334221,
    "C_99_103_err": 3.015306306974113e-06,
    "O_Am241": 334.565632761997,
    "O_Am241_err": 1.521784548523537e-07
}