{
    "C_60": 1066843.3584949973,
    "C_60_err": 9.381282064348587e-06,
    "C_99_103": 5436.587952960397,
    "C_99_103_err": 7.947867938868573e-06,
    "O_Am241": 196.23399229917115,
    "O_Am241_err": 2.8688399478964765e-07
}