{
    "C_60": 2477759.0615587565,
    "C_60_err": 2.9466312171317136e-05,
    "C_99_103": 6840.590984136176,
    "C_99_103_err": 1.9212147391582017e-05,
    "O_Am241": 362.2141810999749,
    "O_Am241_err": 1.0173060537427118e-06
}