{
    "C_60": 4166976.260604319,
    "C_60_err": 5.1784960676225233e-05,
    "C_99_103": 7757.956084581627,
    "C_99_103_err": 2.308761473764e-06,
    "O_Am241": 537.1229503201083,
    "O_Am241_err": 1.5998666864275565e-07
}