{
    "C_60": 1071369.5859382567,
    "C_60_err": 7.3079154002146304e-06,
    "C_99_103": 40835.098140012866,
    "C_99_103_err": 6.34093791214744e-05,
    "O_Am241": 26.236488578154283,
    "O_Am241_err": 4.074082290995393e-08
}