{
    "C_60": 702203.2469790409,
    "C_60_err": 6.481204936725597e-06,
    "C_99_103": 4855.45804982112,
    "C_99_103_err": 9.733455120833188e-06,
    "O_Am241": 144.62142186665804,
    "O_Am241_err": 2.899172488310737e-07
}