{
    "trapEmax": {
        "resolution": [
            0.24234332173697842,
            1.493836866135718e-23,
            8.715477758523156e-06
        ],
        "calibration": [
            0.07848365041790654,
            1.0105542084538877
        ]
    }
}