{
    "trapEmax": {
        "resolution": [
            0.21148655099780228,
            0.0012637390053478125,
            1.6610767981767953e-17
        ],
        "calibration": [
            0.08018005618764655,
            -0.30395548907270525
        ]
    }
}