{
    "trapEmax": {
        "resolution": [
            0.07268018920122091,
            0.0004365236854637331,
            2.7142084368767743e-21
        ],
        "calibration": [
            0.044139394976496625,
            23.423967780731758
        ]
    }
}