{
    "trapEmax": {
        "resolution": [
            0.19072422987213863,
            0.0022594285439461463,
            8.269066806036897e-26
        ],
        "calibration": [
            0.09244931207808063,
            -0.1925697699010902
        ]
    }
}