{
    "cuspEmax_ctc": {
        "resolution": [
            0.20540565175042402,
            0.0014731542655149054,
            6.240669400946677e-18
        ],
        "calibration": [
            0.03215771618758709,
            -0.026364768233042013
        ]
    }
}