{
    "C_60": 776788.5349142749,
    "C_60_err": 0.009852662175964672,
    "C_99_103": 5044.376352689657,
    "C_99_103_err": 1.842318629118433e-05,
    "O_Am241": 153.99099523969736,
    "O_Am241_err": 2.0325560206091877e-06
}