{
    "C_60": 2456609.5097646383,
    "C_60_err": 0.030133602118393443,
    "C_99_103": 6755.1530245313625,
    "C_99_103_err": 1.9968707785293498e-05,
    "O_Am241": 363.6645240816088,
    "O_Am241_err": 4.588538417625552e-06
}