{
    "C_60": 958395.4942187038,
    "C_60_err": 0.011941537729833751,
    "C_99_103": 5293.810739716782,
    "C_99_103_err": 2.1951643376175314e-05,
    "O_Am241": 181.04075520274034,
    "O_Am241_err": 2.3773938177349114e-06
}