{
    "C_60": 2726927.8284214674,
    "C_60_err": 0.0334982805970635,
    "C_99_103": 6931.443082728961,
    "C_99_103_err": 2.5954183157260506e-05,
    "O_Am241": 393.41415573564166,
    "O_Am241_err": 5.05232594431752e-06
}