{
    "C_60": 1795452.2653396316,
    "C_60_err": 0.022889930019215354,
    "C_99_103": 6280.103342705811,
    "C_99_103_err": 1.8395031361047673e-05,
    "O_Am241": 285.8953376022078,
    "O_Am241_err": 3.739796008892556e-06
}