{
    "C_60": 4583963.141618566,
    "C_60_err": 0.056467281171870276,
    "C_99_103": 7941.770194219809,
    "C_99_103_err": 3.9571999911230134e-05,
    "O_Am241": 577.1966487968731,
    "O_Am241_err": 7.669811493258396e-06
}