{
    "C_60": 1312307.5479850639,
    "C_60_err": 0.015876714625998323,
    "C_99_103": 5726.925194697685,
    "C_99_103_err": 2.422214043870713e-05,
    "O_Am241": 229.1469686386114,
    "O_Am241_err": 2.9368216307078717e-06
}