{
    "C_60": 1992835.3440347516,
    "C_60_err": 0.024578825340521027,
    "C_99_103": 6414.537042331197,
    "C_99_103_err": 3.8053644935181855e-05,
    "O_Am241": 310.67485165079154,
    "O_Am241_err": 4.251946408052948e-06
}