{
    "C_60": 700341.720090504,
    "C_60_err": 0.008832934003646653,
    "C_99_103": 4881.194672814746,
    "C_99_103_err": 1.902687500932045e-05,
    "O_Am241": 143.47752282673275,
    "O_Am241_err": 1.894039106966806e-06
}