{
    "C_60": 863095.1282635175,
    "C_60_err": 0.01046296211882583,
    "C_99_103": 5152.660716144111,
    "C_99_103_err": 1.9361132442351153e-05,
    "O_Am241": 167.504746733916,
    "O_Am241_err": 2.125901161551315e-06
}