{
    "C_60": 568313.7531968191,
    "C_60_err": 0.006850932817724226,
    "C_99_103": 4625.265731786952,
    "C_99_103_err": 8.50315206513692e-06,
    "O_Am241": 122.87158968858931,
    "O_Am241_err": 1.4983231598231508e-06
}