{
    "C_60": 3025883.449916622,
    "C_60_err": 0.03776039697531375,
    "C_99_103": 7121.119761292226,
    "C_99_103_err": 3.983879011774524e-05,
    "O_Am241": 424.9168040066122,
    "O_Am241_err": 5.811064015485729e-06
}