{
    "C_60": 2213572.9578982526,
    "C_60_err": 0.027733412045394812,
    "C_99_103": 6626.773366280836,
    "C_99_103_err": 2.9353614371305215e-05,
    "O_Am241": 334.0348063148843,
    "O_Am241_err": 4.438915638377203e-06
}