{
    "C_60": 4136534.922501925,
    "C_60_err": 0.051779077678701935,
    "C_99_103": 7778.234724112518,
    "C_99_103_err": 2.958156393495215e-05,
    "O_Am241": 531.8089604160018,
    "O_Am241_err": 6.957385365905077e-06
}