{
    "C_60": 1076962.392411875,
    "C_60_err": 2116.2366374270055,
    "C_99_103": 41862.7706830597,
    "C_99_103_err": 396.46043792696355,
    "O_Am241": 25.726018006918054,
    "O_Am241_err": 0.24882684692901477
}