{
    "C_60": 1076962.392411875,
    "C_60_err": 8.694840263317322e-07,
    "C_99_103": 41862.770683059694,
    "C_99_103_err": 9.126568795668748e-05,
    "O_Am241": 25.726018006918057,
    "O_Am241_err": 5.60857022713234e-08
}