{
    "C_60": 1457868.8988758544,
    "C_60_err": 0.018397085169766236,
    "C_99_103": 5887.12141011634,
    "C_99_103_err": 2.8577765358967437e-05,
    "O_Am241": 247.63696844618744,
    "O_Am241_err": 3.3482070987451036e-06
}