{
    "C_60": 630503.8024089192,
    "C_60_err": 0.008061717384030276,
    "C_99_103": 4745.181223560166,
    "C_99_103_err": 2.1320117934321935e-05,
    "O_Am241": 132.87243894467562,
    "O_Am241_err": 1.8007660246818634e-06
}