{
    "C_60": 1181516.1797314133,
    "C_60_err": 0.014909798873136704,
    "C_99_103": 5595.114854573062,
    "C_99_103_err": 2.30930647618053e-05,
    "O_Am241": 211.16924503627,
    "O_Am241_err": 2.8037004969085187e-06
}