{
    "C_60": 1618185.9554187523,
    "C_60_err": 0.019904013199586734,
    "C_99_103": 6084.570461091022,
    "C_99_103_err": 3.6771518028379664e-05,
    "O_Am241": 265.94908642550195,
    "O_Am241_err": 3.6447416368170622e-06
}