{
    "C_60": 3359888.163224125,
    "C_60_err": 0.04251860858956624,
    "C_99_103": 7279.3280914181905,
    "C_99_103_err": 3.129979020072121e-05,
    "O_Am241": 461.5656996124675,
    "O_Am241_err": 6.168970508846424e-06
}