{
    "C_60": 3725470.9920670865,
    "C_60_err": 0.04607214111440605,
    "C_99_103": 7523.179175348202,
    "C_99_103_err": 3.6345749107885476e-05,
    "O_Am241": 495.19902493810497,
    "O_Am241_err": 6.574740969003404e-06
}