{
    "C_60": 1064707.7578076322,
    "C_60_err": 0.013313643817395304,
    "C_99_103": 5438.77600441193,
    "C_99_103_err": 2.928522272040946e-05,
    "O_Am241": 195.76238420996603,
    "O_Am241_err": 2.665215227475209e-06
}