{
    "C_60": 980231.4479047171,
    "C_60_err": 3416.3808983404406,
    "C_99_103": 4154.713120868748,
    "C_99_103_err": 61.30662243108733,
    "O_Am241": 235.93240240369502,
    "O_Am241_err": 3.577192795538627
}