{
    "C_60": 1912963.2921747374,
    "C_60_err": 5830.911231877667,
    "C_99_103": 5111.464308358185,
    "C_99_103_err": 75.70532267427356,
    "O_Am241": 374.2495646593267,
    "O_Am241_err": 5.659135146445278
}