{
    "C_60": 4645773.527901757,
    "C_60_err": 11439.790549887097,
    "C_99_103": 6686.510373436778,
    "C_99_103_err": 85.36612782305465,
    "O_Am241": 694.7979242442857,
    "O_Am241_err": 9.033913253836797
}