{
    "C_60": 1096443.4970704985,
    "C_60_err": 3951.923806285465,
    "C_99_103": 4314.8241697115445,
    "C_99_103_err": 73.27725156851773,
    "O_Am241": 254.11081748524603,
    "O_Am241_err": 4.4116029041375295
}