{
    "C_60": 5189899.6058658,
    "C_60_err": 12624.817283604525,
    "C_99_103": 6918.885260685103,
    "C_99_103_err": 89.37541388292054,
    "O_Am241": 750.1063264274886,
    "O_Am241_err": 9.85988699234871
}