{
    "C_60": 784445.1488109186,
    "C_60_err": 2473.072115984549,
    "C_99_103": 3888.2635761864676,
    "C_99_103_err": 60.01312025216572,
    "O_Am241": 201.74690666939995,
    "O_Am241_err": 3.1781424437020442
}