{
    "C_60": 2669118.1479549385,
    "C_60_err": 7591.443613093845,
    "C_99_103": 5661.309794659025,
    "C_99_103_err": 66.49039574940664,
    "O_Am241": 471.4665412716028,
    "O_Am241_err": 5.697285706869994
}