{
    "C_60": 2982860.739404676,
    "C_60_err": 8773.485583583739,
    "C_99_103": 5861.547924143884,
    "C_99_103_err": 80.07121594250368,
    "O_Am241": 508.8861812624933,
    "O_Am241_err": 7.110914802973874
}