{
    "C_60": 6480379.380129346,
    "C_60_err": 16046.6147550559,
    "C_99_103": 7371.264825390301,
    "C_99_103_err": 85.16667627320543,
    "O_Am241": 879.1407626283751,
    "O_Am241_err": 10.388138299998886
}