{
    "C_60": 1531270.712124573,
    "C_60_err": 5229.06337959435,
    "C_99_103": 4767.0005042282355,
    "C_99_103_err": 66.33994751554455,
    "O_Am241": 321.22310680822585,
    "O_Am241_err": 4.602916417451819
}