{
    "C_60": 877483.076953496,
    "C_60_err": 3154.259739722285,
    "C_99_103": 4057.3485544200485,
    "C_99_103_err": 58.257202683205605,
    "O_Am241": 216.27007519419837,
    "O_Am241_err": 3.2011367064127043
}