{
    "C_60": 3722287.205637853,
    "C_60_err": 9499.343592277031,
    "C_99_103": 6230.834618133976,
    "C_99_103_err": 75.08788391633014,
    "O_Am241": 597.3978501699684,
    "O_Am241_err": 7.358907813974922
}