{
    "C_60": 3332293.4519949374,
    "C_60_err": 8717.254348201419,
    "C_99_103": 6030.486881464241,
    "C_99_103_err": 70.21022002290975,
    "O_Am241": 552.5745296349662,
    "O_Am241_err": 6.593774644343917
}