{
    "C_60": 1711089.430166892,
    "C_60_err": 5431.480079652835,
    "C_99_103": 4959.393459622168,
    "C_99_103_err": 69.8177805310858,
    "O_Am241": 345.01989892474705,
    "O_Am241_err": 4.979092203343264
}