{
    "C_60": 1225353.6110848824,
    "C_60_err": 4153.514339234951,
    "C_99_103": 4434.621611613654,
    "C_99_103_err": 68.34558703219709,
    "O_Am241": 276.3152571745586,
    "O_Am241_err": 4.360302660456895
}