{
    "C_60": 1369626.720081553,
    "C_60_err": 4630.839274714268,
    "C_99_103": 4619.468696872794,
    "C_99_103_err": 68.00013913025549,
    "O_Am241": 296.49009657944833,
    "O_Am241_err": 4.478081740038811
}