{
    "C_60": 702067.1377226393,
    "C_60_err": 2646.2833748479493,
    "C_99_103": 3755.9437320784136,
    "C_99_103_err": 62.79186663525307,
    "O_Am241": 186.92163349692643,
    "O_Am241_err": 3.2033969682453116
}