{
    "C_60": 2137612.147178055,
    "C_60_err": 6547.576542602499,
    "C_99_103": 5309.33051794852,
    "C_99_103_err": 61.816960783176995,
    "O_Am241": 402.61425427400405,
    "O_Am241_err": 4.847172758634284
}