{
    "C_60": 4158014.0322779613,
    "C_60_err": 10856.637654343169,
    "C_99_103": 6464.433182803915,
    "C_99_103_err": 82.68862509838335,
    "O_Am241": 643.2140165573563,
    "O_Am241_err": 8.397213413898942
}