{
    "C_60": 5799334.70150759,
    "C_60_err": 13729.609233085648,
    "C_99_103": 7142.163842489247,
    "C_99_103_err": 88.326915307755,
    "O_Am241": 811.9856712061028,
    "O_Am241_err": 10.224144544228322
}