{
    "C_60": 2388550.1078255703,
    "C_60_err": 7254.199162982562,
    "C_99_103": 5498.185359778858,
    "C_99_103_err": 78.46047013967596,
    "O_Am241": 434.4251696748252,
    "O_Am241_err": 6.33819910995901
}