{
    "C_60": 7588576.367529791,
    "C_60_err": 17076.88809962002,
    "C_99_103": 10229.206658801788,
    "C_99_103_err": 106.08145033388006,
    "O_Am241": 741.8538524686223,
    "O_Am241_err": 7.872401854437
}