{
    "C_60": 6062619.625373033,
    "C_60_err": 14920.461176592564,
    "C_99_103": 9464.39405847927,
    "C_99_103_err": 105.24528363717565,
    "O_Am241": 640.5713443367729,
    "O_Am241_err": 7.295600859293584
}