{
    "C_60": 4351482.491004316,
    "C_60_err": 11574.832022567207,
    "C_99_103": 8483.962014641475,
    "C_99_103_err": 102.9475102020358,
    "O_Am241": 512.9068804757262,
    "O_Am241_err": 6.371582096336203
}