{
    "C_60": 1169361.6076931742,
    "C_60_err": 3642.6595492221327,
    "C_99_103": 5603.987553900679,
    "C_99_103_err": 89.24476660736393,
    "O_Am241": 208.66598943090713,
    "O_Am241_err": 3.386029648536398
}