{
    "C_60": 2246900.964917147,
    "C_60_err": 6563.472599942066,
    "C_99_103": 6831.022891513671,
    "C_99_103_err": 92.718545536666,
    "O_Am241": 328.92598965061603,
    "O_Am241_err": 4.566785793011974
}