{
    "C_60": 5426381.903132678,
    "C_60_err": 13243.12711814941,
    "C_99_103": 9118.233481396503,
    "C_99_103_err": 114.64545239323766,
    "O_Am241": 595.1132874809432,
    "O_Am241_err": 7.622136427434855
}