{
    "C_60": 8528797.414970584,
    "C_60_err": 17659.50791821717,
    "C_99_103": 10640.42852663622,
    "C_99_103_err": 102.53822070192834,
    "O_Am241": 801.5464220844506,
    "O_Am241_err": 7.900521731251738
}