{
    "C_60": 1303690.7908476123,
    "C_60_err": 4091.597391071454,
    "C_99_103": 5829.049895096581,
    "C_99_103_err": 103.17003103415932,
    "O_Am241": 223.65407987745687,
    "O_Am241_err": 4.020270226238601
}