{
    "C_60": 3488520.9234869857,
    "C_60_err": 9166.796814790217,
    "C_99_103": 7901.895316143557,
    "C_99_103_err": 89.12157828145979,
    "O_Am241": 441.47901027743865,
    "O_Am241_err": 5.112577285517352
}