{
    "C_60": 2013650.5292525794,
    "C_60_err": 6231.266586409588,
    "C_99_103": 6662.899477377752,
    "C_99_103_err": 83.80004582055494,
    "O_Am241": 302.21835645118733,
    "O_Am241_err": 3.9143962958035483
}