{
    "C_60": 1618702.3529912466,
    "C_60_err": 4962.025310074873,
    "C_99_103": 6199.463611760549,
    "C_99_103_err": 72.50492340935179,
    "O_Am241": 261.10361385467684,
    "O_Am241_err": 3.1568517324322825
}