{
    "C_60": 7229862.753273061,
    "C_60_err": 13301.337739221759,
    "C_99_103": 17934.316927713237,
    "C_99_103_err": 205.78356858326907,
    "O_Am241": 403.13008755304315,
    "O_Am241_err": 4.6847138691785934
}