{
    "C_60": 1805174.9828337904,
    "C_60_err": 5612.467639803981,
    "C_99_103": 6378.48993916956,
    "C_99_103_err": 80.95211119358399,
    "O_Am241": 283.0097719130075,
    "O_Am241_err": 3.698004374648109
}