{
    "C_60": 3124948.3070938275,
    "C_60_err": 8784.718988089093,
    "C_99_103": 7659.700518179805,
    "C_99_103_err": 96.36921543485545,
    "O_Am241": 407.972648496761,
    "O_Am241_err": 5.259405963598812
}