{
    "C_60": 1452430.2490314872,
    "C_60_err": 4135.762594112209,
    "C_99_103": 6007.829801020283,
    "C_99_103_err": 78.8244682337059,
    "O_Am241": 241.7562243166122,
    "O_Am241_err": 3.2457529636371913
}