{
    "C_60": 4860992.06209112,
    "C_60_err": 13312.764302275933,
    "C_99_103": 8769.7364617054,
    "C_99_103_err": 113.97673404279676,
    "O_Am241": 554.2916920385803,
    "O_Am241_err": 7.3621118198840545
}