{
    "C_60": 1048480.8621909175,
    "C_60_err": 3195.2660722644805,
    "C_99_103": 5437.190067717737,
    "C_99_103_err": 84.93019728226108,
    "O_Am241": 192.8350580230898,
    "O_Am241_err": 3.068921203788164
}