{
    "C_60": 2507050.526327018,
    "C_60_err": 7193.971624463852,
    "C_99_103": 7106.606520487809,
    "C_99_103_err": 83.38689066610779,
    "O_Am241": 352.7774499825453,
    "O_Am241_err": 4.261371396903006
}