{
    "C_60": 2800069.0937275407,
    "C_60_err": 8205.053409083488,
    "C_99_103": 7397.361798370906,
    "C_99_103_err": 93.04208709356753,
    "O_Am241": 378.5226638967678,
    "O_Am241_err": 4.888458682516637
}