{
    "C_60": 3898424.8463074635,
    "C_60_err": 10876.584853056487,
    "C_99_103": 8203.894494024724,
    "C_99_103_err": 88.95091775911027,
    "O_Am241": 475.19197731600116,
    "O_Am241_err": 5.32012136170009
}