{
    "C_60": 6777419.420239344,
    "C_60_err": 15846.454926611259,
    "C_99_103": 9839.246815554727,
    "C_99_103_err": 104.37900507242848,
    "O_Am241": 688.8148602518048,
    "O_Am241_err": 7.482625698958216
}