{
    "C_60": 9734191.641263677,
    "C_60_err": 20216.404876015567,
    "C_99_103": 11072.71255864123,
    "C_99_103_err": 114.46667489802819,
    "O_Am241": 879.1153558544279,
    "O_Am241_err": 9.26963989053772
}