{
    "FCCD": 1.4089304817779063,
    "FCCD_err_up": 0.052023243401237096,
    "FCCD_err_low": 0.061134262411520535,
    "O_Am241_data": 19.6374443026939,
    "O_Am241_data_err": 0.10763250436711702,
    "a": 58.3585999548276,
    "a_err": 2.180055138881933
}