{
    "FCCD": 1.0506367914664871,
    "FCCD_err_up": 0.05235247580910629,
    "FCCD_err_low": 0.058489270008040606,
    "O_Am241_data": 25.84367576698947,
    "O_Am241_data_err": 0.12790795493685175,
    "a": 58.3585999548276,
    "a_err": 2.180055138881933
}