{
    "FCCD": 1.2966356933372019,
    "FCCD_err_up": 0.050646786302527724,
    "FCCD_err_low": 0.06130223478701935,
    "O_Am241_data": 21.361923717127027,
    "O_Am241_data_err": 0.11220492841857078,
    "a": 58.3585999548276,
    "a_err": 2.180055138881933
}