{
    "FCCD": 0.9997288491998826,
    "FCCD_err_up": 0.053763373454843943,
    "FCCD_err_low": 0.05764286235220717,
    "O_Am241_data": 26.93383556665751,
    "O_Am241_data_err": 0.13592228372717421,
    "a": 58.3585999548276,
    "a_err": 2.180055138881933
}