{
    "FCCD": 1.007048157496557,
    "FCCD_err_up": 0.05175626402378519,
    "FCCD_err_low": 0.05929773338527178,
    "O_Am241_data": 26.77297589334778,
    "O_Am241_data_err": 0.13401690048966633,
    "a": 58.3585999548276,
    "a_err": 2.180055138881933
}