{
    "FCCD": 1.3929628021601947,
    "FCCD_err_up": 0.04853106113127881,
    "FCCD_err_low": 0.06353951157346427,
    "O_Am241_data": 19.872799923962194,
    "O_Am241_data_err": 0.1029280885910688,
    "a": 58.3585999548276,
    "a_err": 2.180055138881933
}