{
    "FCCD": 0.5983894584959927,
    "FCCD_err_up": 0.05322542747413039,
    "FCCD_err_low": 0.05729845758569341,
    "O_Am241_data": 36.74108253968484,
    "O_Am241_data_err": 0.184418365661183,
    "a": 58.3585999548276,
    "a_err": 2.180055138881933
}