{
    "FCCD": 0.5789079532651127,
    "FCCD_err_up": 0.053755980681058246,
    "FCCD_err_low": 0.058628302561180234,
    "O_Am241_data": 37.36034136216282,
    "O_Am241_data_err": 0.2098872969115717,
    "a": 58.3585999548276,
    "a_err": 2.180055138881933
}