{
    "FCCD": 1.1834692291755657,
    "FCCD_err_up": 0.051074731088859515,
    "FCCD_err_low": 0.060348124359963284,
    "O_Am241_data": 23.336916928416965,
    "O_Am241_data_err": 0.11856595805028977,
    "a": 58.3585999548276,
    "a_err": 2.180055138881933
}