{
    "FCCD": 1.0178038404278953,
    "FCCD_err_up": 0.05284814358640988,
    "FCCD_err_low": 0.05876298665768953,
    "O_Am241_data": 26.58123729544217,
    "O_Am241_data_err": 0.13581521204533778,
    "a": 58.3585999548276,
    "a_err": 2.180055138881933
}