{
    "FCCD": 1.0725992361451089,
    "FCCD_err_up": 0.04807361450983416,
    "FCCD_err_low": 0.05995005251964525,
    "O_Am241_data": 25.84056612127903,
    "O_Am241_data_err": 0.11889491302289969,
    "a": 59.23103180210723,
    "a_err": 2.1673296109052487
}