{
    "FCCD": 0.395605547037875,
    "FCCD_err_up": 0.12918659707451485,
    "FCCD_err_low": -0.07083906564249948,
    "O_Am241_data": 28.128735073229063,
    "O_Am241_data_err": 0.13712099587467713,
    "a": 58.3585999548276,
    "a_err": 2.180055138881933
}