{
    "FCCD": 0.9209887204653365,
    "FCCD_err_up": 0.0526443193516718,
    "FCCD_err_low": 0.058098517471017685,
    "O_Am241_data": 28.566933208192776,
    "O_Am241_data_err": 0.14333103899842628,
    "a": 58.3585999548276,
    "a_err": 2.180055138881933
}