{
    "FCCD": 1.1584002770624007,
    "FCCD_err_up": 0.05299443315085828,
    "FCCD_err_low": 0.058840755521083477,
    "O_Am241_data": 23.802982308583804,
    "O_Am241_data_err": 0.1231542326331764,
    "a": 58.3585999548276,
    "a_err": 2.180055138881933
}