{
    "FCCD": 1.1098672798588731,
    "FCCD_err_up": 0.05363123306463646,
    "FCCD_err_low": 0.05865648948148139,
    "O_Am241_data": 24.767936569594813,
    "O_Am241_data_err": 0.13005917851435397,
    "a": 58.3585999548276,
    "a_err": 2.180055138881933
}