{
    "FCCD": 0.9656124423812722,
    "FCCD_err_up": 0.05393687488534793,
    "FCCD_err_low": 0.05749397468589168,
    "O_Am241_data": 27.661605956308634,
    "O_Am241_data_err": 0.13997775954500372,
    "a": 58.3585999548276,
    "a_err": 2.180055138881933
}