{
    "FCCD": 1.050768038402247,
    "FCCD_err_up": 0.05376423028708466,
    "FCCD_err_low": 0.05827162799300167,
    "O_Am241_data": 25.850748023735935,
    "O_Am241_data_err": 0.1383287319548173,
    "a": 58.3585999548276,
    "a_err": 2.180055138881933
}