{
    "FCCD": 0.9437263776624326,
    "FCCD_err_up": 0.05307140493588425,
    "FCCD_err_low": 0.058001848012772306,
    "O_Am241_data": 28.113433276022057,
    "O_Am241_data_err": 0.14087669697846752,
    "a": 58.3585999548276,
    "a_err": 2.180055138881933
}