{
    "FCCD": 0.9933595137506795,
    "FCCD_err_up": 0.048427256436500365,
    "FCCD_err_low": 0.059120278209557675,
    "O_Am241_data": 27.351593604610272,
    "O_Am241_data_err": 0.1288215702894318,
    "a": 59.23103180210723,
    "a_err": 2.1673296109052487
}