{
    "FCCD": 1.3937742794863262,
    "FCCD_err_up": 0.0529592077583112,
    "FCCD_err_low": 0.05991430872193848,
    "O_Am241_data": 19.832221064267543,
    "O_Am241_data_err": 0.10765255451244343,
    "a": 58.3585999548276,
    "a_err": 2.180055138881933
}