{
    "FCCD": 1.0401818952278472,
    "FCCD_err_up": 0.05746171400076405,
    "FCCD_err_low": 0.063957331714382,
    "O_Am241_data": 26.091157438682377,
    "O_Am241_data_err": 0.23436381717481727,
    "a": 58.3585999548276,
    "a_err": 2.180055138881933
}