{
    "FCCD": 1.05793520742841,
    "FCCD_err_up": 0.055543646107467426,
    "FCCD_err_low": 0.055884249388040264,
    "O_Am241_data": 25.726018006918057,
    "O_Am241_data_err": 0.12815614308058196,
    "a": 58.3585999548276,
    "a_err": 2.180055138881933
}