{
    "FCCD": 1.0538868511841517,
    "FCCD_err_up": 0.05232236153225345,
    "FCCD_err_low": 0.058450563661160304,
    "O_Am241_data": 25.76076445429276,
    "O_Am241_data_err": 0.12762501178581315,
    "a": 58.3585999548276,
    "a_err": 2.180055138881933
}