{
    "FCCD": 1.1269357135237639,
    "FCCD_err_up": 0.051649926994003836,
    "FCCD_err_low": 0.05845736858996542,
    "O_Am241_data": 24.346614066294567,
    "O_Am241_data_err": 0.1128717074645502,
    "a": 58.3585999548276,
    "a_err": 2.180055138881933
}