{
    "FCCD": -12.308737599845534,
    "FCCD_err_up": -8.820494919651692,
    "FCCD_err_low": -9.194094884523942,
    "O_Am241_data": 54.947993932633494,
    "O_Am241_data_err": 0.3829229158960652,
    "a": 58.3585999548276,
    "a_err": 2.180055138881933
}