{
    "FCCD": 1.1215574648706372,
    "FCCD_err_up": 0.055513754886934,
    "FCCD_err_low": 0.05695730882470196,
    "O_Am241_data": 24.511902318229986,
    "O_Am241_data_err": 0.1302746692126019,
    "a": 58.3585999548276,
    "a_err": 2.180055138881933
}