{
    "C_60": 4647540.467976871,
    "C_60_err": 0.0011096261253693007,
    "C_99_103": 8002.033456531703,
    "C_99_103_err": 0.00011076775123422373,
    "O_Am241": 580.7949308413964,
    "O_Am241_err": 8.040820812638972e-06
}