{
    "C_60": 3049743.7213831395,
    "C_60_err": 0.00043030918344247326,
    "C_99_103": 7120.002492952129,
    "C_99_103_err": 9.200121334042324e-05,
    "O_Am241": 428.33464235468836,
    "O_Am241_err": 5.535062125034547e-06
}