{
    "C_60": 960024.7368276778,
    "C_60_err": 0.0002689009813081414,
    "C_99_103": 5203.847015476605,
    "C_99_103_err": 3.950312776559222e-05,
    "O_Am241": 184.48365871873196,
    "O_Am241_err": 1.4013941586181382e-06
}