{
    "C_60": 1996643.3510647884,
    "C_60_err": 0.0005777394316783258,
    "C_99_103": 6357.30141722737,
    "C_99_103_err": 7.509710037835346e-05,
    "O_Am241": 314.0708958134615,
    "O_Am241_err": 3.7111483164595233e-06
}