{
    "C_60": 1621190.6635052182,
    "C_60_err": 0.00046231635621410416,
    "C_99_103": 6010.971514348501,
    "C_99_103_err": 7.04407395280192e-05,
    "O_Am241": 269.7052647205784,
    "O_Am241_err": 3.161529311468391e-06
}