{
    "C_60": 2476824.7751187654,
    "C_60_err": 0.0003648842253507756,
    "C_99_103": 6756.327359226166,
    "C_99_103_err": 8.411527908130439e-05,
    "O_Am241": 366.5933640317937,
    "O_Am241_err": 4.564352828224367e-06
}