{
    "C_60": 4675076.279922738,
    "C_60_err": 0.0007716018149082904,
    "C_99_103": 8155.780084297456,
    "C_99_103_err": 9.646443051484676e-05,
    "O_Am241": 573.2224547010271,
    "O_Am241_err": 6.780585098469442e-06
}