{
    "C_60": 3732657.7288492317,
    "C_60_err": 0.0010202445861468012,
    "C_99_103": 7465.185262901235,
    "C_99_103_err": 9.202430941375938e-05,
    "O_Am241": 500.00872013169425,
    "O_Am241_err": 6.16518747947306e-06
}