{
    "C_60": 4646983.296652598,
    "C_60_err": 0.0009935899654903158,
    "C_99_103": 8038.195093351544,
    "C_99_103_err": 3.4672530522326674e-05,
    "O_Am241": 578.1127781404754,
    "O_Am241_err": 2.4967350473702393e-06
}