{
    "C_60": 1065967.415555716,
    "C_60_err": 0.00030606162739824083,
    "C_99_103": 5364.902464239767,
    "C_99_103_err": 7.889363518827447e-05,
    "O_Am241": 198.6927856864158,
    "O_Am241_err": 2.922435934687933e-06
}