{
    "C_60": 4649098.70110864,
    "C_60_err": 0.001123527186402129,
    "C_99_103": 8039.267650947696,
    "C_99_103_err": 3.464729096349115e-05,
    "O_Am241": 578.2987832928524,
    "O_Am241_err": 2.4962425340359005e-06
}