{
    "C_60": 4645223.91607303,
    "C_60_err": 0.0012263687673043366,
    "C_99_103": 8081.312996434153,
    "C_99_103_err": 3.290898031385395e-05,
    "O_Am241": 574.8105435493857,
    "O_Am241_err": 2.3456758166654217e-06
}