{
    "C_60": 4682527.5697932085,
    "C_60_err": 0.0007089357922568373,
    "C_99_103": 8175.399356386365,
    "C_99_103_err": 0.00011472135028251652,
    "O_Am241": 572.758267293128,
    "O_Am241_err": 8.037702291537974e-06
}