{
    "C_60": 4646379.046920212,
    "C_60_err": 0.0010700235564489735,
    "C_99_103": 8053.551133375951,
    "C_99_103_err": 0.00010275232017365337,
    "O_Am241": 576.9354375443701,
    "O_Am241_err": 7.362107712714664e-06
}