{
    "C_60": 4672027.599137827,
    "C_60_err": 0.0007324049920794107,
    "C_99_103": 8123.030202282168,
    "C_99_103_err": 3.585252539234843e-05,
    "O_Am241": 575.158220860144,
    "O_Am241_err": 2.540169955857034e-06
}