{
    "C_60": 4650960.925061949,
    "C_60_err": 0.0010083943343199009,
    "C_99_103": 8114.335001566422,
    "C_99_103_err": 4.6151947249902695e-05,
    "O_Am241": 573.1783225814696,
    "O_Am241_err": 3.2624372325467825e-06
}