{
    "C_60": 4670510.771634348,
    "C_60_err": 0.0007515943168553973,
    "C_99_103": 8079.014458821986,
    "C_99_103_err": 9.360160574141163e-05,
    "O_Am241": 578.1040243756863,
    "O_Am241_err": 6.698426487167783e-06
}