{
    "C_60": 631719.9191630294,
    "C_60_err": 0.000195404551166789,
    "C_99_103": 4667.086434334285,
    "C_99_103_err": 5.948114101441445e-05,
    "O_Am241": 135.35637877106046,
    "O_Am241_err": 1.7255996624216071e-06
}