{
    "C_60": 4165955.1407455807,
    "C_60_err": 0.0006420796441478083,
    "C_99_103": 7705.860536867133,
    "C_99_103_err": 4.153085118582531e-05,
    "O_Am241": 540.6216633190297,
    "O_Am241_err": 2.9148797498889593e-06
}