{
    "C_60": 778999.3697219664,
    "C_60_err": 0.00021881852511559247,
    "C_99_103": 4911.109454608796,
    "C_99_103_err": 2.3053340986108474e-05,
    "O_Am241": 158.6198346670771,
    "O_Am241_err": 7.459125858298026e-07
}