{
    "C_60": 1470769.4163044386,
    "C_60_err": 0.00028321424975316645,
    "C_99_103": 5803.379168491844,
    "C_99_103_err": 3.197822261077654e-05,
    "O_Am241": 253.4332797501245,
    "O_Am241_err": 1.39733984118929e-06
}