{
    "C_60": 4666559.177843041,
    "C_60_err": 0.0010786397663267722,
    "C_99_103": 8211.510870953593,
    "C_99_103_err": 3.068270865033236e-05,
    "O_Am241": 568.2948304129955,
    "O_Am241_err": 2.127520183284343e-06
}