{
    "C_60": 1799280.9697644927,
    "C_60_err": 0.00045945253351324655,
    "C_99_103": 6281.1792932173985,
    "C_99_103_err": 3.988281432145035e-05,
    "O_Am241": 286.4559162811049,
    "O_Am241_err": 1.8203433602330657e-06
}