{
    "C_60": 1231135.2801082397,
    "C_60_err": 5.381565461645005e-06,
    "C_99_103": 33314.057735171096,
    "C_99_103_err": 5.294388050152782e-05,
    "O_Am241": 36.955428542962416,
    "O_Am241_err": 5.873109812228485e-08
}