{
    "C_60": 4666908.148122025,
    "C_60_err": 0.0007148521543655362,
    "C_99_103": 8106.4969694416795,
    "C_99_103_err": 3.7655570989085696e-05,
    "O_Am241": 575.6997338942384,
    "O_Am241_err": 2.6756421879361553e-06
}