{
    "C_60": 4659358.999299396,
    "C_60_err": 0.0008616372161407426,
    "C_99_103": 8050.117416252078,
    "C_99_103_err": 4.291113564040053e-05,
    "O_Am241": 578.7939179486739,
    "O_Am241_err": 3.0871159437947e-06
}