{
    "C_60": 4650879.606057944,
    "C_60_err": 0.0009901894447757187,
    "C_99_103": 8144.2193880563045,
    "C_99_103_err": 3.0109993513091606e-05,
    "O_Am241": 571.0651180245183,
    "O_Am241_err": 2.1147826991254334e-06
}