{
    "C_60": 4671306.949340454,
    "C_60_err": 0.0011895145332001256,
    "C_99_103": 8217.332296265653,
    "C_99_103_err": 8.970635671538184e-05,
    "O_Am241": 568.4700071656246,
    "O_Am241_err": 6.207518789042916e-06
}