{
    "C_60": 4645224.666718032,
    "C_60_err": 0.001079611265980135,
    "C_99_103": 8013.215647328458,
    "C_99_103_err": 5.711862091855881e-05,
    "O_Am241": 579.6954520082975,
    "O_Am241_err": 4.134295411934721e-06
}