{
    "C_60": 864811.6439137338,
    "C_60_err": 0.0001995037530143351,
    "C_99_103": 5096.889383067305,
    "C_99_103_err": 2.523083099893736e-05,
    "O_Am241": 169.6743992103848,
    "O_Am241_err": 8.408407305826578e-07
}