{
    "C_60": 569139.544271722,
    "C_60_err": 0.00015233177739694403,
    "C_99_103": 4478.105264751169,
    "C_99_103_err": 2.2123167431093886e-05,
    "O_Am241": 127.09382889045304,
    "O_Am241_err": 6.288019913086634e-07
}