{
    "C_60": 2748126.113157496,
    "C_60_err": 0.000461140801525442,
    "C_99_103": 6855.286946124426,
    "C_99_103_err": 0.00010077742211611096,
    "O_Am241": 400.8768903118087,
    "O_Am241_err": 5.893549268422731e-06
}