{
    "C_60": 3385323.863205393,
    "C_60_err": 0.00044889752045834674,
    "C_99_103": 7303.933551461914,
    "C_99_103_err": 8.887770258879346e-05,
    "O_Am241": 463.493245023814,
    "O_Am241_err": 5.6403389024682295e-06
}