{
    "C_60": 1184380.1192630169,
    "C_60_err": 0.0003061941122624659,
    "C_99_103": 5526.063286952013,
    "C_99_103_err": 2.3396263028529947e-05,
    "O_Am241": 214.3261952970286,
    "O_Am241_err": 9.091050138182878e-07
}