{
    "C_60": 4658500.635033342,
    "C_60_err": 0.0008792595694423477,
    "C_99_103": 7989.917254832335,
    "C_99_103_err": 0.00011740374484491487,
    "O_Am241": 583.0474191977222,
    "O_Am241_err": 8.567998269246486e-06
}