{
    "C_60": 2232476.7732123495,
    "C_60_err": 0.0003056793570028332,
    "C_99_103": 6508.744096977262,
    "C_99_103_err": 8.609993581972921e-05,
    "O_Am241": 342.99655047878406,
    "O_Am241_err": 4.537520988956056e-06
}