{
    "C_60": 4688094.645496911,
    "C_60_err": 0.0005900339515925446,
    "C_99_103": 8223.491146229393,
    "C_99_103_err": 9.469627801469002e-05,
    "O_Am241": 570.0856925767447,
    "O_Am241_err": 6.565121381579767e-06
}