{
    "C_60": 701628.2986972122,
    "C_60_err": 0.00015663404305268913,
    "C_99_103": 4816.318613192015,
    "C_99_103_err": 2.4946420392144986e-05,
    "O_Am241": 145.6773014923546,
    "O_Am241_err": 7.552451285475107e-07
}