{
    "C_60": 1026528.3813033297,
    "C_60_err": 5.625360494599871e-06,
    "C_99_103": 39666.62259278948,
    "C_99_103_err": 3.823286628057247e-05,
    "O_Am241": 25.878895509746023,
    "O_Am241_err": 2.4943901904672593e-08
}