{
    "C_60": 4648161.288359382,
    "C_60_err": 0.001121644101786251,
    "C_99_103": 8119.532860989641,
    "C_99_103_err": 3.563696553896225e-05,
    "O_Am241": 572.4665898812368,
    "O_Am241_err": 2.5163741780392586e-06
}