{
    "C_60": 4592147.311687789,
    "C_60_err": 0.0011757942824164314,
    "C_99_103": 7898.515553785232,
    "C_99_103_err": 3.35919053990306e-05,
    "O_Am241": 581.3937163783995,
    "O_Am241_err": 2.477109074020575e-06
}