{
    "C_60": 1325048.2656526938,
    "C_60_err": 0.0001846677401426411,
    "C_99_103": 5660.339672909397,
    "C_99_103_err": 2.0496622465134465e-05,
    "O_Am241": 234.0934188091972,
    "O_Am241_err": 8.483018842938981e-07
}