{
    "C_60": 4656823.271244391,
    "C_60_err": 0.0010300360681154974,
    "C_99_103": 8099.562655708419,
    "C_99_103_err": 3.7407381898390064e-05,
    "O_Am241": 574.9474964506077,
    "O_Am241_err": 2.6584067347187882e-06
}