{
    "C_60": 4658837.631772472,
    "C_60_err": 0.0010535048604970454,
    "C_99_103": 8181.978453066309,
    "C_99_103_err": 9.921797941367571e-05,
    "O_Am241": 569.4023344716226,
    "O_Am241_err": 6.906003398641186e-06
}