{
    "cuspEmax_ctc": {
        "resolution": [
            0.33862074594441005,
            0.001367595014395613,
            3.1710419592561823e-21
        ],
        "calibration": [
            0.0657446122296937,
            -0.38906054450915084
        ]
    }
}