{
    "cuspEmax_ctc": {
        "resolution": [
            0.34483612702600897,
            0.0010991825044145635,
            2.084636027880415e-21
        ],
        "calibration": [
            0.06564736507657969,
            -0.2416322809876169
        ]
    }
}