{
    "cuspEmax_ctc": {
        "resolution": [
            0.24427360349075464,
            0.0022096449036929145,
            2.8689116093311063e-21
        ],
        "calibration": [
            0.06424011396828473,
            0.940610080754169
        ]
    }
}