{
    "C_60": 5316728.446475286,
    "C_60_err": 10844.948375851802,
    "C_99_103": 7534.023558524542,
    "C_99_103_err": 79.87170597209018,
    "O_Am241": 705.6957554187036,
    "O_Am241_err": 7.618632339141203
}