{
    "C_60": 2775865.396358345,
    "C_60_err": 6360.732986328537,
    "C_99_103": 6243.2566090124365,
    "C_99_103_err": 79.77454523110309,
    "O_Am241": 444.61818089476765,
    "O_Am241_err": 5.771833655178638
}