{
    "C_60": 1186884.3312984034,
    "C_60_err": 3156.219187536302,
    "C_99_103": 4723.008891023664,
    "C_99_103_err": 86.34328948986006,
    "O_Am241": 251.29834787187082,
    "O_Am241_err": 4.642438652604623
}