{
    "C_60": 871042.7013398305,
    "C_60_err": 2457.0143544293865,
    "C_99_103": 4329.607230949047,
    "C_99_103_err": 75.67744522850079,
    "O_Am241": 201.18284520439016,
    "O_Am241_err": 3.56198273615149
}