{
    "C_60": 1624732.439773035,
    "C_60_err": 4050.8917380066828,
    "C_99_103": 5232.137439343617,
    "C_99_103_err": 68.4396570068882,
    "O_Am241": 310.5293885354933,
    "O_Am241_err": 4.1350492227399975
}