{
    "C_60": 4277999.643573014,
    "C_60_err": 9570.006354210604,
    "C_99_103": 7052.932820735017,
    "C_99_103_err": 87.74701189562249,
    "O_Am241": 606.5561309468399,
    "O_Am241_err": 7.667310465022516
}