{
    "C_60": 3836833.824953416,
    "C_60_err": 8165.3456043072565,
    "C_99_103": 6793.060528389756,
    "C_99_103_err": 80.79533046647107,
    "O_Am241": 564.8166697350051,
    "O_Am241_err": 6.82450904346959
}