{
    "C_60": 5256513.5843514325,
    "C_60_err": 10640.493340677942,
    "C_99_103": 13695.061179502534,
    "C_99_103_err": 162.64400304922756,
    "O_Am241": 383.8254912083841,
    "O_Am241_err": 4.624093489022125
}