{
    "C_60": 965133.0534172088,
    "C_60_err": 2701.826006264245,
    "C_99_103": 4458.749154310262,
    "C_99_103_err": 61.49698867749856,
    "O_Am241": 216.4582532040891,
    "O_Am241_err": 3.046360380156256
}