{
    "C_60": 2492738.196730652,
    "C_60_err": 5895.319584559279,
    "C_99_103": 5998.685760297358,
    "C_99_103_err": 85.05968139711334,
    "O_Am241": 415.54738760096103,
    "O_Am241_err": 5.973739883491689
}