{
    "C_60": 1069307.564501931,
    "C_60_err": 3031.463770682079,
    "C_99_103": 4618.83680658838,
    "C_99_103_err": 68.41372272887884,
    "O_Am241": 231.5101418990717,
    "O_Am241_err": 3.4913488393772774
}