{
    "C_60": 1462924.7159042961,
    "C_60_err": 3759.1173380206715,
    "C_99_103": 5087.033735103308,
    "C_99_103_err": 72.47873688911139,
    "O_Am241": 287.5791260846803,
    "O_Am241_err": 4.163455598564759
}