{
    "C_60": 5931866.496591906,
    "C_60_err": 11824.091143522302,
    "C_99_103": 7819.1834994428245,
    "C_99_103_err": 103.46862387805253,
    "O_Am241": 758.6299128310003,
    "O_Am241_err": 10.151950679541649
}