{
    "C_60": 4767138.807948753,
    "C_60_err": 9864.416244759825,
    "C_99_103": 7298.604155638202,
    "C_99_103_err": 88.74355738941055,
    "O_Am241": 653.1576046998135,
    "O_Am241_err": 8.055912571848905
}