{
    "C_60": 2012834.1198493675,
    "C_60_err": 5550.317068860955,
    "C_99_103": 5637.682361310267,
    "C_99_103_err": 57.50989821645199,
    "O_Am241": 357.032197071415,
    "O_Am241_err": 3.772795681769526
}