{
    "C_60": 3092922.781262121,
    "C_60_err": 7572.503682443676,
    "C_99_103": 6386.495162949443,
    "C_99_103_err": 69.81365921487883,
    "O_Am241": 484.29110213773845,
    "O_Am241_err": 5.425161874450601
}