{
    "C_60": 3444660.72179385,
    "C_60_err": 7844.318841267297,
    "C_99_103": 6608.606197089668,
    "C_99_103_err": 68.67987973246893,
    "O_Am241": 521.2386120557202,
    "O_Am241_err": 5.545491094406966
}