{
    "C_60": 7374401.112070566,
    "C_60_err": 14288.753818043173,
    "C_99_103": 8319.07199851928,
    "C_99_103_err": 105.14789728765902,
    "O_Am241": 886.4451603956718,
    "O_Am241_err": 11.335004288177256
}