{
    "C_60": 6613676.205094044,
    "C_60_err": 13168.565234047548,
    "C_99_103": 8025.378845631616,
    "C_99_103_err": 90.43952745626568,
    "O_Am241": 824.0952025204404,
    "O_Am241_err": 9.430731442314247
}