{
    "C_60": 2239223.1015003235,
    "C_60_err": 5314.666885131456,
    "C_99_103": 5801.672986503444,
    "C_99_103_err": 78.53674087572743,
    "O_Am241": 385.96161946898354,
    "O_Am241_err": 5.304427603383132
}