{
    "C_60": 1317331.5584844751,
    "C_60_err": 3912.666892397126,
    "C_99_103": 4915.554402663001,
    "C_99_103_err": 63.948339562611515,
    "O_Am241": 267.9924685139912,
    "O_Am241_err": 3.5761269246627134
}