{
    "C_60": 1808326.2337148213,
    "C_60_err": 4594.013818282121,
    "C_99_103": 5486.474926873699,
    "C_99_103_err": 72.11120830950284,
    "O_Am241": 329.5971015664955,
    "O_Am241_err": 4.412224524523145
}