{
    "C_60": 1932577.6875763952,
    "C_60_err": 0.006166215967482458,
    "C_99_103": 5088.136669390719,
    "C_99_103_err": 3.677962277193472e-05,
    "O_Am241": 379.8203179569491,
    "O_Am241_err": 3.001101110249993e-06
}