{
    "C_60": 1929225.5231728083,
    "C_60_err": 0.000542931409218822,
    "C_99_103": 4975.24128376537,
    "C_99_103_err": 4.5303221438148915e-07,
    "O_Am241": 387.76521843634663,
    "O_Am241_err": 1.1469673774078588e-07
}