{
    "C_60": 1927820.7434887614,
    "C_60_err": 0.0001295788416455501,
    "C_99_103": NaN,
    "C_99_103_err": NaN,
    "O_Am241": NaN,
    "O_Am241_err": NaN
}