{
    "C_79": 51336.23468540318,
    "C_79_err": 79.68810877757112,
    "C_81": 637344.1966602766,
    "C_81_err": 989.3353882196567,
    "C_356": 1049550.8871889876,
    "C_356_err": 1497.2459867000468,
    "C_161": 15709.183193930307,
    "C_161_err": 315.1445439455168,
    "C_223": 10277.935377593227,
    "C_223_err": 287.3338976594006,
    "C_276": 139696.93019195631,
    "C_276_err": 479.3000588919968,
    "C_303": 347505.12609486794,
    "C_303_err": 655.0951025436622,
    "C_383": 149838.13764174056,
    "C_383_err": 533.4618523706532,
    "O_Ba133": 0.6561667850047488,
    "O_Ba133_err": 0.001330608987855873
}