{
    "C_79": 39750.18678033454,
    "C_79_err": 57.09122624908906,
    "C_81": 493502.3188954733,
    "C_81_err": 708.7929598471812,
    "C_356": 989193.2894073569,
    "C_356_err": 1117.1702638544393,
    "C_161": 14095.585878100883,
    "C_161_err": 268.9143792896299,
    "C_223": 9726.027349422828,
    "C_223_err": 194.09322471243817,
    "C_276": 131417.81514307426,
    "C_276_err": 293.8866118940052,
    "C_303": 327241.71072873304,
    "C_303_err": 461.99489744090454,
    "C_383": 140343.615689717,
    "C_383_err": 443.2502490182304,
    "O_Ba133": 0.5390781674179056,
    "O_Ba133_err": 0.0009420291584073311
}