{
    "C_79": 84362.76173519317,
    "C_79_err": 191.01296185204177,
    "C_81": 1047371.6456935329,
    "C_81_err": 2371.4439414838394,
    "C_356": 1161144.8311210813,
    "C_356_err": 1905.5127281234518,
    "C_161": 18760.831145959717,
    "C_161_err": 353.5712606963399,
    "C_223": 11297.730374851157,
    "C_223_err": 262.4271223198094,
    "C_276": 154091.70716730383,
    "C_276_err": 436.2654954993696,
    "C_303": 383146.77673824277,
    "C_303_err": 618.2413806528842,
    "C_383": 168003.40253413847,
    "C_383_err": 2644.0204229919736,
    "O_Ba133": 0.9746711840727401,
    "O_Ba133_err": 0.0025993415548283797
}