{
    "C_79": 48039.33468670215,
    "C_79_err": 77.95213304733112,
    "C_81": 596412.8721481136,
    "C_81_err": 967.7830857574316,
    "C_356": 1033710.4575181444,
    "C_356_err": 1436.9057479156022,
    "C_161": 14900.021808107753,
    "C_161_err": 279.02840920119945,
    "C_223": 10195.686644739117,
    "C_223_err": 277.0530167184778,
    "C_276": 137461.9509051575,
    "C_276_err": 453.9086749734311,
    "C_303": 342162.64413934964,
    "C_303_err": 611.6095045518032,
    "C_383": 147225.30889041725,
    "C_383_err": 413.02065732209405,
    "O_Ba133": 0.6234358974969583,
    "O_Ba133_err": 0.0012779685437679727
}