{
    "C_79": 45171.803763388416,
    "C_79_err": 71.50532272145098,
    "C_81": 560812.2052134079,
    "C_81_err": 887.7453273719764,
    "C_356": 1019136.2714202034,
    "C_356_err": 1275.5093339010637,
    "C_161": 15067.565796412475,
    "C_161_err": 277.55701392862727,
    "C_223": 9854.254076431731,
    "C_223_err": 230.89008839436218,
    "C_276": 135695.66830097328,
    "C_276_err": 355.6555915365713,
    "C_303": 337477.37035662413,
    "C_303_err": 656.4789140420916,
    "C_383": 145021.38641045865,
    "C_383_err": 386.68141870495026,
    "O_Ba133": 0.5946054771775865,
    "O_Ba133_err": 0.0011478267418163987
}