{
    "C_79": 66258.12585840012,
    "C_79_err": 111.72305168944462,
    "C_81": 822600.8832986138,
    "C_81_err": 1387.0522266349917,
    "C_356": 1112149.338095035,
    "C_356_err": 1591.9972637678775,
    "C_161": 17306.13806234631,
    "C_161_err": 281.6161200830226,
    "C_223": 10675.998908749834,
    "C_223_err": 235.95351416082764,
    "C_276": 147757.19695436402,
    "C_276_err": 539.8217485367016,
    "C_303": 367735.4200727721,
    "C_303_err": 697.3471068328146,
    "C_383": 159524.81672729694,
    "C_383_err": 399.84102175248876,
    "O_Ba133": 0.7992263077542375,
    "O_Ba133_err": 0.0016954138044586024
}