{
    "C_79": 18719.06353541687,
    "C_79_err": 44.51472571523592,
    "C_81": 232398.9397415867,
    "C_81_err": 552.6545192570799,
    "C_356": 824543.8132542599,
    "C_356_err": 1019.9058996813103,
    "C_161": 11337.663082830692,
    "C_161_err": 327.45318457801125,
    "C_223": 8103.1899190032755,
    "C_223_err": 203.07570688692496,
    "C_276": 109287.44900122199,
    "C_276_err": 352.26756292675947,
    "C_303": 271972.72560783004,
    "C_303_err": 473.8733091893485,
    "C_383": 116023.05172093016,
    "C_383_err": 340.90799938152657,
    "O_Ba133": 0.3045538626818461,
    "O_Ba133_err": 0.0007707585992636987
}