{
    "C_79": 75185.40588701433,
    "C_79_err": 130.83335616384963,
    "C_81": 933433.9070501366,
    "C_81_err": 1624.3084595436426,
    "C_356": 1142126.0002858695,
    "C_356_err": 1696.4433160953974,
    "C_161": 18308.125318925016,
    "C_161_err": 388.6574780231218,
    "C_223": 10780.961005726163,
    "C_223_err": 204.2058871077434,
    "C_276": 151623.24255347508,
    "C_276_err": 367.69097216867965,
    "C_303": 377616.25238204794,
    "C_303_err": 684.4455096120646,
    "C_383": 164337.24892234118,
    "C_383_err": 840.5461568002867,
    "O_Ba133": 0.8831068662167726,
    "O_Ba133_err": 0.0019381193678739183
}