{
    "C_79": 14215.391796063159,
    "C_79_err": 62.23704532279915,
    "C_81": 176485.43022282515,
    "C_81_err": 772.6787891019214,
    "C_356": 305894.35478926793,
    "C_356_err": 3899.6346581114803,
    "C_161": 4287.30859793012,
    "C_161_err": 218.0874056414694,
    "C_223": 2952.5084073382827,
    "C_223_err": 152.1129081665759,
    "C_276": 40281.46533379186,
    "C_276_err": 480.3330085353668,
    "C_303": 99478.52523068624,
    "C_303_err": 1168.7043775584243,
    "C_383": 42728.29689278483,
    "C_383_err": 662.33968657801,
    "O_Ba133": 0.6234205340280405,
    "O_Ba133_err": 0.00834179459315873
}