{
    "C_79": 58353.41633157145,
    "C_79_err": 82.36297229634653,
    "C_81": 724463.1687957357,
    "C_81_err": 1022.5440711508681,
    "C_356": 1080835.8610376862,
    "C_356_err": 1346.3858067562392,
    "C_161": 16636.24287941442,
    "C_161_err": 403.0009369188997,
    "C_223": 10507.281478658362,
    "C_223_err": 307.0743288798463,
    "C_276": 143707.92492243482,
    "C_276_err": 413.24180283174104,
    "C_303": 357827.4991500006,
    "C_303_err": 607.6994621161281,
    "C_383": 154519.10062813424,
    "C_383_err": 448.76339085077905,
    "O_Ba133": 0.7242696262647527,
    "O_Ba133_err": 0.0013095202318127734
}