{
    "C_79": 68353.56509118117,
    "C_79_err": 129.5871984198447,
    "C_81": 848615.9590565369,
    "C_81_err": 1608.83729358977,
    "C_356": 1234569.829226719,
    "C_356_err": 2690.7173089308576,
    "C_161": 18953.583198207496,
    "C_161_err": 236.73329416254566,
    "C_223": 12157.273528871274,
    "C_223_err": 199.9473040617916,
    "C_276": 163605.62114357692,
    "C_276_err": 403.19246401505416,
    "C_303": 408137.7946762005,
    "C_303_err": 700.2224573785958,
    "C_383": 178308.07471476647,
    "C_383_err": 466.2635383817832,
    "O_Ba133": 0.7427441546356823,
    "O_Ba133_err": 0.002080799994119263
}