{
    "C_79": 102951.99993491065,
    "C_79_err": 256.4249977270965,
    "C_81": 1278158.7916447602,
    "C_81_err": 3183.5405378194246,
    "C_356": 1350761.9973893317,
    "C_356_err": 3557.5299200518966,
    "C_161": 22728.36050667522,
    "C_161_err": 315.5249131019635,
    "C_223": 12841.70538353134,
    "C_223_err": 174.42651012687,
    "C_276": 177737.54717085723,
    "C_276_err": 402.30741277382293,
    "C_303": 444311.32325341995,
    "C_303_err": 722.4533509001704,
    "C_383": 198135.2459653553,
    "C_383_err": 3380.0079229666644,
    "O_Ba133": 1.0224679064476165,
    "O_Ba133_err": 0.003583636885614031
}