{
    "C_79": 78038.05027970042,
    "C_79_err": 149.98309016784256,
    "C_81": 968849.7563026983,
    "C_81_err": 1862.0542137818945,
    "C_356": 1280696.2523675703,
    "C_356_err": 3037.506869078014,
    "C_161": 20174.72207551498,
    "C_161_err": 250.6429179482483,
    "C_223": 12372.147580021534,
    "C_223_err": 254.23579276877496,
    "C_276": 169497.2474656439,
    "C_276_err": 398.25361946289837,
    "C_303": 423051.72375763766,
    "C_303_err": 751.6023028728581,
    "C_383": 185724.29613086593,
    "C_383_err": 517.3545394554919,
    "O_Ba133": 0.8174364566516537,
    "O_Ba133_err": 0.002426203317611599
}