{
    "C_79": 51940.05705270467,
    "C_79_err": 86.21648901036909,
    "C_81": 644840.7083147215,
    "C_81_err": 1070.385844694771,
    "C_356": 1140306.076890701,
    "C_356_err": 1945.2525570630962,
    "C_161": 16826.541906495535,
    "C_161_err": 269.4714991804396,
    "C_223": 11100.859574276777,
    "C_223_err": 253.18539663749905,
    "C_276": 151339.54587860714,
    "C_276_err": 389.95293240854994,
    "C_303": 376770.68851288815,
    "C_303_err": 539.9146460178032,
    "C_383": 163484.81514276375,
    "C_383_err": 427.2689573392333,
    "O_Ba133": 0.6110471385606875,
    "O_Ba133_err": 0.0014047826578193917
}