{
    "C_79": 45216.57779573449,
    "C_79_err": 80.44032591622961,
    "C_81": 561368.0790489296,
    "C_81_err": 998.6742349599828,
    "C_356": 1095150.282456226,
    "C_356_err": 1818.4015164906184,
    "C_161": 16157.530861246729,
    "C_161_err": 252.09970080482628,
    "C_223": 10513.885089606087,
    "C_223_err": 212.24275383113232,
    "C_276": 145512.50018277642,
    "C_276_err": 329.78353597098874,
    "C_303": 361897.9419693998,
    "C_303_err": 730.0060311011131,
    "C_383": 156601.77160767285,
    "C_383_err": 436.404172116488,
    "O_Ba133": 0.5538825735260766,
    "O_Ba133_err": 0.001297215316463993
}