{
    "C_79": 54608.58312264504,
    "C_79_err": 93.51716727085481,
    "C_81": 677970.7112207788,
    "C_81_err": 1161.0244540419333,
    "C_356": 1156950.252383536,
    "C_356_err": 2066.7095295716354,
    "C_161": 17262.41051229282,
    "C_161_err": 267.59220612283247,
    "C_223": 11313.752524625097,
    "C_223_err": 226.62710715239996,
    "C_276": 153413.41004574427,
    "C_276_err": 377.97382843016726,
    "C_303": 382496.7349961332,
    "C_303_err": 522.184587258267,
    "C_383": 166188.6586314427,
    "C_383_err": 385.1668532927012,
    "O_Ba133": 0.6331986123294171,
    "O_Ba133_err": 0.0015142648635880515
}