{
    "C_79": 59694.83185438353,
    "C_79_err": 90.45209712852103,
    "C_81": 741116.9690600972,
    "C_81_err": 1122.971319067299,
    "C_356": 1187207.7410366202,
    "C_356_err": 2286.387165909444,
    "C_161": 17796.141075955766,
    "C_161_err": 225.96134598673862,
    "C_223": 11345.47760371432,
    "C_223_err": 270.2412429018143,
    "C_276": 157580.76404242538,
    "C_276_err": 390.562760734403,
    "C_303": 392410.69559429784,
    "C_303_err": 641.5581588253082,
    "C_383": 170840.99141707862,
    "C_383_err": 412.1864355395029,
    "O_Ba133": 0.6745338437696214,
    "O_Ba133_err": 0.0016087436672485307
}