{
    "C_79": 19656.559521584386,
    "C_79_err": 50.03146492827037,
    "C_81": 244038.04085287842,
    "C_81_err": 621.1453570339982,
    "C_356": 853937.4133584469,
    "C_356_err": 1047.7960306738926,
    "C_161": 11795.102339804876,
    "C_161_err": 251.54655077487575,
    "C_223": 8117.613631769069,
    "C_223_err": 221.797888437401,
    "C_276": 113523.35035211903,
    "C_276_err": 339.2459527810942,
    "C_303": 281643.52773785975,
    "C_303_err": 528.7815847795038,
    "C_383": 120488.17133479855,
    "C_383_err": 355.29332672895987,
    "O_Ba133": 0.30879850940993364,
    "O_Ba133_err": 0.0008222497580607982
}