{
    "C_79": 16181.16699574321,
    "C_79_err": 78.66463056393665,
    "C_81": 200890.71477734047,
    "C_81_err": 976.6288096428361,
    "C_356": 343181.8625444299,
    "C_356_err": 1311.157796788979,
    "C_161": 4849.679771077734,
    "C_161_err": 156.42954756410225,
    "C_223": 3176.704799024859,
    "C_223_err": 116.60343351371122,
    "C_276": 44700.98127392568,
    "C_276_err": 247.68388632955742,
    "C_303": 110540.99745655702,
    "C_303_err": 451.27068383896335,
    "C_383": 48509.205328443764,
    "C_383_err": 224.96990317813564,
    "O_Ba133": 0.6325272558510593,
    "O_Ba133_err": 0.003740487129073286
}