{
    "C_79": 89469.53047736487,
    "C_79_err": 192.34487242886422,
    "C_81": 1110772.6613982269,
    "C_81_err": 2387.9797369470316,
    "C_356": 1323385.8560953669,
    "C_356_err": 3450.029829294442,
    "C_161": 21448.544207880826,
    "C_161_err": 303.698921405447,
    "C_223": 12845.803711657381,
    "C_223_err": 247.8981728693779,
    "C_276": 174818.5120865936,
    "C_276_err": 549.50175263247,
    "C_303": 436310.43432665366,
    "C_303_err": 701.7660499830841,
    "C_383": 192607.73789267763,
    "C_383_err": 987.4978902312,
    "O_Ba133": 0.9069480275517611,
    "O_Ba133_err": 0.0029778322393606838
}