{
    "C_60": 3031757.796739902,
    "C_60_err": 0.00013778639563987588,
    "C_99_103": 7147.996437855714,
    "C_99_103_err": 3.394380011969034e-05,
    "O_Am241": 424.14092159919727,
    "O_Am241_err": 2.0142167276383807e-06
}