{
    "C_60": 865091.237058386,
    "C_60_err": 3.9684658607328296e-05,
    "C_99_103": 5203.565982446735,
    "C_99_103_err": 4.99015773521578e-05,
    "O_Am241": 166.24969107273952,
    "O_Am241_err": 1.5943329559855816e-06
}