{
    "C_60": 3734574.9524136367,
    "C_60_err": 0.053097291591210904,
    "C_99_103": 7489.824345002971,
    "C_99_103_err": 6.2785170323466474e-09,
    "O_Am241": 498.6198314390716,
    "O_Am241_err": 7.0892572692876735e-06
}