{
    "C_60": 2217770.3902184116,
    "C_60_err": 0.00010047950845633574,
    "C_99_103": 6563.022427401998,
    "C_99_103_err": 6.177184804286526e-05,
    "O_Am241": 337.9190631680236,
    "O_Am241_err": 3.1805661319511326e-06
}