{
    "C_60": 1315138.5933583144,
    "C_60_err": 5.926027971194653e-05,
    "C_99_103": 5781.282349158521,
    "C_99_103_err": 6.155589372796193e-05,
    "O_Am241": 227.48215948140566,
    "O_Am241_err": 2.4221257815885336e-06
}