{
    "C_60": 569093.0381180483,
    "C_60_err": 2.5589621928723055e-05,
    "C_99_103": 4588.806721022019,
    "C_99_103_err": 4.444004230498186e-05,
    "O_Am241": 124.0176526744844,
    "O_Am241_err": 1.201054974301731e-06
}