{
    "C_60": 1067133.3763194627,
    "C_60_err": 0.01571993256443971,
    "C_99_103": 5476.114215465212,
    "C_99_103_err": 6.312128195281443e-05,
    "O_Am241": 194.8705476788173,
    "O_Am241_err": 3.644995609804487e-06
}