{
    "C_60": 936843.6507370786,
    "C_60_err": 1.4473351156105152e-05,
    "C_99_103": 37033.24486826298,
    "C_99_103_err": 9.375734613265019e-05,
    "O_Am241": 25.297368730978846,
    "O_Am241_err": 6.404673217881562e-08
}