{
    "C_60": 1997639.1596874811,
    "C_60_err": 0.0279516367370114,
    "C_99_103": 6471.880409158637,
    "C_99_103_err": 7.728253587128873e-05,
    "O_Am241": 308.66441179298306,
    "O_Am241_err": 5.677911946539541e-06
}