{
    "C_60": 1460532.0072768403,
    "C_60_err": 6.55256495568331e-05,
    "C_99_103": 5911.3297729409405,
    "C_99_103_err": 6.487277789746782e-05,
    "O_Am241": 247.07334278023407,
    "O_Am241_err": 2.711482634842176e-06
}