{
    "C_60": 778966.7361672674,
    "C_60_err": 0.010850872561753988,
    "C_99_103": 5026.975656708554,
    "C_99_103_err": 7.643007227915408e-06,
    "O_Am241": 154.95733207455018,
    "O_Am241_err": 2.171348245761332e-06
}