{
    "C_60": 960715.9360652046,
    "C_60_err": 4.3109980664231187e-05,
    "C_99_103": 5324.807417784523,
    "C_99_103_err": 1.0270109532744733e-05,
    "O_Am241": 180.4226633354802,
    "O_Am241_err": 3.480805573172907e-07
}