{
    "C_60": 4143583.8798073083,
    "C_60_err": 0.05976449004910123,
    "C_99_103": 7774.937463664296,
    "C_99_103_err": 8.808473711809872e-05,
    "O_Am241": 532.9411199989838,
    "O_Am241_err": 9.774601698396741e-06
}