{
    "C_60": 1622192.3705667234,
    "C_60_err": 7.330505218618947e-05,
    "C_99_103": 6139.44900630331,
    "C_99_103_err": 5.659920946861491e-05,
    "O_Am241": 264.2244228922229,
    "O_Am241_err": 2.435898254525756e-06
}