{
    "C_60": 1184488.4237124687,
    "C_60_err": 5.3328510631841554e-05,
    "C_99_103": 5655.6147063999,
    "C_99_103_err": 4.218286370347692e-05,
    "O_Am241": 209.43584123085688,
    "O_Am241_err": 1.5621227676327232e-06
}