{
    "C_60": 3365424.040318048,
    "C_60_err": 0.00015190635849078246,
    "C_99_103": 7346.214937061615,
    "C_99_103_err": 1.493211581512626e-08,
    "O_Am241": 458.11674027389284,
    "O_Am241_err": 2.0699136361621224e-08
}