{
    "C_60": 2476470.1177389794,
    "C_60_err": 0.021590113135534494,
    "C_99_103": 6753.904506460743,
    "C_99_103_err": 6.7404452384342084e-09,
    "O_Am241": 366.6723619455981,
    "O_Am241_err": 3.1966861918681853e-06
}