{
    "C_60": 632139.0075959866,
    "C_60_err": 2.8320250848762633e-05,
    "C_99_103": 4762.088159689071,
    "C_99_103_err": 2.0641367168497816e-08,
    "O_Am241": 132.7440791514579,
    "O_Am241_err": 5.9747932567046595e-09
}