{
    "C_60": 2732825.093990314,
    "C_60_err": 0.03685790327595306,
    "C_99_103": 6974.890738043629,
    "C_99_103_err": 6.976636090696173e-05,
    "O_Am241": 391.8090184674115,
    "O_Am241_err": 6.5790334170099954e-06
}