{
    "C_60": 702120.5340822828,
    "C_60_err": 3.173028947828704e-05,
    "C_99_103": 4926.457461543287,
    "C_99_103_err": 4.4470488440726226e-05,
    "O_Am241": 142.52036875648432,
    "O_Am241_err": 1.2865288876496249e-06
}