{
    "C_60": 4594294.716798742,
    "C_60_err": 0.0002059039155470968,
    "C_99_103": 7908.6196256085495,
    "C_99_103_err": 6.884965055030855e-05,
    "O_Am241": 580.9224535116293,
    "O_Am241_err": 5.0573728179164e-06
}