{
    "C_60": 1799799.941413682,
    "C_60_err": 0.026609998333317897,
    "C_99_103": 6267.09094820207,
    "C_99_103_err": 8.512324204870895e-05,
    "O_Am241": 287.1826747511964,
    "O_Am241_err": 5.765737666276103e-06
}