{
    "C_60": 1067600.9967225615,
    "C_60_err": 1.6177904474299308e-05,
    "C_99_103": 5430.444045028735,
    "C_99_103_err": 7.4246743114265835e-06,
    "O_Am241": 196.59552476190046,
    "O_Am241_err": 2.688081085654492e-07
}