{
    "C_60": 632756.49075246,
    "C_60_err": 9.561180578480932e-06,
    "C_99_103": 4757.719088945002,
    "C_99_103_err": 1.1046093343037051e-05,
    "O_Am241": 132.9957651814139,
    "O_Am241_err": 3.087855171690927e-07
}