{
    "C_60": 702296.7182471016,
    "C_60_err": 1.0592074634145892e-05,
    "C_99_103": 4887.1607051673345,
    "C_99_103_err": 3.0053854161527443e-06,
    "O_Am241": 143.70239912604947,
    "O_Am241_err": 8.839712642797089e-08
}