{
    "C_60": 784068.1163904062,
    "C_60_err": 1.3028577765725451e-05,
    "C_99_103": 5055.702238024316,
    "C_99_103_err": 8.305236959368667e-07,
    "O_Am241": 155.0858969686488,
    "O_Am241_err": 2.5606683294476775e-08
}