{
    "C_60": 3337098.2366962605,
    "C_60_err": 5.1055618641550685e-05,
    "C_99_103": 7233.693546869051,
    "C_99_103_err": 1.1045213243352345e-05,
    "O_Am241": 461.3270129670688,
    "O_Am241_err": 7.044410961192847e-07
}