{
    "C_60": 2703098.822681939,
    "C_60_err": 4.106044762964417e-05,
    "C_99_103": 6991.188700509702,
    "C_99_103_err": 2.7044911016150424e-05,
    "O_Am241": 386.64366511590026,
    "O_Am241_err": 1.4957147606217469e-06
}