{
    "C_60": 1622395.8854131054,
    "C_60_err": 2.4492877866849616e-05,
    "C_99_103": 6124.138441101673,
    "C_99_103_err": 2.7436150064624883e-06,
    "O_Am241": 264.91822499055917,
    "O_Am241_err": 1.1875077427203722e-07
}