{
    "C_60": 1316212.1838074683,
    "C_60_err": 2.0042846441544956e-05,
    "C_99_103": 5847.986037573357,
    "C_99_103_err": 2.28945277492028e-05,
    "O_Am241": 225.0710202368464,
    "O_Am241_err": 8.811467169573802e-07
}