{
    "C_60": 3032920.4215243086,
    "C_60_err": 4.522752853521571e-05,
    "C_99_103": 7124.184020105183,
    "C_99_103_err": 2.5840712307804337e-05,
    "O_Am241": 425.72179676508836,
    "O_Am241_err": 1.5441835040291518e-06
}