{
    "C_60": 961776.1328541858,
    "C_60_err": 1.4780390971687145e-05,
    "C_99_103": 5257.799640462336,
    "C_99_103_err": 1.6286870629203733e-05,
    "O_Am241": 182.92369405875905,
    "O_Am241_err": 5.666422091333756e-07
}