{
    "C_60": 2462585.389813104,
    "C_60_err": 3.716901589189553e-05,
    "C_99_103": 6789.664644571181,
    "C_99_103_err": 1.557342452331011e-05,
    "O_Am241": 362.69617407129465,
    "O_Am241_err": 8.319326623815125e-07
}