{
    "C_60": 1185408.5123228007,
    "C_60_err": 1.7822700156852438e-05,
    "C_99_103": 5601.947804616736,
    "C_99_103_err": 1.563491505315443e-05,
    "O_Am241": 211.60649004010165,
    "O_Am241_err": 5.905977022963202e-07
}