{
    "C_60": 4156416.574878326,
    "C_60_err": 6.516376103306298e-05,
    "C_99_103": 7754.603327526836,
    "C_99_103_err": 9.05169393313733e-06,
    "O_Am241": 535.9934479335806,
    "O_Am241_err": 6.257039892236787e-07
}