{
    "C_60": 1800349.2156281911,
    "C_60_err": 2.7271537426003592e-05,
    "C_99_103": 6318.828200929379,
    "C_99_103_err": 6.533182699177469e-06,
    "O_Am241": 284.91820925965266,
    "O_Am241_err": 2.9461514412567215e-07
}