{
    "C_60": 1998470.0392859343,
    "C_60_err": 3.00506647377477e-05,
    "C_99_103": 6413.144194726349,
    "C_99_103_err": 1.747141219013258e-05,
    "O_Am241": 311.6209426460915,
    "O_Am241_err": 8.489659209842116e-07
}