{
    "C_60": 3734357.3158017225,
    "C_60_err": 5.610886191677843e-05,
    "C_99_103": 7491.329256882021,
    "C_99_103_err": 1.3109155439259228e-05,
    "O_Am241": 498.49061331419915,
    "O_Am241_err": 8.723460932881513e-07
}