{
    "C_60": 569404.0912307387,
    "C_60_err": 8.423444397458527e-06,
    "C_99_103": 4626.005191918637,
    "C_99_103_err": 8.262165561004329e-06,
    "O_Am241": 123.08764638341837,
    "O_Am241_err": 2.1984527801670322e-07
}