{
    "C_60": 1094953.9355966803,
    "C_60_err": 1.4459918344627426e-05,
    "C_99_103": 43443.65208701165,
    "C_99_103_err": 5.9024904151084104e-05,
    "O_Am241": 25.204002955452236,
    "O_Am241_err": 3.424514422465026e-08
}