{
    "C_60": 2218720.3565889555,
    "C_60_err": 3.34415377679486e-05,
    "C_99_103": 6637.995533027963,
    "C_99_103_err": 3.6018712001156695e-05,
    "O_Am241": 334.24553324109763,
    "O_Am241_err": 1.8136710073896248e-06
}