{
    "C_60": 4608860.293646684,
    "C_60_err": 7.387887965984788e-05,
    "C_99_103": 7955.934225077943,
    "C_99_103_err": 1.0618648095149025e-05,
    "O_Am241": 579.2984410453106,
    "O_Am241_err": 7.732353920977324e-07
}