{
    "C_60": 865596.5650589281,
    "C_60_err": 1.29418724583775e-05,
    "C_99_103": 5208.751175067496,
    "C_99_103_err": 2.4121922403782555e-05,
    "O_Am241": 166.18120850199983,
    "O_Am241_err": 7.695954314583556e-07
}