{
    "C_60": 1461234.9590604329,
    "C_60_err": 2.217698489743146e-05,
    "C_99_103": 5982.236854338873,
    "C_99_103_err": 2.1815615664879402e-05,
    "O_Am241": 244.2623043252809,
    "O_Am241_err": 8.907669204575084e-07
}