{
  "B00000B": {
    "am_HS1": {
      "O_Am241_data": 19.26418308649713,
      "O_Am241_data_err": 0.10810958748875488,
      "a": 579.3057418953341,
      "a_err": 17.013939165554234,
      "b": 0.7731303588705879,
      "b_err": 0.0012005781139993834
    },
    "am_HS6":{
      "O_Am241_data": 266.60641744148126,
      "O_Am241_data_err": 2.4866137585784838,
      "a": 886.9507201952224,
      "a_err": 26.198304795844933,
      "b": 0.7715690991781377,
      "b_err": 0.0018334681952129831,
      "FCCD": 1.557885023295333,
      "FCCD_err": 0.051374044
    }
  },
  "B00032B": {
    "am_HS1": {
      "O_Am241_data": 19.956742893730443,
      "O_Am241_data_err": 0.10507992118874245,
      "a": 576.4843400224058,
      "a_err": 16.942207453547212,
      "b": 0.776935449974397,
      "b_err": 0.001501574256129878
    },
    "am_HS6":{
      "O_Am241_data": 312.7171237483356,
      "O_Am241_data_err": 3.046866832985748,
      "a": 886.4643524013247,
      "a_err": 26.259157412603884,
      "b": 0.7752668191774201,
      "b_err": 0.0013424562039213923,
      "FCCD": 1.3439784386515026,
      "FCCD_err": 0.052703806
    }
  },
  "B00091B": {
    "am_HS1": {
      "O_Am241_data": 19.539157174901792,
      "O_Am241_data_err": 0.10198865204161256,
      "a": 576.2024064893062,
      "a_err": 16.932953715451276,
      "b": 0.7750609977045152,
      "b_err": 0.0013039240640230004
    },
    "am_HS6":{
      "O_Am241_data": 320.9410433422581,
      "O_Am241_data_err": 3.093843402789537,
      "a": 886.2702064674385,
      "a_err": 26.340846306266883,
      "b": 0.7720975012410439,
      "b_err": 0.0012394552571638813,
      "FCCD": 1.3155908874928275,
      "FCCD_err": 0.052914264
    }
  }
}
