{
  "B00000B": {
    "am_HS1": {
      "O_Am241_data": 21.189842526506357,
      "O_Am241_data_err": 0.11015303568000717,
      "a": 577.6059446041985,
      "a_err": 2.1985914498040486,
      "b": 0.7752467202826967,
      "b_err": 0.0033057777680610446
    },
    "am_HS6":{
      "O_Am241_data": 270.5817270192123,
      "O_Am241_data_err": 3.3774998120183506,
      "a": 876.7621242170835,
      "a_corr_err": 23.894895255197184,
      "a_uncorr_err": 10.57899097742245,
      "b": 0.7740865401627699,
      "b_corr_err": 0.0013248010233241148,
      "b_uncorr_err": 0.0018871269283990966
    }
  },
  "B00032B": {
    "am_HS1": {
      "O_Am241_data": 19.956742893730443,
      "O_Am241_data_err": 0.10507992118874245,
      "a": 576.4843400224058,
      "a_err": 16.942207453547212,
      "b": 0.776935449974397,
      "b_err": 0.001501574256129878
    },
    "am_HS6":{
      "O_Am241_data": 312.71717540385094,
      "O_Am241_data_err": 7.766723953513497e-09,
      "a": 886.3994730808002,
      "a_corr_err": 24.118477213746075,
      "a_uncorr_err": 10.920541058683398,
      "b": 0.7751587581238618,
      "b_corr_err": 0.0013405865941647466,
      "b_uncorr_err": 0.0019389742757331407
    }
  },
  "B00091B": {
    "am_HS1": {
      "O_Am241_data": 19.539157174901792,
      "O_Am241_data_err": 0.10198865204161256,
      "a": 576.2024064893062,
      "a_err": 16.932953715451276,
      "b": 0.7750609977045152,
      "b_err": 0.0013039240640230004
    },
    "am_HS6":{
      "O_Am241_data": 319.41997219501764,
      "O_Am241_data_err": 4.620667409215592,
      "a": 886.2605910413855,
      "a_corr_err": 24.121538227249573,
      "a_uncorr_err": 11.08372429767519,
      "b": 0.7721740672325287,
      "b_corr_err": 0.0012714148761789295,
      "b_uncorr_err": 0.0024193606291657566
    }
  },
  "V07647A": {
    "am_HS1": {
      "O_Am241_data": 21.189842526506357,
      "O_Am241_data_err": 0.11015303568000717,
      "a": 577.6059446041985,
      "a_err": 2.1985914498040486,
      "b": 0.7752467202826967,
      "b_err": 0.0033057777680610446
    },
    "am_HS6":{
      "O_Am241_data": 308.0826419821585,
      "O_Am241_data_err": 4.072383527098422,
      "a": 876.5127662325998,
      "a_corr_err": 24.03118364375689,
      "a_uncorr_err": 10.471582040627595,
      "b": 0.7393872768239615,
      "b_uncorr_err": 0.0015892143223765198,
      "b_corr_err": 0.003288124102645099
    }
  },
  "V07647B": {
    "am_HS1": {
      "O_Am241_data": 25.204002955452236,
      "O_Am241_data_err": 0.12329782547337632,
      "a": 577.4848736637048,
      "a_err": 1.7638217097638504,
      "b": 0.7745134597244071,
      "b_err": 0.0026511463087161478
    },
    "am_HS6":{
      "O_Am241_data": 403.31417308791845,
      "O_Am241_data_err": 5.07368493153563,
      "a": 846.697774052466,
      "a_corr_err": 23.33499752933352,
      "a_uncorr_err": 10.21122989219458,
      "b": 0.7428497739256236,
      "b_uncorr_err": 0.002333158647156719,
      "b_corr_err": 0.005213481258393703
    }
  },
  "V07298B": {
    "am_HS1": {
      "O_Am241_data": 26.616061758300283,
      "O_Am241_data_err": 0.1315930092393273,
      "a": 576.7737660151826,
      "a_err": 1.2791627962694834,
      "b": 0.7735616310468966,
      "b_err": 0.0019250872814954045
    },
    "am_HS6":{
      "O_Am241_data": 416.5441662018125,
      "O_Am241_data_err": 8.294586128927792,
      "a": 880.5308679058633,
      "a_corr_err": 24.10875257877416,
      "a_uncorr_err": 9.892191950391862,
      "b": 0.7441542898230077,
      "b_uncorr_err": 0.002248231535847467,
      "b_corr_err": 0.0036525485791719862
    }
  },
  "V07302A": {
    "am_HS1": {
      "O_Am241_data": 22.977228427417653,
      "O_Am241_data_err": 0.11531340550281752,
      "a": 573.9370931940758,
      "a_err": 1.9754705976549691,
      "b": 0.7718858220740831,
      "b_err": 0.002988351729180875
    },
    "am_HS6":{
      "O_Am241_data": 383.8254912083841,
      "O_Am241_data_err": 4.624093489022125,
      "a": 879.2243887666125,
      "a_corr_err": 24.067992440758985,
      "a_uncorr_err": 10.44293921056385,
      "b": 0.7431306488643895,
      "b_uncorr_err": 0.0012207733253588038,
      "b_corr_err": 0.003032136268880092
    }
  },
  "V07302B": {
    "am_HS1": {
      "O_Am241_data": 28.18041947549983,
      "O_Am241_data_err": 0.139738491693658,
      "a": 580.606000589724,
      "a_err": 1.6874198036826946,
      "b": 0.7779323156463555,
      "b_err": 0.002521679610116018
    },
    "am_HS6":{
      "O_Am241_data": 414.92348935504356,
      "O_Am241_data_err": 4.968346699474879,
      "a": 877.2273676406197,
      "a_corr_err": 24.011173531255565,
      "a_uncorr_err": 9.65471128294422,
      "b": 0.7398495542795324,
      "b_uncorr_err": 0.0030745295644669657,
      "b_corr_err": 0.0021418509796330963
    }
  }
}
