{
  "V07647A": {
    "am_HS1": {
      "O_Am241_data": 21.189842526506357,
      "O_Am241_data_err": 0.11015303568000717,
      "a": 577.6059446041985,
      "a_err": 2.1985914498040486,
      "b": 0.7752467202826967,
      "b_err": 0.0033057777680610446
    },
    "am_HS6":{
      "O_Am241_data": 307.25906026085505,
      "O_Am241_data_err": 2.645754979834811,
      "a": 882.7477816478817,
      "a_err": 25.97501554757457,
      "b": 0.7429332357027225,
      "b_err": 0.003288124102645099
    }
  },
  "V07647B": {
    "am_HS1": {
      "O_Am241_data": 25.204002955452236,
      "O_Am241_data_err": 0.12329782547337632,
      "a": 577.4848736637048,
      "a_err": 1.7638217097638504,
      "b": 0.7745134597244071,
      "b_err": 0.0026511463087161478
    },
    "am_HS6":{
      "O_Am241_data": 405.8292745833255,
      "O_Am241_data_err": 3.5382700491942876,
      "a": 845.9070826862503,
      "a_err": 25.180997537628173,
      "b": 0.7415157972328055,
      "b_err": 0.005213481258393703
    }
  },
  "V07298B": {
    "am_HS1": {
      "O_Am241_data": 26.616061758300283,
      "O_Am241_data_err": 0.1315930092393273,
      "a": 576.7737660151826,
      "a_err": 1.2791627962694834,
      "b": 0.7735616310468966,
      "b_err": 0.0019250872814954045
    },
    "am_HS6":{
      "O_Am241_data": 393.9569972427717,
      "O_Am241_data_err": 3.251539088054831,
      "a": 880.6628657206066,
      "a_err": 25.937039106266923,
      "b": 0.7444636361639831,
      "b_err": 0.0036525485791719862
    }
  },
  "V07302A": {
    "am_HS1": {
      "O_Am241_data": 22.977228427417653,
      "O_Am241_data_err": 0.11531340550281752,
      "a": 573.9370931940758,
      "a_err": 1.9754705976549691,
      "b": 0.7718858220740831,
      "b_err": 0.002988351729180875
    },
    "am_HS6":{
      "O_Am241_data": 391.9577114694492,
      "O_Am241_data_err": 3.3888246940687172,
      "a": 882.7229043071011,
      "a_err": 25.948335359956275,
      "b": 0.7443164439818116,
      "b_err": 0.003032136268880092
    }
  },
  "V07302B": {
    "am_HS1": {
      "O_Am241_data": 28.18041947549983,
      "O_Am241_data_err": 0.139738491693658,
      "a": 580.606000589724,
      "a_err": 1.6874198036826946,
      "b": 0.7779323156463555,
      "b_err": 0.002521679610116018
    },
    "am_HS6":{
      "O_Am241_data": 414.7836299656969,
      "O_Am241_data_err": 3.3920670584491868,
      "a": 879.8554194532561,
      "a_err": 25.805379216434687,
      "b": 0.739599646227903,
      "b_err": 0.0021418509796330963
    }
  },
  "V04549B": {
    "am_HS1": {
      "O_Am241_data": 24.34335227042701,
      "O_Am241_data_err": 0.1284179789625891,
      "a": 578.3982235442924,
      "a_err": 16.982172284501644,
      "b": 0.7718742554033127,
      "b_err": 0.002213768006799997
    },
    "am_HS6": {
      "O_Am241_data": 324.9256499344202,
      "O_Am241_data_err": 3.058332953184226,
      "a": 875.937985233568,
      "a_err": 25.96225160050227,
      "b": 0.7534733678192276,
      "b_err": 0.009984126343807085
    }
  }
}
