{
    "C_60": 1993199.9569620641,
    "C_60_err": 8.307588489093326e-07,
    "C_99_103": 6455.715821427495,
    "C_99_103_err": 2.4390145572984292e-05,
    "O_Am241": 308.74964327678936,
    "O_Am241_err": 1.1664777383722205e-06
}