{
    "C_60": 1064432.7944812183,
    "C_60_err": 7.147463167893678e-07,
    "C_99_103": 5432.536196658554,
    "C_99_103_err": 1.9264966006769975e-05,
    "O_Am241": 195.93662259184393,
    "O_Am241_err": 6.948342918918751e-07
}