{
    "C_60": 686971.8728459339,
    "C_60_err": 3.927863665249484e-06,
    "C_99_103": 34982.75347121895,
    "C_99_103_err": 9.19698614989346e-05,
    "O_Am241": 19.6374443026939,
    "O_Am241_err": 5.1627076908520486e-08
}