{
    "C_60": 2727430.607813471,
    "C_60_err": 1.32950361756215e-06,
    "C_99_103": 6940.640721351385,
    "C_99_103_err": 2.051421487998811e-05,
    "O_Am241": 392.965248787928,
    "O_Am241_err": 1.161473988826008e-06
}