{
    "C_60": 2456117.1017237874,
    "C_60_err": 1.4733423969043313e-06,
    "C_99_103": 6777.205851100237,
    "C_99_103_err": 1.9270862544972075e-05,
    "O_Am241": 362.40851402278895,
    "O_Am241_err": 1.0305020930029074e-06
}