{
    "C_60": 1618216.8188965362,
    "C_60_err": 8.945863736072035e-07,
    "C_99_103": 6073.172888808391,
    "C_99_103_err": 2.1206764515974548e-05,
    "O_Am241": 266.45327714588484,
    "O_Am241_err": 9.304217214315421e-07
}