{
    "C_60": 1795962.4255506408,
    "C_60_err": 9.066756783120827e-07,
    "C_99_103": 6270.355946186874,
    "C_99_103_err": 2.2667939727373572e-05,
    "O_Am241": 286.4211283958769,
    "O_Am241_err": 1.0354399326213805e-06
}