{
    "C_60": 3725301.718454666,
    "C_60_err": 1.5254257661884152e-06,
    "C_99_103": 7474.878168320797,
    "C_99_103_err": 2.658942907898269e-05,
    "O_Am241": 498.3762456815454,
    "O_Am241_err": 1.7728101553759843e-06
}