{
    "C_60": 1312174.2598856909,
    "C_60_err": 5.99301929263274e-07,
    "C_99_103": 5741.019282088551,
    "C_99_103_err": 1.9936781616060808e-05,
    "O_Am241": 228.56120061807718,
    "O_Am241_err": 7.937222569960257e-07
}