{
    "C_60": 4581702.180751329,
    "C_60_err": 2.184066780659688e-06,
    "C_99_103": 7944.333369652398,
    "C_99_103_err": 1.6623943471319265e-05,
    "O_Am241": 576.7258204764638,
    "O_Am241_err": 1.206829728904071e-06
}