{
    "C_60": 2213693.5406105174,
    "C_60_err": 1.1690357933601125e-06,
    "C_99_103": 6575.086957180693,
    "C_99_103_err": 2.1964037682755118e-05,
    "O_Am241": 336.6789755066173,
    "O_Am241_err": 1.1246740682795397e-06
}