{
    "C_60": 630210.5781621917,
    "C_60_err": 1.387085433839086e-07,
    "C_99_103": 4725.99392485522,
    "C_99_103_err": 1.096371765894251e-05,
    "O_Am241": 133.34984940368878,
    "O_Am241_err": 3.0935505388939694e-07
}