{
    "C_60": 1181471.5760510068,
    "C_60_err": 6.048122420335839e-07,
    "C_99_103": 5607.04714905922,
    "C_99_103_err": 1.39938633557811e-05,
    "O_Am241": 210.711903189407,
    "O_Am241_err": 5.258870782264433e-07
}