{
    "C_60": 777293.6715275354,
    "C_60_err": 3.9198781613420525e-07,
    "C_99_103": 5013.252914782967,
    "C_99_103_err": 1.0818481085878942e-05,
    "O_Am241": 155.04776733594855,
    "O_Am241_err": 3.34589419813107e-07
}