{
    "C_60": 3358508.597219293,
    "C_60_err": 1.9374904035827922e-06,
    "C_99_103": 7291.661661561304,
    "C_99_103_err": 2.7147761178449267e-05,
    "O_Am241": 460.5957809211026,
    "O_Am241_err": 1.7148552676640536e-06
}