{
    "C_60": 568299.296287758,
    "C_60_err": 3.5611161733426627e-07,
    "C_99_103": 4579.879870779974,
    "C_99_103_err": 1.9379330220455105e-05,
    "O_Am241": 124.08607044773296,
    "O_Am241_err": 5.250585231887188e-07
}