{
    "C_60": 958408.5102277392,
    "C_60_err": 2.2910655718064166e-07,
    "C_99_103": 5306.90813716881,
    "C_99_103_err": 1.558846921600702e-05,
    "O_Am241": 180.5964010409726,
    "O_Am241_err": 5.304824155055485e-07
}