{
    "C_60": 4132498.594461145,
    "C_60_err": 1.9211781960778995e-06,
    "C_99_103": 7732.672170117155,
    "C_99_103_err": 2.7329298409125022e-05,
    "O_Am241": 534.42050866079,
    "O_Am241_err": 1.8887827341167631e-06
}