{
    "C_60": 686971.8728459339,
    "C_60_err": 884.4081797598349,
    "C_99_103": 34982.75347121895,
    "C_99_103_err": 363.2842122355529,
    "O_Am241": 19.6374443026939,
    "O_Am241_err": 0.20548940176963318
}