{
    "C_60": 1457816.0662764516,
    "C_60_err": 8.979286580251822e-07,
    "C_99_103": 5933.244993506724,
    "C_99_103_err": 2.481313148811622e-05,
    "O_Am241": 245.70299521962582,
    "O_Am241_err": 1.0275423988399377e-06
}