{
    "C_60": 3025957.17285956,
    "C_60_err": 1.390643391274704e-06,
    "C_99_103": 7124.556535904274,
    "C_99_103_err": 2.3278095096430577e-05,
    "O_Am241": 424.72217851177385,
    "O_Am241_err": 1.3876966670049312e-06
}