{
    "C_60": 700512.955349614,
    "C_60_err": 2.0651690212959706e-07,
    "C_99_103": 4872.231884614209,
    "C_99_103_err": 1.4940263406912787e-05,
    "O_Am241": 143.7766042215131,
    "O_Am241_err": 4.408781026066298e-07
}