{
    "C_60": 863020.025850698,
    "C_60_err": 3.2729539001762065e-07,
    "C_99_103": 5153.923330104328,
    "C_99_103_err": 4.073355621426187e-06,
    "O_Am241": 167.44913934007405,
    "O_Am241_err": 1.323418933254188e-07
}