{
    "C_60": 779150.6169625233,
    "C_60_err": 0.009433748431182387,
    "C_99_103": 5074.54214281994,
    "C_99_103_err": 1.8885088483019797e-05,
    "O_Am241": 153.5410673581571,
    "O_Am241_err": 1.944869306774623e-06
}