{
    "C_60": 2012091.8180414033,
    "C_60_err": 0.02000263485954279,
    "C_99_103": 6424.6266577775805,
    "C_99_103_err": 3.622575412814447e-05,
    "O_Am241": 313.1842401465598,
    "O_Am241_err": 3.579372323448642e-06
}