{
    "C_60": 3366600.3089404423,
    "C_60_err": 0.040974966268771396,
    "C_99_103": 7287.221832482824,
    "C_99_103_err": 2.9427847677381015e-05,
    "O_Am241": 461.98680187472905,
    "O_Am241_err": 5.92427576764145e-06
}