{
    "C_60": 2478144.558625049,
    "C_60_err": 0.02492876458870974,
    "C_99_103": 6811.398787975565,
    "C_99_103_err": 1.9628044158912986e-05,
    "O_Am241": 363.8231493654162,
    "O_Am241_err": 3.807064055546896e-06
}