{
    "C_60": 1461245.0222818684,
    "C_60_err": 0.01777473591917128,
    "C_99_103": 5911.959663392437,
    "C_99_103_err": 2.8229485142629327e-05,
    "O_Am241": 247.1676238473129,
    "O_Am241_err": 3.2299224017458634e-06
}