{
    "C_60": 3757231.4817022164,
    "C_60_err": 0.037853782453450835,
    "C_99_103": 7564.480385297935,
    "C_99_103_err": 3.550942499006047e-05,
    "O_Am241": 496.6939287733025,
    "O_Am241_err": 5.520674178305549e-06
}