{
    "C_60": 960912.5069583079,
    "C_60_err": 0.011490834280388496,
    "C_99_103": 5351.981302536281,
    "C_99_103_err": 2.21892657555112e-05,
    "O_Am241": 179.54332286305552,
    "O_Am241_err": 2.2724045950626786e-06
}