{
    "C_60": 1067265.805208668,
    "C_60_err": 0.012870406432592962,
    "C_99_103": 5431.497777220802,
    "C_99_103_err": 2.767133591389755e-05,
    "O_Am241": 196.49567190926265,
    "O_Am241_err": 2.572368420314239e-06
}