{
    "C_60": 1184738.588055001,
    "C_60_err": 0.014300550445257854,
    "C_99_103": 5625.146541554718,
    "C_99_103_err": 2.2740355551358184e-05,
    "O_Am241": 210.61470653305943,
    "O_Am241_err": 2.6810442384727033e-06
}