{
    "C_60": 1079319.8739171363,
    "C_60_err": 1.3206172095360513e-05,
    "C_99_103": 42749.47002923318,
    "C_99_103_err": 3.847177151352363e-05,
    "O_Am241": 25.24756150612089,
    "O_Am241_err": 2.272328029200927e-08
}