{
    "C_60": 4619839.88113195,
    "C_60_err": 0.04709992712635169,
    "C_99_103": 7981.184053819743,
    "C_99_103_err": 4.1028974325461675e-05,
    "O_Am241": 578.8414162583964,
    "O_Am241_err": 6.609138773842807e-06
}