{
    "C_60": 632423.0560218634,
    "C_60_err": 0.007730011339354276,
    "C_99_103": 4781.005345639707,
    "C_99_103_err": 2.1074777845815623e-05,
    "O_Am241": 132.27825745868185,
    "O_Am241_err": 1.7187455687496172e-06
}