{
    "C_60": 1634262.666499295,
    "C_60_err": 0.016206159702180922,
    "C_99_103": 6117.684251762198,
    "C_99_103_err": 3.669558055289789e-05,
    "O_Am241": 267.13746562329464,
    "O_Am241_err": 3.095986739664368e-06
}