{
    "C_60": 702195.7844743693,
    "C_60_err": 0.008491046707720662,
    "C_99_103": 4930.522064710745,
    "C_99_103_err": 1.8636514245211425e-05,
    "O_Am241": 142.4181405657221,
    "O_Am241_err": 1.8043137870896368e-06
}