{
    "C_60": 569767.4109026644,
    "C_60_err": 0.006611377276220243,
    "C_99_103": 4650.240971827286,
    "C_99_103_err": 9.556336418761516e-06,
    "O_Am241": 122.5242765599688,
    "O_Am241_err": 1.443851892400302e-06
}