{
    "C_60": 3032437.0656319316,
    "C_60_err": 0.036305206971510295,
    "C_99_103": 7174.620179347824,
    "C_99_103_err": 3.840222509961518e-05,
    "O_Am241": 422.6616865880671,
    "O_Am241_err": 5.542914637765994e-06
}