{
    "C_60": 1315657.4889622761,
    "C_60_err": 0.015231888860349208,
    "C_99_103": 5693.72851466144,
    "C_99_103_err": 2.026137479362388e-05,
    "O_Am241": 231.07134201682385,
    "O_Am241_err": 2.7987246312375767e-06
}