{
    "C_60": 871970.8937563208,
    "C_60_err": 0.008577831893062798,
    "C_99_103": 5189.0723691005505,
    "C_99_103_err": 1.9828216264064905e-05,
    "O_Am241": 168.03984059822704,
    "O_Am241_err": 1.773385517995495e-06
}