{
    "C_60": 2732687.158844651,
    "C_60_err": 0.03227088809831857,
    "C_99_103": 6922.899379834963,
    "C_99_103_err": 2.3457908216801193e-05,
    "O_Am241": 394.731601444971,
    "O_Am241_err": 4.849565592572864e-06
}