{
    "C_60": 4169024.0564914187,
    "C_60_err": 0.042833112404572216,
    "C_99_103": 7759.556555176784,
    "C_99_103_err": 2.7469025989164695e-05,
    "O_Am241": 537.2760707195383,
    "O_Am241_err": 5.83852769201512e-06
}