{
    "C_60": 1813046.9122255826,
    "C_60_err": 0.018628953610877463,
    "C_99_103": 6277.0890193215355,
    "C_99_103_err": 1.6041362840153435e-05,
    "O_Am241": 288.8356221561993,
    "O_Am241_err": 3.058184779352831e-06
}