{
    "C_60": 2233781.7555643814,
    "C_60_err": 0.022741544590510476,
    "C_99_103": 6623.8288160345,
    "C_99_103_err": 2.7721074727758603e-05,
    "O_Am241": 337.23422171735467,
    "O_Am241_err": 3.7120600236948782e-06
}