{
    "C_1173": 70576.9731956857,
    "C_1173_err": 270.57168876684926,
    "C_1332": 63144.39536269781,
    "C_1332_err": 247.04491154274515
}