{
    "C_1173": 43371.25873479257,
    "C_1173_err": 229.02073843374356,
    "C_1332": 38635.19163065296,
    "C_1332_err": 148.20171056067093
}