{
    "C_1173": 53206.27447638794,
    "C_1173_err": 218.92926455888042,
    "C_1332": 47550.17661912699,
    "C_1332_err": 180.0469147841493
}