{
    "C_1173": 58682.14888662522,
    "C_1173_err": 222.45816735449299,
    "C_1332": 52386.64111373354,
    "C_1332_err": 151.53444064657492
}