{
    "C_1173": 61469.63559915369,
    "C_1173_err": 266.9698763735892,
    "C_1332": 54878.83669414748,
    "C_1332_err": 202.81758221121865
}