{
    "C_1173": 77266.6945499413,
    "C_1173_err": 298.5529692869961,
    "C_1332": 69040.20630367828,
    "C_1332_err": 270.7324963519199
}