{
    "C_1173": 132760.34752701983,
    "C_1173_err": 404.92017537666203,
    "C_1332": 118341.68456222837,
    "C_1332_err": 404.49622379751304
}