{
    "C_1173": 55846.951351875105,
    "C_1173_err": 237.84586498835623,
    "C_1332": 49938.25166963039,
    "C_1332_err": 192.9145508724039
}