{
    "C_1173": 73874.9470280549,
    "C_1173_err": 263.88693443862354,
    "C_1332": 65975.96844118767,
    "C_1332_err": 261.3393045215788
}