{
    "C_1173": 64382.09732069252,
    "C_1173_err": 270.10804361331424,
    "C_1332": 57557.28786086754,
    "C_1332_err": 233.16785391796392
}