{
    "C_1173": 67380.4089273042,
    "C_1173_err": 263.80997174124394,
    "C_1332": 60295.58878660552,
    "C_1332_err": 224.6785667533016
}