{
    "FCCD": 4.329035442621075,
    "FCCD_err_up": 0.04176624694127984,
    "FCCD_err_low": 0.05499462909287001,
    "O_Am241_data": 19.956742893730443,
    "O_Am241_data_err": 0.10507992118874245,
    "a": 576.4843400224058,
    "a_err": 16.942207453547212,
    "b": 0.776935449974397,
    "b_err": 0.001501574256129878
}