{
    "FCCD": 3.8980200213659155,
    "FCCD_err_up": -0.21877778090974376,
    "FCCD_err_low": 0.30736504647899743,
    "FCCD_uncorr_err_up": -0.2506249311213078,
    "FCCD_uncorr_err_low": 0.2745919408739379,
    "FCCD_corr_err_up": -0.22847731603894283,
    "FCCD_corr_err_low": 0.2979441545579875,
    "O_Am241_data": 33.212702073826016,
    "O_Am241_data_err": 0.36837514810409805,
    "a": 571.4966570863104,
    "a_corr_err": 15.642943108704344,
    "a_uncorr_err": 5.266871085412333,
    "b": 0.7967126470728029,
    "b_corr_err": 7.418985425999836e-10,
    "b_uncorr_err": 0.0029882518214900955
}