{
    "FCCD": 4.366157627314163,
    "FCCD_err_up": 0.04196490192918567,
    "FCCD_err_low": 0.05504086616639903,
    "O_Am241_data": 19.539157174901792,
    "O_Am241_data_err": 0.10198865204161256,
    "a": 576.2024064893062,
    "a_err": 16.932953715451276,
    "b": 0.7750609977045152,
    "b_err": 0.0013039240640230004
}