{
    "FCCD": 4.402340145653437,
    "FCCD_err_up": 0.04819675881817975,
    "FCCD_err_low": 0.05043944127932054,
    "O_Am241_data": 19.26418308649713,
    "O_Am241_data_err": 0.10810958748875488,
    "a": 579.3057418953341,
    "a_err": 17.013939165554234,
    "b": 0.7731303588705879,
    "b_err": 0.0012005781139993834
}