{
    "FCCD": 3.889085122066938,
    "FCCD_err_up": 0.04414359823141467,
    "FCCD_err_low": 0.05102467008607725,
    "O_Am241_data": 28.18041947549983,
    "O_Am241_data_err": 0.139738491693658,
    "a": 580.606000589724,
    "a_err": 17.05943583991234,
    "b": 0.7779323156463555,
    "b_err": 0.002521679610116018
}