{
    "FCCD": 3.955906057936735,
    "FCCD_err_up": 0.0508596711477276,
    "FCCD_err_low": 0.06043416464370921,
    "FCCD_uncorr_err_up": 0.013199274842956132,
    "FCCD_uncorr_err_low": 0.0130654469587963,
    "FCCD_corr_err_up": 0.04911705704615354,
    "FCCD_corr_err_low": 0.059004934979625494,
    "O_Am241_data": 26.872086559797022,
    "O_Am241_data_err": 0.2738404975031682,
    "a": 578.7781019013136,
    "a_err": 16.965631435158116,
    "b": 0.7760121302096054,
    "b_err": 0.0015515200731298416
}