{
    "C_1173": 78548.28422553411,
    "C_1173_err": 305.7763890506769,
    "C_1332": 70605.64307072236,
    "C_1332_err": 219.5576427859687
}