{
    "C_1173": 56722.46948648283,
    "C_1173_err": 285.1157314648626,
    "C_1332": 51066.85069777411,
    "C_1332_err": 203.607251550091
}