{
    "C_1173": 58273.7885765222,
    "C_1173_err": 238.53104148170436,
    "C_1332": 51975.280939736695,
    "C_1332_err": 254.88197880477117
}