{
    "C_1173": 92945.51642422334,
    "C_1173_err": 299.05723848846634,
    "C_1332": 83643.622646778,
    "C_1332_err": 249.55460907921403
}