{
    "C_1173": 75081.00868189242,
    "C_1173_err": 301.7540254691785,
    "C_1332": 67579.84048503845,
    "C_1332_err": 201.456219371085
}