{
    "C_1173": 89233.95214810417,
    "C_1173_err": 314.779242508298,
    "C_1332": 80241.284191422,
    "C_1332_err": 217.82896031896215
}