{
    "C_1173": 71978.2762912345,
    "C_1173_err": 220.1219875083577,
    "C_1332": 64834.066624189596,
    "C_1332_err": 262.0328112717731
}