{
    "C_1173": 96735.33823823155,
    "C_1173_err": 295.49812604695546,
    "C_1332": 86816.76441977633,
    "C_1332_err": 304.28066463238684
}