{
    "C_1173": 57547.2574498577,
    "C_1173_err": 234.72906870574425,
    "C_1332": 51403.63202549301,
    "C_1332_err": 251.84720536536585
}