{
    "C_1173": 68594.58900542841,
    "C_1173_err": 207.68163964863746,
    "C_1332": 61761.94841621435,
    "C_1332_err": 220.372209557398
}