{
    "C_1173": 81993.27924310838,
    "C_1173_err": 283.1818154558255,
    "C_1332": 73787.78607292927,
    "C_1332_err": 211.15603488056834
}