{
    "C_1173": 72934.20922458374,
    "C_1173_err": 261.0201934134147,
    "C_1332": 65620.68880128364,
    "C_1332_err": 218.22381919023678
}