{
    "C_1173": 85492.22391364483,
    "C_1173_err": 286.36957480759946,
    "C_1332": 76926.75224191474,
    "C_1332_err": 216.9810895758947
}