{
    "C_1173": 71742.41778982426,
    "C_1173_err": 262.63301211600714,
    "C_1332": 64627.959704786976,
    "C_1332_err": 169.69392621956274
}