{
    "cuspEmax_ctc": {
        "resolution": [
            0.12485616222598331,
            0.0015670707411081048,
            2.6745632922018474e-07
        ],
        "calibration": [
            0.08303853754355509,
            0.009087368036040792
        ]
    }
}