{
    "cuspEmax_ctc": {
        "resolution": [
            0.12207171400301217,
            0.0015939450754139262,
            1.8245710902735512e-07
        ],
        "calibration": [
            0.08303830899586259,
            0.015002855042013402
        ]
    }
}