{
    "cuspEmax_ctc": {
        "resolution": [
            0.33755452177454737,
            0.0015669508089612865
        ],
        "calibration": [
            0.0834613739557316,
            0.0
        ]
    }
}