{
    "C_60": 2462615.7290735748,
    "C_60_err": 2.276919373339452e-05,
    "C_99_103": 6839.161416695184,
    "C_99_103_err": 4.158117060388113e-06,
    "O_Am241": 360.07568458057517,
    "O_Am241_err": 2.189464287839961e-07
}