{
    "C_60": 1621812.3963934432,
    "C_60_err": 1.501248461699238e-05,
    "C_99_103": 6168.616164407715,
    "C_99_103_err": 6.279429694470935e-06,
    "O_Am241": 262.9134887255808,
    "O_Am241_err": 2.6764755318903267e-07
}