{
    "C_60": 1315214.192528631,
    "C_60_err": 1.2224245966971532e-05,
    "C_99_103": 5794.974831923996,
    "C_99_103_err": 7.276515871500075e-06,
    "O_Am241": 226.95770571482626,
    "O_Am241_err": 2.8498943265249305e-07
}