{
    "C_60": 2732869.65334993,
    "C_60_err": 2.5412750590684055e-05,
    "C_99_103": 6937.680989981729,
    "C_99_103_err": 2.941316388383162e-05,
    "O_Am241": 393.91688048157533,
    "O_Am241_err": 1.6700637645736894e-06
}