{
    "C_60": 4167921.454590149,
    "C_60_err": 5.0693612771331165e-05,
    "C_99_103": 7724.115605825291,
    "C_99_103_err": 1.2413399859436345e-05,
    "O_Am241": 539.5985336427165,
    "O_Am241_err": 8.67211798745326e-07
}