{
    "C_60": 702021.7232763101,
    "C_60_err": 6.625847698495287e-06,
    "C_99_103": 4865.425923870896,
    "C_99_103_err": 2.9815987308680773e-06,
    "O_Am241": 144.28782479906442,
    "O_Am241_err": 8.84320145761004e-08
}