{
    "C_60": 1067041.2183450165,
    "C_60_err": 9.5240003083856e-06,
    "C_99_103": 5498.898476614491,
    "C_99_103_err": 2.470413402329535e-06,
    "O_Am241": 194.0463572628026,
    "O_Am241_err": 8.7193703180179e-08
}