{
    "C_60": 4595920.377512144,
    "C_60_err": 4.482749401991948e-05,
    "C_99_103": 7971.736561031465,
    "C_99_103_err": 1.2029059456882115e-05,
    "O_Am241": 576.5268762114583,
    "O_Am241_err": 8.699761836812046e-07
}