{
    "C_60": 569230.1448708031,
    "C_60_err": 5.502177015325686e-06,
    "C_99_103": 4628.972232153517,
    "C_99_103_err": 8.91626124006431e-06,
    "O_Am241": 122.9711729348574,
    "O_Am241_err": 2.368683269925986e-07
}