{
    "C_60": 3366513.310017707,
    "C_60_err": 3.146700894568824e-05,
    "C_99_103": 7381.077879418087,
    "C_99_103_err": 2.154839615249593e-06,
    "O_Am241": 456.10049982064646,
    "O_Am241_err": 1.3322268798931765e-07
}