{
    "C_60": 2219134.905636914,
    "C_60_err": 2.033680279915108e-05,
    "C_99_103": 6627.609494154454,
    "C_99_103_err": 9.49114050206515e-06,
    "O_Am241": 334.831873784083,
    "O_Am241_err": 4.79509456945705e-07
}