{
    "C_60": 632535.1991818195,
    "C_60_err": 6.296317654720055e-06,
    "C_99_103": 4739.470821624337,
    "C_99_103_err": 7.729944772855638e-06,
    "O_Am241": 133.46114428974025,
    "O_Am241_err": 2.1767545936587106e-07
}