{
    "C_60": 1460601.943069608,
    "C_60_err": 1.3026280681624827e-05,
    "C_99_103": 5995.775721986177,
    "C_99_103_err": 2.5270286958703985e-06,
    "O_Am241": 243.60516650308676,
    "O_Am241_err": 1.0269481047357098e-07
}