{
    "C_60": 779602.3285323883,
    "C_60_err": 7.197204610776692e-06,
    "C_99_103": 5052.902101080574,
    "C_99_103_err": 7.1613252473450085e-06,
    "O_Am241": 154.28803347796284,
    "O_Am241_err": 2.186724001250944e-07
}