{
    "C_60": 3757509.456080816,
    "C_60_err": 4.572480460407133e-05,
    "C_99_103": 7497.29327339323,
    "C_99_103_err": 3.3555305395763054e-06,
    "O_Am241": 501.18213588037884,
    "O_Am241_err": 2.2439477757472864e-07
}