{
    "C_60": 821139.1110222316,
    "C_60_err": 8.414060545195584e-06,
    "C_99_103": 38751.54381138366,
    "C_99_103_err": 3.676158139685737e-05,
    "O_Am241": 21.189842526506357,
    "O_Am241_err": 2.0102878107044436e-08
}