{
    "C_60": 968169.2905462715,
    "C_60_err": 1.2387552551611225e-05,
    "C_99_103": 5333.669466956305,
    "C_99_103_err": 2.2197432483752266e-06,
    "O_Am241": 181.52030165055652,
    "O_Am241_err": 7.558001893086194e-08
}