{
    "C_60": 3051662.683798045,
    "C_60_err": 3.7689879606077684e-05,
    "C_99_103": 7089.709723950288,
    "C_99_103_err": 4.695086542813756e-06,
    "O_Am241": 430.4354906786932,
    "O_Am241_err": 2.851009958725552e-07
}