{
    "C_60": 1800200.5472608313,
    "C_60_err": 1.711554275502826e-05,
    "C_99_103": 6353.64513564277,
    "C_99_103_err": 2.3713311322153585e-05,
    "O_Am241": 283.3335052286821,
    "O_Am241_err": 1.0574713057226566e-06
}