{
    "C_60": 1998457.4566889445,
    "C_60_err": 1.934528752640073e-05,
    "C_99_103": 6521.970566865234,
    "C_99_103_err": 1.1130900891287782e-05,
    "O_Am241": 306.41926948307236,
    "O_Am241_err": 5.229673066882414e-07
}