{
    "C_60": 1184255.1861870142,
    "C_60_err": 1.0155661537697425e-05,
    "C_99_103": 5586.622576526254,
    "C_99_103_err": 2.4429796642442327e-05,
    "O_Am241": 211.98052489942512,
    "O_Am241_err": 9.269734982933716e-07
}