{
    "C_60": 864955.9970412796,
    "C_60_err": 7.668371783844767e-06,
    "C_99_103": 5143.721144786369,
    "C_99_103_err": 1.441889390446319e-05,
    "O_Am241": 168.1576377673567,
    "O_Am241_err": 4.7138233123411865e-07
}