{
    "cuspEmax_ctc": {
        "resolution": [
            1.614207033478499,
            3.2947296354753004e-23,
            3.4729490911828314e-24
        ],
        "calibration": [
            0.06544573594929952,
            0.648209642771608
        ]
    }
}