{
    "cuspEmax_ctc": {
        "resolution": [
            0.7383781147670649,
            0.0005697572090115718,
            3.6520376923787183e-19
        ],
        "calibration": [
            0.06628413450083824,
            -0.13517929182831828
        ]
    }
}