{
    "C_60": 4616713.97263549,
    "C_60_err": 0.00024189967319704353,
    "C_99_103": 7963.642959682622,
    "C_99_103_err": 4.678232510601577e-08,
    "O_Am241": 579.723877126139,
    "O_Am241_err": 3.0565818494283316e-08
}