{
    "C_60": 2476495.6344446144,
    "C_60_err": 0.00013078425391263582,
    "C_99_103": 6818.082644295148,
    "C_99_103_err": 2.4367208790622018e-08,
    "O_Am241": 363.22464300381534,
    "O_Am241_err": 1.9225844679792783e-08
}