{
    "C_60": 1315064.8232736834,
    "C_60_err": 7.081240961624713e-05,
    "C_99_103": 5805.139550502801,
    "C_99_103_err": 1.2642420221558226e-08,
    "O_Am241": 226.53457541081534,
    "O_Am241_err": 1.2208199338447753e-08
}