{
    "C_60": 3755086.5784922186,
    "C_60_err": 0.00019698689285134463,
    "C_99_103": 7498.820983245467,
    "C_99_103_err": 4.691361235359577e-08,
    "O_Am241": 500.75693057377515,
    "O_Am241_err": 2.6455195305774255e-08
}