{
    "C_60": 3366200.0877138576,
    "C_60_err": 0.00018063180158022635,
    "C_99_103": 7273.518387088628,
    "C_99_103_err": 5.236589508783072e-08,
    "O_Am241": 462.80216926230213,
    "O_Am241_err": 2.5056695732106074e-08
}