{
    "C_60": 779148.574532028,
    "C_60_err": 4.2006356476883416e-05,
    "C_99_103": 5046.882414078324,
    "C_99_103_err": 1.2472489596844754e-08,
    "O_Am241": 154.38215329895266,
    "O_Am241_err": 8.331968541836916e-09
}