{
    "C_60": 2218445.9524612846,
    "C_60_err": 0.00011873907856689916,
    "C_99_103": 6565.317175212279,
    "C_99_103_err": 8.641936340348546e-05,
    "O_Am241": 337.903850378646,
    "O_Am241_err": 4.447869961163963e-06
}