{
    "C_60": 1799439.4624158316,
    "C_60_err": 9.641401475739275e-05,
    "C_99_103": 6277.205370803991,
    "C_99_103_err": 4.484511943710697e-08,
    "O_Am241": 286.6625123952823,
    "O_Am241_err": 1.549531600713483e-08
}