{
    "C_60": 1460214.128868188,
    "C_60_err": 7.837997204031277e-05,
    "C_99_103": 5984.293051552579,
    "C_99_103_err": 6.817733477602608e-05,
    "O_Am241": 244.00779111065538,
    "O_Am241_err": 2.7799416510395804e-06
}