{
    "C_60": 1192602.2504618033,
    "C_60_err": 6.291996869155214e-05,
    "C_99_103": 5665.775229253041,
    "C_99_103_err": 7.729890735811329e-09,
    "O_Am241": 210.4923337417733,
    "O_Am241_err": 1.1108983404953778e-08
}