{
    "C_60": 967534.8464861978,
    "C_60_err": 5.1052436880584876e-05,
    "C_99_103": 5284.772185413693,
    "C_99_103_err": 4.681346002643425e-05,
    "O_Am241": 183.07976437596602,
    "O_Am241_err": 1.6217821660274479e-06
}