{
    "C_60": 1621435.13212965,
    "C_60_err": 8.697095348345757e-05,
    "C_99_103": 6115.034735195391,
    "C_99_103_err": 3.603009484511808e-08,
    "O_Am241": 265.1555064433892,
    "O_Am241_err": 1.430802999168944e-08
}