{
    "C_60": 2748136.452834041,
    "C_60_err": 0.00014529834579109918,
    "C_99_103": 6912.561238886825,
    "C_99_103_err": 7.823849287297657e-05,
    "O_Am241": 397.5569051561258,
    "O_Am241_err": 4.499720347120959e-06
}