{
    "C_60": 4144081.6107600257,
    "C_60_err": 0.00022361906867360976,
    "C_99_103": 7779.966128170005,
    "C_99_103_err": 1.5026456870107082e-08,
    "O_Am241": 532.6606237725089,
    "O_Am241_err": 2.8761341995494283e-08
}