{
    "C_60": 3049853.2840940244,
    "C_60_err": 0.00016031253969300135,
    "C_99_103": 7142.647123338365,
    "C_99_103_err": 5.0681007562293956e-08,
    "O_Am241": 426.9920145052006,
    "O_Am241_err": 2.2647982899260694e-08
}