{
    "C_60": 569400.2137818795,
    "C_60_err": 3.0536884153206656e-05,
    "C_99_103": 4596.681172303048,
    "C_99_103_err": 2.7238081875305105e-08,
    "O_Am241": 123.872026890348,
    "O_Am241_err": 6.68367395499653e-09
}