{
    "C_60": 632210.8130225168,
    "C_60_err": 3.404701698726288e-05,
    "C_99_103": 4791.964510262146,
    "C_99_103_err": 5.002028138528959e-09,
    "O_Am241": 131.9314472527117,
    "O_Am241_err": 7.106357297202702e-09
}