{
    "C_60": 1066924.444052094,
    "C_60_err": 5.7139636276699185e-05,
    "C_99_103": 5477.683270833621,
    "C_99_103_err": 2.0826108882984545e-08,
    "O_Am241": 194.77658551983495,
    "O_Am241_err": 1.0457603909733053e-08
}