{
    "C_60": 701595.4599420577,
    "C_60_err": 3.789458480944752e-05,
    "C_99_103": 4915.964773777862,
    "C_99_103_err": 1.4609168582646061e-08,
    "O_Am241": 142.71775576676674,
    "O_Am241_err": 7.720132666992122e-09
}