{
    "C_60": 1998091.4069467238,
    "C_60_err": 0.00010732441333951431,
    "C_99_103": 6425.5703702267465,
    "C_99_103_err": 4.799229946078203e-08,
    "O_Am241": 310.95938443145786,
    "O_Am241_err": 1.68634098317455e-08
}