{
    "C_60": 1186736.5957924281,
    "C_60_err": 6.894730872158278e-05,
    "C_99_103": 42112.09832501542,
    "C_99_103_err": 0.00017336468176683848,
    "O_Am241": 28.18041947549983,
    "O_Am241_err": 1.1602309407288716e-07
}