{
    "C_60": 864847.3135385059,
    "C_60_err": 4.644288723715771e-05,
    "C_99_103": 5140.576629910904,
    "C_99_103_err": 3.724409785886898e-08,
    "O_Am241": 168.23935830589795,
    "O_Am241_err": 9.116422804591323e-09
}