{
    "C_60": 1188922.2621928707,
    "C_60_err": 2.660888132393832e-06,
    "C_99_103": 4765.053474163216,
    "C_99_103_err": 1.4819173223850393e-06,
    "O_Am241": 249.5086925339606,
    "O_Am241_err": 7.759846345420375e-08
}