{
    "C_60": 4289948.635608907,
    "C_60_err": 7.2186919885565415e-06,
    "C_99_103": 6992.69952376823,
    "C_99_103_err": 1.1757340611874876e-08,
    "O_Am241": 613.4896288661258,
    "O_Am241_err": 1.4593437974295028e-09
}