{
    "C_60": 5949463.56801522,
    "C_60_err": 7.808098055998858e-06,
    "C_99_103": 7790.013438968408,
    "C_99_103_err": 2.8536879722318815e-05,
    "O_Am241": 763.7295640921355,
    "O_Am241_err": 2.797743582895497e-06
}