{
    "C_60": 2015603.9037791528,
    "C_60_err": 4.004893229851356e-06,
    "C_99_103": 5664.618787677603,
    "C_99_103_err": 1.3323248536160837e-05,
    "O_Am241": 355.8233977127905,
    "O_Am241_err": 8.369010222997449e-07
}