{
    "C_60": 1319882.9012091379,
    "C_60_err": 2.927591206229596e-06,
    "C_99_103": 4911.085290967883,
    "C_99_103_err": 2.9810093631544142e-05,
    "O_Am241": 268.75584988038634,
    "O_Am241_err": 1.6313374965387521e-06
}