{
    "C_60": 1072121.518452478,
    "C_60_err": 2.9271604476107174e-06,
    "C_99_103": 4632.040002104689,
    "C_99_103_err": 3.5671644713449454e-05,
    "O_Am241": 231.45774172186154,
    "O_Am241_err": 1.7824714043940816e-06
}