{
    "C_60": 3100541.315284742,
    "C_60_err": 6.5449128970780646e-06,
    "C_99_103": 6406.773075746688,
    "C_99_103_err": 2.335116261624023e-05,
    "O_Am241": 483.94742230251137,
    "O_Am241_err": 1.763873437931758e-06
}