{
    "C_60": 2784025.239014857,
    "C_60_err": 5.403745195874804e-06,
    "C_99_103": 6197.528282258268,
    "C_99_103_err": 4.932167938417965e-05,
    "O_Am241": 449.21541495578435,
    "O_Am241_err": 3.5749831740629886e-06
}