{
    "C_60": 966145.2872524885,
    "C_60_err": 2.210229301871647e-06,
    "C_99_103": 4454.574017881653,
    "C_99_103_err": 6.085035467650894e-05,
    "O_Am241": 216.88836763608955,
    "O_Am241_err": 2.962737677712934e-06
}