{
    "C_60": 5331855.739076753,
    "C_60_err": 6.998553619894099e-06,
    "C_99_103": 7530.7566728274205,
    "C_99_103_err": 0.00010117016490644914,
    "O_Am241": 708.0106250564738,
    "O_Am241_err": 9.51160091160993e-06
}