{
    "C_60": 1629365.7170838318,
    "C_60_err": 3.7967516125763517e-06,
    "C_99_103": 5266.70686876717,
    "C_99_103_err": 4.3341153011548063e-05,
    "O_Am241": 309.3708758971113,
    "O_Am241_err": 2.5458965803913397e-06
}