{
    "C_60": 2498664.984397622,
    "C_60_err": 4.789836805536157e-06,
    "C_99_103": 6012.880117596593,
    "C_99_103_err": 2.735218465822059e-05,
    "O_Am241": 415.5521040716113,
    "O_Am241_err": 1.890318561591539e-06
}