{
    "C_60": 3451708.389678624,
    "C_60_err": 5.9783657485427966e-06,
    "C_99_103": 6607.156148168534,
    "C_99_103_err": 4.702092832742104e-05,
    "O_Am241": 522.4196783415537,
    "O_Am241_err": 3.7178868530944358e-06
}