{
    "C_60": 1465272.671967716,
    "C_60_err": 3.48524475074323e-06,
    "C_99_103": 5102.884503685066,
    "C_99_103_err": 1.7401254088194886e-05,
    "O_Am241": 287.14596046795964,
    "O_Am241_err": 9.79191480894495e-07
}