{
    "C_60": 873145.834921392,
    "C_60_err": 2.8120064601367192e-06,
    "C_99_103": 4276.321188386498,
    "C_99_103_err": 2.919748774818186e-05,
    "O_Am241": 204.18153746090326,
    "O_Am241_err": 1.3940928052373748e-06
}