{
    "C_60": 1812787.066833523,
    "C_60_err": 4.40669097005221e-06,
    "C_99_103": 5490.997299640849,
    "C_99_103_err": 5.3684753858243404e-05,
    "O_Am241": 330.13803648238775,
    "O_Am241_err": 3.227715988276592e-06
}