{
    "C_60": 6635144.435446786,
    "C_60_err": 7.40433790412387e-06,
    "C_99_103": 8007.8914132653135,
    "C_99_103_err": 6.547870949682238e-05,
    "O_Am241": 828.5757252471567,
    "O_Am241_err": 6.775075599171892e-06
}