{
    "C_60": 4780987.568213714,
    "C_60_err": 7.012970215658498e-06,
    "C_99_103": 7334.523090416811,
    "C_99_103_err": 7.634116836200649e-06,
    "O_Am241": 651.8470947975457,
    "O_Am241_err": 6.784738095845892e-07
}