{
    "C_60": 3847944.5481346664,
    "C_60_err": 6.814534525972915e-06,
    "C_99_103": 6802.889700698658,
    "C_99_103_err": 6.657261211972276e-05,
    "O_Am241": 565.6338287741872,
    "O_Am241_err": 5.535253952084746e-06
}