{
    "C_60": 2242912.3843421624,
    "C_60_err": 4.117149897849004e-06,
    "C_99_103": 5829.252729789964,
    "C_99_103_err": 2.5481829374328887e-05,
    "O_Am241": 384.7684237260678,
    "O_Am241_err": 1.6819658781216285e-06
}