{
    "C_60": 7396303.242145249,
    "C_60_err": 7.536534590603383e-06,
    "C_99_103": 8287.559384094444,
    "C_99_103_err": 3.646016778229976e-05,
    "O_Am241": 892.4585513486996,
    "O_Am241_err": 3.926269229051325e-06
}