{
    "C_60": 2102.2688620825797,
    "C_60_err": 2.185727056465414e-07,
    "C_99_103": 7062.043368645986,
    "C_99_103_err": 1.1323136249908206e-05,
    "O_Am241": 0.2976856346445307,
    "O_Am241_err": 4.783054959752128e-10
}