{
    "C_1173": 77810.35672791325,
    "C_1173_err": 333.46739462556843,
    "C_1332": 70132.83669443137,
    "C_1332_err": 214.2982426473788
}