{
    "C_1173": 31396.234290319753,
    "C_1173_err": 172.37202886689417,
    "C_1332": 28172.422603279934,
    "C_1332_err": 135.97769416637857
}