{
    "C_1173": 74393.09305587197,
    "C_1173_err": 294.11990687423054,
    "C_1332": 67097.63821270475,
    "C_1332_err": 186.73545799788883
}