{
    "C_1173": 31394.10225626485,
    "C_1173_err": 183.0477977697029,
    "C_1332": 28167.39685534997,
    "C_1332_err": 145.06741836145525
}