{
    "C_1173": 58869.83932112271,
    "C_1173_err": 261.7663108985602,
    "C_1332": 53000.70678369361,
    "C_1332_err": 186.78603204623224
}