{
    "C_1173": 31080.852288007933,
    "C_1173_err": 180.32632946703887,
    "C_1332": 27887.016014835215,
    "C_1332_err": 146.1735995768848
}