{
    "C_1173": 85087.32998071332,
    "C_1173_err": 296.2641529592619,
    "C_1332": 76516.7064876621,
    "C_1332_err": 309.43621310712626
}