{
    "C_1173": 96667.4643233235,
    "C_1173_err": 290.3308513263237,
    "C_1332": 86770.65295499846,
    "C_1332_err": 257.20632639705866
}