{
    "C_1173": 31082.49700824129,
    "C_1173_err": 170.08740385711926,
    "C_1332": 27893.875819468958,
    "C_1332_err": 137.2486415167309
}