{
    "C_1173": 100743.68500890987,
    "C_1173_err": 383.004750256274,
    "C_1332": 90399.7147145306,
    "C_1332_err": 248.90401942112138
}