{
    "C_1173": 81455.96290568961,
    "C_1173_err": 320.59846470421246,
    "C_1332": 73256.39286396967,
    "C_1332_err": 146.7777456423267
}