{
    "C_1173": 71095.55076111278,
    "C_1173_err": 283.69574823627653,
    "C_1332": 64116.62196682409,
    "C_1332_err": 190.60669600260954
}