{
    "C_1173": 77963.65237179013,
    "C_1173_err": 253.02872810473698,
    "C_1332": 70258.51302937909,
    "C_1332_err": 214.4698553225894
}