{
    "C_1173": 88709.81606587229,
    "C_1173_err": 302.986039578293,
    "C_1332": 79823.56197330261,
    "C_1332_err": 293.9356072004958
}