{
    "C_1173": 92610.7921147559,
    "C_1173_err": 331.5591549566246,
    "C_1332": 83248.32842380379,
    "C_1332_err": 288.30849958718665
}