{
    "C_60": 3387266.2713928903,
    "C_60_err": 0.0012679609010184459,
    "C_99_103": 7241.328806129525,
    "C_99_103_err": 7.232558065021424e-05,
    "O_Am241": 467.7686046414148,
    "O_Am241_err": 4.6753005120500115e-06
}