{
    "C_60": 3758009.1533921943,
    "C_60_err": 0.001470264849973077,
    "C_99_103": 7476.027028034201,
    "C_99_103_err": 6.781364184170578e-05,
    "O_Am241": 502.67463444154396,
    "O_Am241_err": 4.56390672555262e-06
}