{
    "C_60": 1800442.2920510725,
    "C_60_err": 0.0006916553497647582,
    "C_99_103": 6284.230767665484,
    "C_99_103_err": 4.4563957174639076e-05,
    "O_Am241": 286.5016194686808,
    "O_Am241_err": 2.0346748869856617e-06
}