{
    "C_60": 4591562.8795348555,
    "C_60_err": 0.0017684100808604969,
    "C_99_103": 7951.326427677927,
    "C_99_103_err": 5.348750624797162e-05,
    "O_Am241": 577.458732363445,
    "O_Am241_err": 3.8908490476538e-06
}