{
    "C_60": 1998798.9533849598,
    "C_60_err": 0.0007676181794797135,
    "C_99_103": 6462.935015047598,
    "C_99_103_err": 4.636859561465497e-05,
    "O_Am241": 309.27108948661447,
    "O_Am241_err": 2.2220548301472013e-06
}