{
    "C_60": 1194450.1821932562,
    "C_60_err": 0.0004591670796074039,
    "C_99_103": 5581.349122260841,
    "C_99_103_err": 6.202572701492441e-05,
    "O_Am241": 214.00743010847876,
    "O_Am241_err": 2.3796944832606166e-06
}