{
    "C_60": 3052995.8632035144,
    "C_60_err": 0.001242230661393194,
    "C_99_103": 7228.189286259958,
    "C_99_103_err": 4.725917021970383e-05,
    "O_Am241": 422.3735353758575,
    "O_Am241_err": 2.7668947803200627e-06
}