{
    "C_60": 1325769.437018712,
    "C_60_err": 0.0005297878577404692,
    "C_99_103": 5762.556917168718,
    "C_99_103_err": 6.749629143870634e-05,
    "O_Am241": 230.06617653853806,
    "O_Am241_err": 2.696311490095657e-06
}