{
    "C_60": 2234281.93656193,
    "C_60_err": 0.0008660235232249916,
    "C_99_103": 6612.626104142219,
    "C_99_103_err": 4.071638108691804e-05,
    "O_Am241": 337.8811838707094,
    "O_Am241_err": 2.0845772943936094e-06
}