{
    "C_60": 865448.4943301594,
    "C_60_err": 0.00035959728104230024,
    "C_99_103": 5204.606057507529,
    "C_99_103_err": 3.30203009674842e-05,
    "O_Am241": 166.28511068225214,
    "O_Am241_err": 1.0572456290429493e-06
}