{
    "C_60": 702732.6599153425,
    "C_60_err": 0.000246554464911463,
    "C_99_103": 4957.978863956537,
    "C_99_103_err": 3.1047341425220774e-05,
    "O_Am241": 141.73772805367548,
    "O_Am241_err": 8.889673166420993e-07
}