{
    "C_60": 1472328.7128599896,
    "C_60_err": 0.0005728724004129895,
    "C_99_103": 5910.956268059177,
    "C_99_103_err": 5.2829648956830146e-05,
    "O_Am241": 249.08469054592055,
    "O_Am241_err": 2.228323152230765e-06
}