{
    "C_60": 1634973.430914387,
    "C_60_err": 0.0006435964396674966,
    "C_99_103": 6112.926794192852,
    "C_99_103_err": 9.063436695992234e-05,
    "O_Am241": 267.4616408734972,
    "O_Am241_err": 3.966963691278384e-06
}