{
    "C_60": 4169092.8895169594,
    "C_60_err": 0.0016740151080973237,
    "C_99_103": 7765.912336274567,
    "C_99_103_err": 4.7996960451681436e-05,
    "O_Am241": 536.845216503814,
    "O_Am241_err": 3.324948645545561e-06
}