{
    "C_60": 961382.2755149179,
    "C_60_err": 0.0003730287266377752,
    "C_99_103": 5270.87141266442,
    "C_99_103_err": 4.657707704440353e-05,
    "O_Am241": 182.3953195300851,
    "O_Am241_err": 1.6133246199769643e-06
}