{
    "C_60": 632688.8247042776,
    "C_60_err": 0.00024672825663460234,
    "C_99_103": 4730.128718585626,
    "C_99_103_err": 3.14408084789324e-05,
    "O_Am241": 133.75721092289012,
    "O_Am241_err": 8.906028826818915e-07
}