{
    "C_60": 2478926.2610402866,
    "C_60_err": 0.0009884685908291557,
    "C_99_103": 6837.101599347664,
    "C_99_103_err": 4.146804091325483e-05,
    "O_Am241": 362.5697563535993,
    "O_Am241_err": 2.2037869847851015e-06
}