{
    "C_60": 340299.0796537015,
    "C_60_err": 0.0003134232223443549,
    "C_99_103": 13176.590732761379,
    "C_99_103_err": 6.0692563668065126e-05,
    "O_Am241": 25.8260339533507,
    "O_Am241_err": 1.2131186356579869e-07
}