{
    "C_60": 1076114.6999371704,
    "C_60_err": 0.0004027758496815727,
    "C_99_103": 5500.481047164726,
    "C_99_103_err": 3.816620849061156e-05,
    "O_Am241": 195.64010687608197,
    "O_Am241_err": 1.3594622738193444e-06
}