{
    "C_60": 779571.5449989245,
    "C_60_err": 0.00028492409635733074,
    "C_99_103": 5086.637185895823,
    "C_99_103_err": 2.8211723872360224e-05,
    "O_Am241": 153.25872801789615,
    "O_Am241_err": 8.518537094466583e-07
}