{
    "C_60": 2733122.9499437623,
    "C_60_err": 0.00104648712741795,
    "C_99_103": 6976.887163500954,
    "C_99_103_err": 4.657585080132549e-05,
    "O_Am241": 391.73959473529743,
    "O_Am241_err": 2.6194477254152758e-06
}