{
    "C_60": 569344.9683857934,
    "C_60_err": 0.00022073663094025926,
    "C_99_103": 4570.089585437527,
    "C_99_103_err": 6.347144652088125e-05,
    "O_Am241": 124.58070191884127,
    "O_Am241_err": 1.7309064947175522e-06
}