{
    "C_60": 5407572.590761637,
    "C_60_err": 15086.418593950008,
    "C_99_103": 7674.915839140738,
    "C_99_103_err": 99.13519713452129,
    "O_Am241": 704.5774447693558,
    "O_Am241_err": 9.310733447137878
}