{
    "C_60": 3142612.8995191506,
    "C_60_err": 8942.423524684573,
    "C_99_103": 6509.024551956501,
    "C_99_103_err": 83.7076190199323,
    "O_Am241": 482.80857975478597,
    "O_Am241_err": 6.3592114863735905
}