{
    "C_60": 1206297.228162364,
    "C_60_err": 4358.894305642099,
    "C_99_103": 4819.434674432171,
    "C_99_103_err": 57.964532666878156,
    "O_Am241": 250.29849134836357,
    "O_Am241_err": 3.143331487431973
}