{
    "C_60": 3501236.990202164,
    "C_60_err": 9747.344159761424,
    "C_99_103": 6711.170855840481,
    "C_99_103_err": 87.74836430669518,
    "O_Am241": 521.7028541532612,
    "O_Am241_err": 6.974161613345874
}