{
    "C_60": 6030369.078910342,
    "C_60_err": 15079.145911149639,
    "C_99_103": 7936.729804013765,
    "C_99_103_err": 90.77646071221416,
    "O_Am241": 759.8052633542675,
    "O_Am241_err": 8.895545054477841
}