{
    "C_60": 2275265.700223716,
    "C_60_err": 6680.411929709546,
    "C_99_103": 5874.390921150683,
    "C_99_103_err": 90.97452670466109,
    "O_Am241": 387.3194226880008,
    "O_Am241_err": 6.105122881618854
}