{
    "C_60": 1338153.2875499486,
    "C_60_err": 4540.40139829088,
    "C_99_103": 4982.46876066569,
    "C_99_103_err": 77.14427516824531,
    "O_Am241": 268.5723386996535,
    "O_Am241_err": 4.257023210527977
}