{
    "C_60": 2821488.0342307645,
    "C_60_err": 8165.35140493384,
    "C_99_103": 6323.02745227541,
    "C_99_103_err": 98.18603299680899,
    "O_Am241": 446.2242265317734,
    "O_Am241_err": 7.048423182691057
}