{
    "C_60": 4349499.326751725,
    "C_60_err": 11812.49351461222,
    "C_99_103": 7183.682499843528,
    "C_99_103_err": 84.93670762406593,
    "O_Am241": 605.4693156116607,
    "O_Am241_err": 7.345226646362595
}