{
    "C_60": 3901777.160748,
    "C_60_err": 11068.111358916682,
    "C_99_103": 6928.952211852336,
    "C_99_103_err": 95.56013895195187,
    "O_Am241": 563.1121476164615,
    "O_Am241_err": 7.928695822211608
}