{
    "C_60": 7479381.754889319,
    "C_60_err": 18346.56712014008,
    "C_99_103": 8449.495176030312,
    "C_99_103_err": 75.82942884341522,
    "O_Am241": 885.1868187471093,
    "O_Am241_err": 8.235445544553603
}