{
    "C_60": 1651932.4847140373,
    "C_60_err": 5781.0102980828,
    "C_99_103": 5338.396974263367,
    "C_99_103_err": 71.73500883875279,
    "O_Am241": 309.4435450713149,
    "O_Am241_err": 4.296863156446886
}