{
    "V02160A": {
        "FCCD": {
            "Central": 0.6433023626153962,
            "ErrPos": 0.05380868316876142,
            "ErrNeg": 0.05481736382541136
        },
        "ActiveVolume": {
            "Central": 302.66665674771184,
            "ErrPos": 1.3528388437555918,
            "ErrNeg": 1.3241271181865955
        },
        "AV/Volume": {
            "Central": 0.9494188593296831,
            "ErrPos": 0.00424364786559861,
            "ErrNeg": 0.004153583588178744
        }
    },
    "V02160B": {
        "FCCD": {
            "Central": 0.6263849826894432,
            "ErrPos": 0.0758241991728956,
            "ErrNeg": 0.07918730987555571
        },
        "ActiveVolume": {
            "Central": 294.62209700644297,
            "ErrPos": 1.9677383160195632,
            "ErrNeg": 1.8762406456765461
        },
        "AV/Volume": {
            "Central": 0.9491085001305599,
            "ErrPos": 0.006338958213734758,
            "ErrNeg": 0.006044203619469557
        }
    },
    "V02162B": {
        "FCCD": {
            "Central": 0.6814413336881966,
            "ErrPos": 0.05357322446438928,
            "ErrNeg": 0.053868217754815984
        },
        "ActiveVolume": {
            "Central": 424.1570669616843,
            "ErrPos": 1.7062595959325222,
            "ErrNeg": 1.6927541878760053
        },
        "AV/Volume": {
            "Central": 0.9509128093840181,
            "ErrPos": 0.003825243600275141,
            "ErrNeg": 0.0037949659825782245
        }
    },
    "V02166B": {
        "FCCD": {
            "Central": 0.6713280633969111,
            "ErrPos": 0.07562143740065122,
            "ErrNeg": 0.07970516720191974
        },
        "ActiveVolume": {
            "Central": 453.2703636647388,
            "ErrPos": 2.6535697753776617,
            "ErrNeg": 2.5088136121650564
        },
        "AV/Volume": {
            "Central": 0.9524093041723786,
            "ErrPos": 0.00557566685566413,
            "ErrNeg": 0.005271505966861878
        }
    },
    "V04199A": {
        "FCCD": {
            "Central": 1.1063229828364851,
            "ErrPos": 0.07128047204974255,
            "ErrNeg": 0.08335603393043688
        },
        "ActiveVolume": {
            "Central": 512.5899238683326,
            "ErrPos": 2.8983135780759994,
            "ErrNeg": 2.4696741451127764
        },
        "AV/Volume": {
            "Central": 0.9455120335809655,
            "ErrPos": 0.005346165106955736,
            "ErrNeg": 0.004555506291668232
        }
    },
    "V04545A": {
        "FCCD": {
            "Central": 0.9507059673564382,
            "ErrPos": 0.07405373698675459,
            "ErrNeg": 0.07929256741265549
        },
        "ActiveVolume": {
            "Central": 530.404298366153,
            "ErrPos": 2.931334247002269,
            "ErrNeg": 2.7287481265768747
        },
        "AV/Volume": {
            "Central": 0.9367693440124746,
            "ErrPos": 0.00517715272689967,
            "ErrNeg": 0.004819356857368562
        }
    },
    "V04549A": {
        "FCCD": {
            "Central": 1.086303360578714,
            "ErrPos": 0.07839166514542917,
            "ErrNeg": 0.08365484522150839
        },
        "ActiveVolume": {
            "Central": 321.6701340787553,
            "ErrPos": 2.215878809234198,
            "ErrNeg": 2.0678996353931893
        },
        "AV/Volume": {
            "Central": 0.9159525278055151,
            "ErrPos": 0.006309693010330353,
            "ErrNeg": 0.005888323775258386
        }
    },
    "V04549B": {
        "FCCD": {
            "Central": 1.1417905032067655,
            "ErrPos": 0.07372724921002861,
            "ErrNeg": 0.08207521465416744
        },
        "ActiveVolume": {
            "Central": 268.5780845870899,
            "ErrPos": 1.8021207281631177,
            "ErrNeg": 1.611801933388449
        },
        "AV/Volume": {
            "Central": 0.9309993604003416,
            "ErrPos": 0.006246873224460825,
            "ErrNeg": 0.005587151950181224
        }
    },
    "V05261A": {
        "FCCD": {
            "Central": 0.897876713396995,
            "ErrPos": 0.05017094254389587,
            "ErrNeg": 0.0551680559414629
        },
        "ActiveVolume": {
            "Central": 305.06766717493286,
            "ErrPos": 1.346317436692118,
            "ErrNeg": 1.2207524424733833
        },
        "AV/Volume": {
            "Central": 0.9371899312620577,
            "ErrPos": 0.004135984510042712,
            "ErrNeg": 0.003750239768915198
        }
    },
    "V05261B": {
        "FCCD": {
            "Central": 1.0815085160357758,
            "ErrPos": 0.07223629763906353,
            "ErrNeg": 0.08150362232496756
        },
        "ActiveVolume": {
            "Central": 401.6025001961136,
            "ErrPos": 2.515962011436045,
            "ErrNeg": 2.2223272610310687
        },
        "AV/Volume": {
            "Central": 0.9262327431047808,
            "ErrPos": 0.005802669042801911,
            "ErrNeg": 0.005125446863642913
        }
    },
    "V05266A": {
        "FCCD": {
            "Central": 0.9548525926138625,
            "ErrPos": 0.07581589703621038,
            "ErrNeg": 0.07908508393691585
        },
        "ActiveVolume": {
            "Central": 348.62506343298367,
            "ErrPos": 2.1639555908132593,
            "ErrNeg": 2.066336780555673
        },
        "AV/Volume": {
            "Central": 0.9288280652038922,
            "ErrPos": 0.005765341897137066,
            "ErrNeg": 0.005505259934680762
        }
    },
    "V05266B": {
        "FCCD": {
            "Central": 0.9356589503018045,
            "ErrPos": 0.0758633605785103,
            "ErrNeg": 0.07900421635510117
        },
        "ActiveVolume": {
            "Central": 334.4427478271953,
            "ErrPos": 2.1202007989520553,
            "ErrNeg": 2.0278474408316924
        },
        "AV/Volume": {
            "Central": 0.9287302821046781,
            "ErrPos": 0.005887688397856139,
            "ErrNeg": 0.005631227879882017
        }
    },
    "V05267A": {
        "FCCD": {
            "Central": 1.1295611121720899,
            "ErrPos": 0.054435093963911774,
            "ErrNeg": 0.05478623691216589
        },
        "ActiveVolume": {
            "Central": 360.79517255238187,
            "ErrPos": 1.4859772316635826,
            "ErrNeg": 1.4724799099149095
        },
        "AV/Volume": {
            "Central": 0.9198058015957048,
            "ErrPos": 0.0037883280672910136,
            "ErrNeg": 0.0037539181976616876
        }
    },
    "V05267B": {
        "FCCD": {
            "Central": 0.9272812942061002,
            "ErrPos": 0.07467536393734232,
            "ErrNeg": 0.07807888528625272
        },
        "ActiveVolume": {
            "Central": 399.481569499971,
            "ErrPos": 2.358465106799713,
            "ErrNeg": 2.247739750157905
        },
        "AV/Volume": {
            "Central": 0.936935298019151,
            "ErrPos": 0.005531492255007153,
            "ErrNeg": 0.005271799435752955
        }
    },
    "V05268A": {
        "FCCD": {
            "Central": 0.9882033668396834,
            "ErrPos": 0.07246218367737625,
            "ErrNeg": 0.08079439303267144
        },
        "ActiveVolume": {
            "Central": 387.58270286412437,
            "ErrPos": 2.356130044908525,
            "ErrNeg": 2.1054172947156644
        },
        "AV/Volume": {
            "Central": 0.9338625670026084,
            "ErrPos": 0.005676986190742417,
            "ErrNeg": 0.0050729054339252455
        }
    },
    "V05268B": {
        "FCCD": {
            "Central": 0.8499295696406748,
            "ErrPos": 0.04934752500472395,
            "ErrNeg": 0.056115692198460465
        },
        "ActiveVolume": {
            "Central": 306.03494541016056,
            "ErrPos": 1.3943553911745425,
            "ErrNeg": 1.222821138103086
        },
        "AV/Volume": {
            "Central": 0.9446332484609288,