{
    "C_60": 1688663.465917765,
    "C_60_err": 1.7409260902670476e-05,
    "C_99_103": 5334.9681972512235,
    "C_99_103_err": 1.694527297964518e-05,
    "O_Am241": 316.52737251326596,
    "O_Am241_err": 1.005380123702247e-06
}