{
    "C_60": 1193103.411037983,
    "C_60_err": 1.2243882154625713e-05,
    "C_99_103": 4768.429821033076,
    "C_99_103_err": 1.790898121941812e-05,
    "O_Am241": 250.20886451454538,
    "O_Am241_err": 9.397228755193115e-07
}