{
    "C_60": 1470723.0179969384,
    "C_60_err": 1.467798030536406e-05,
    "C_99_103": 5063.8341921159545,
    "C_99_103_err": 3.436147191231875e-05,
    "O_Am241": 290.43664586939957,
    "O_Am241_err": 1.9708073101618293e-06
}