{
    "C_60": 2507712.2167052575,
    "C_60_err": 2.4305471833111283e-05,
    "C_99_103": 6008.6048779574385,
    "C_99_103_err": 1.9184900278145745e-06,
    "O_Am241": 417.35349014291114,
    "O_Am241_err": 1.3331835679354006e-07
}