{
    "C_60": 1634523.343669799,
    "C_60_err": 1.630956531608989e-05,
    "C_99_103": 5271.723789836961,
    "C_99_103_err": 1.3011290024270097e-05,
    "O_Am241": 310.0548148635742,
    "O_Am241_err": 7.652612785797704e-07
}