{
    "C_60": 1618061.0784936908,
    "C_60_err": 1.5803254281377202e-05,
    "C_99_103": 5255.014596919197,
    "C_99_103_err": 2.227809849676431e-05,
    "O_Am241": 307.9080083701946,
    "O_Am241_err": 1.305348066262417e-06
}