{
    "C_60": 4157440.1085299747,
    "C_60_err": 6.334778907235786e-05,
    "C_99_103": 13530.732356599721,
    "C_99_103_err": 7.814814393149872e-06,
    "O_Am241": 307.25906026085505,
    "O_Am241_err": 1.7752239415542117e-07
}