{
    "C_60": 1819339.6112484736,
    "C_60_err": 1.841158991743204e-05,
    "C_99_103": 5484.114480604588,
    "C_99_103_err": 2.949434857164209e-06,
    "O_Am241": 331.7471977805801,
    "O_Am241_err": 1.7844995038220712e-07
}