{
    "C_60": 4306515.329338168,
    "C_60_err": 4.0286060736232504e-05,
    "C_99_103": 7083.717681546245,
    "C_99_103_err": 9.113255355356739e-06,
    "O_Am241": 607.9456470374373,
    "O_Am241_err": 7.82147261972888e-07
}