{
    "C_60": 3862349.4830031823,
    "C_60_err": 3.6338654252673214e-05,
    "C_99_103": 6821.129726041042,
    "C_99_103_err": 1.1632328967864667e-05,
    "O_Am241": 566.2331077296305,
    "O_Am241_err": 9.65633302175935e-07
}