{
    "C_60": 1075438.200751257,
    "C_60_err": 1.166009735217334e-05,
    "C_99_103": 4635.932653229835,
    "C_99_103_err": 5.548045531415384e-06,
    "O_Am241": 231.97882307500814,
    "O_Am241_err": 2.776317057272388e-07
}