{
    "C_60": 3468636.7322378885,
    "C_60_err": 3.409399522300016e-05,
    "C_99_103": 6615.896134194116,
    "C_99_103_err": 1.808282168696876e-05,
    "O_Am241": 524.2882690238008,
    "O_Am241_err": 1.4330141212796367e-06
}