{
    "C_60": 971026.3882248962,
    "C_60_err": 1.0570228660636977e-05,
    "C_99_103": 4437.958376828274,
    "C_99_103_err": 1.0289440831342085e-05,
    "O_Am241": 218.80024681954558,
    "O_Am241_err": 5.072956563289519e-07
}