{
    "C_60": 2791968.05110901,
    "C_60_err": 2.6838751287618437e-05,
    "C_99_103": 6215.7325306258235,
    "C_99_103_err": 3.816008373747251e-06,
    "O_Am241": 449.17763712524226,
    "O_Am241_err": 2.757962513893585e-07
}