{
    "C_60": 4803551.461453754,
    "C_60_err": 4.519512969640427e-05,
    "C_99_103": 7331.925205751768,
    "C_99_103_err": 3.5497666404043875e-05,
    "O_Am241": 655.1555460065866,
    "O_Am241_err": 3.171955015474997e-06
}