{
    "C_60": 4651428.764843375,
    "C_60_err": 0.03183107457680023,
    "C_99_103": 8044.238124357736,
    "C_99_103_err": 5.6932438163871894e-05,
    "O_Am241": 578.231113119212,
    "O_Am241_err": 5.692580728729958e-06
}