{
    "C_60": 1460496.721885163,
    "C_60_err": 0.00836897654415747,
    "C_99_103": 5932.37822991384,
    "C_99_103_err": 1.1196942325380208e-08,
    "O_Am241": 246.1907628412248,
    "O_Am241_err": 1.4107288297871189e-06
}