{
    "C_60": 4648075.3359155515,
    "C_60_err": 0.03069367808342882,
    "C_99_103": 8072.628930439405,
    "C_99_103_err": 3.5270159457253126e-09,
    "O_Am241": 575.7821121182824,
    "O_Am241_err": 3.8021911343991397e-06
}