{
    "C_60": 4664337.523032874,
    "C_60_err": 0.030936719526977186,
    "C_99_103": 8157.929376061764,
    "C_99_103_err": 2.588724073395354e-09,
    "O_Am241": 571.7550750953645,
    "O_Am241_err": 3.7922269409641206e-06
}