{
    "C_60": 4650885.077807368,
    "C_60_err": 0.03074802618561634,
    "C_99_103": 8137.025592152357,
    "C_99_103_err": 2.667338776389435e-09,
    "O_Am241": 571.5706587297514,
    "O_Am241_err": 3.778779589075783e-06
}