{
    "C_60": 960372.1328532744,
    "C_60_err": 0.006343239466226613,
    "C_99_103": 5316.707864059109,
    "C_99_103_err": 1.2141921503008168e-08,
    "O_Am241": 180.63285728850747,
    "O_Am241_err": 1.19307661951317e-06
}