{
    "C_60": 2461508.643799243,
    "C_60_err": 0.01437046563687261,
    "C_99_103": 6749.018124172568,
    "C_99_103_err": 6.996850635832686e-05,
    "O_Am241": 364.7210006716384,
    "O_Am241_err": 4.339447158016948e-06
}