{
    "C_60": 2217967.281952821,
    "C_60_err": 0.014704040883275482,
    "C_99_103": 6617.724556906803,
    "C_99_103_err": 4.802423509292167e-05,
    "O_Am241": 335.1555754368724,
    "O_Am241_err": 3.294311324321231e-06
}