{
    "C_60": 3031606.3544926164,
    "C_60_err": 0.01864694938114475,
    "C_99_103": 7178.930153817417,
    "C_99_103_err": 4.992104905419037e-09,
    "O_Am241": 422.292220363859,
    "O_Am241_err": 2.597455205828423e-06
}