{
    "C_60": 1622171.190080173,
    "C_60_err": 0.00975441472234273,
    "C_99_103": 6125.279477771029,
    "C_99_103_err": 1.1940145467739306e-08,
    "O_Am241": 264.8321918970588,
    "O_Am241_err": 1.5924849258363074e-06
}