{
    "C_60": 4645096.7543073,
    "C_60_err": 0.029929639062382662,
    "C_99_103": 8008.7835452908075,
    "C_99_103_err": 3.2367522491121166e-09,
    "O_Am241": 580.0002869397854,
    "O_Am241_err": 3.737101764831458e-06
}