{
    "C_60": 864859.2626966821,
    "C_60_err": 0.004390594443477447,
    "C_99_103": 5190.08488443461,
    "C_99_103_err": 7.591747209359113e-05,
    "O_Am241": 166.63682424355895,
    "O_Am241_err": 2.5800924782857395e-06
}