{
    "C_60": 4649993.2368201325,
    "C_60_err": 0.02993825173371434,
    "C_99_103": 8027.370000919254,
    "C_99_103_err": 0.0001125494251684226,
    "O_Am241": 579.2673361621102,
    "O_Am241_err": 8.937112563731884e-06
}