{
    "C_60": 2749296.262609136,
    "C_60_err": 0.02420233445462827,
    "C_99_103": 6979.353135887205,
    "C_99_103_err": 1.0963082063427624e-08,
    "O_Am241": 393.91849202650343,
    "O_Am241_err": 3.467704580740409e-06
}