{
    "C_60": 4618431.038906042,
    "C_60_err": 0.04327248409247808,
    "C_99_103": 7971.391132834602,
    "C_99_103_err": 6.173580653040177e-05,
    "O_Am241": 579.375790491884,
    "O_Am241_err": 7.042880569944706e-06
}