{
    "C_60": 4666059.537404506,
    "C_60_err": 0.03988928909035572,
    "C_99_103": 8047.462416511619,
    "C_99_103_err": 1.1633779768836403e-08,
    "O_Am241": 579.8174997165293,
    "O_Am241_err": 4.956753768598805e-06
}