{
    "C_60": 1811786.9416623807,
    "C_60_err": 0.015363764684548364,
    "C_99_103": 6291.031933211478,
    "C_99_103_err": 7.050359371620585e-05,
    "O_Am241": 287.9951907568033,
    "O_Am241_err": 4.047387724079138e-06
}