{
    "C_60": 4656373.909364163,
    "C_60_err": 0.03238879329718891,
    "C_99_103": 8156.817112830733,
    "C_99_103_err": 8.213603417664039e-05,
    "O_Am241": 570.856725724505,
    "O_Am241_err": 6.986417105991913e-06
}