{
    "C_60": 632234.2495186209,
    "C_60_err": 0.003757173830660765,
    "C_99_103": 4786.846848213438,
    "C_99_103_err": 4.4922304944324906e-05,
    "O_Am241": 132.07739239758325,
    "O_Am241_err": 1.4670997648951504e-06
}