{
    "C_60": 4623098.898497329,
    "C_60_err": 0.03627757472338011,
    "C_99_103": 8135.599958626542,
    "C_99_103_err": 0.00010124094313413012,
    "O_Am241": 568.2554356172897,
    "O_Am241_err": 8.359994420066939e-06
}