{
    "C_60": 702287.9029666309,
    "C_60_err": 0.004754109315592281,
    "C_99_103": 4845.12683031051,
    "C_99_103_err": 1.2231266282938e-09,
    "O_Am241": 144.94726919700125,
    "O_Am241_err": 9.812146276867032e-07
}