{
    "C_60": 1066633.4163558437,
    "C_60_err": 0.006091816511186732,
    "C_99_103": 5451.30468474104,
    "C_99_103_err": 1.492629885827218e-09,
    "O_Am241": 195.66571271304997,
    "O_Am241_err": 1.1174969792533379e-06
}