{
    "C_60": 4659163.186739052,
    "C_60_err": 0.031579461915569595,
    "C_99_103": 8155.33810117922,
    "C_99_103_err": 7.086887442075176e-05,
    "O_Am241": 571.302272074454,
    "O_Am241_err": 6.296109169644274e-06
}