{
    "C_60": 3365250.005903554,
    "C_60_err": 0.021073303679228772,
    "C_99_103": 7346.3470046600905,
    "C_99_103_err": 3.919218546124139e-05,
    "O_Am241": 458.0848146390087,
    "O_Am241_err": 3.768410585684909e-06
}