{
    "C_60": 4649204.693492283,
    "C_60_err": 0.030177346160789043,
    "C_99_103": 8036.1077515091265,
    "C_99_103_err": 2.9631064637018463e-08,
    "O_Am241": 578.5393672227943,
    "O_Am241_err": 3.755219810763287e-06
}