{
    "C_60": 4661557.011751585,
    "C_60_err": 0.03390753404454827,
    "C_99_103": 8158.521998732081,
    "C_99_103_err": 5.8498288528324355e-05,
    "O_Am241": 571.3727330116949,
    "O_Am241_err": 5.83586604909747e-06
}