{
    "C_60": 4648516.473097971,
    "C_60_err": 0.029197754431535827,
    "C_99_103": 8057.768646851891,
    "C_99_103_err": 9.344799970696892e-05,
    "O_Am241": 576.8987267851269,
    "O_Am241_err": 7.608689114128437e-06
}