{
    "C_60": 4652585.283839969,
    "C_60_err": 0.031286394056362354,
    "C_99_103": 8099.281269074259,
    "C_99_103_err": 4.236922538153711e-05,
    "O_Am241": 574.4442166251322,
    "O_Am241_err": 4.8940806574139415e-06
}