{
    "C_60": 779214.7407833219,
    "C_60_err": 0.005421370691962579,
    "C_99_103": 5040.80444172876,
    "C_99_103_err": 4.003324740563523e-09,
    "O_Am241": 154.58142639552344,
    "O_Am241_err": 1.0754971334343244e-06
}