{
    "C_60": 4647058.699213552,
    "C_60_err": 0.029686805735575916,
    "C_99_103": 8022.46385129324,
    "C_99_103_err": 0.0001181572198694608,
    "O_Am241": 579.2557978886294,
    "O_Am241_err": 9.299411493142175e-06
}