{
    "C_60": 568992.5348495558,
    "C_60_err": 0.0038082084832202767,
    "C_99_103": 4586.9160994460135,
    "C_99_103_err": 4.984682370765922e-05,
    "O_Am241": 124.04685904725314,
    "O_Am241_err": 1.583191657239618e-06
}