{
    "C_60": 1997240.4864725117,
    "C_60_err": 0.011941218954305555,
    "C_99_103": 6439.681509094157,
    "C_99_103_err": 5.320472810464161e-05,
    "O_Am241": 310.1458486187549,
    "O_Am241_err": 3.1629950490821755e-06
}