{
    "C_60": 4651563.327323865,
    "C_60_err": 0.031350889293575435,
    "C_99_103": 8130.001451959971,
    "C_99_103_err": 5.185806866953502e-05,
    "O_Am241": 572.1479085594101,
    "O_Am241_err": 5.309345358817212e-06
}