{
    "C_60": 4166057.6246449794,
    "C_60_err": 0.035172225630031306,
    "C_99_103": 7762.768768383556,
    "C_99_103_err": 2.886797416509681e-08,
    "O_Am241": 536.6716115018945,
    "O_Am241_err": 4.530887121791912e-06
}