{
    "C_60": 4668027.959594772,
    "C_60_err": 0.030432280791270472,
    "C_99_103": 8194.265517881613,
    "C_99_103_err": 7.781342113130428e-05,
    "O_Am241": 569.6700881132241,
    "O_Am241_err": 6.5617703697791305e-06
}