{
    "C_60": 3755174.900517853,
    "C_60_err": 0.0329830864239522,
    "C_99_103": 7511.684583723383,
    "C_99_103_err": 1.7753328129860486e-08,
    "O_Am241": 499.9111529063288,
    "O_Am241_err": 4.39090423065355e-06
}