{
    "C_60": 1156535.7508386308,
    "C_60_err": 1.2889053630856136e-05,
    "C_99_103": 21044.94574381828,
    "C_99_103_err": 7.722444928881239e-05,
    "O_Am241": 54.95551116725262,
    "O_Am241_err": 2.016602327883823e-07
}