{
    "C_60": 4655825.903521182,
    "C_60_err": 0.03094178378972856,
    "C_99_103": 8077.6486907943445,
    "C_99_103_err": 1.2826781584743014e-08,
    "O_Am241": 576.3838069396572,
    "O_Am241_err": 3.8305434981644e-06
}