{
    "C_60": 4645272.603972759,
    "C_60_err": 0.029591419001295804,
    "C_99_103": 8022.520564377596,
    "C_99_103_err": 0.00010136839528801114,
    "O_Am241": 579.0290678217973,
    "O_Am241_err": 8.193518649044532e-06
}