{
    "C_60": 1184271.6718735679,
    "C_60_err": 0.006156805941903709,
    "C_99_103": 5629.916089827775,
    "C_99_103_err": 6.855572226246958e-05,
    "O_Am241": 210.3533432786555,
    "O_Am241_err": 2.7851607928670654e-06
}