{
    "C_60": 4644630.944674944,
    "C_60_err": 0.027392567011368385,
    "C_99_103": 8051.738570001667,
    "C_99_103_err": 5.0766898307412154e-05,
    "O_Am241": 576.8482054272637,
    "O_Am241_err": 4.980200881983519e-06
}