{
    "C_60": 4672053.1615082575,
    "C_60_err": 0.0421106978449437,
    "C_99_103": 8136.036311240496,
    "C_99_103_err": 1.8483326214651103e-05,
    "O_Am241": 574.2419260166641,
    "O_Am241_err": 5.3376983178133205e-06
}