{
    "C_60": 1315400.6963497652,
    "C_60_err": 0.008090979447095137,
    "C_99_103": 5760.927817937152,
    "C_99_103_err": 4.517609096060421e-05,
    "O_Am241": 228.3313969416784,
    "O_Am241_err": 2.275632388735765e-06
}