{
    "C_60": 1998041.6125285944,
    "C_60_err": 1.5204233822386365e-06,
    "C_99_103": 6480.420299608236,
    "C_99_103_err": 2.3479722664735653e-05,
    "O_Am241": 308.31975707646353,
    "O_Am241_err": 1.1170976901474809e-06
}