{
    "C_60": 2749871.6220083977,
    "C_60_err": 7.540816804076089e-06,
    "C_99_103": 6990.192243943905,
    "C_99_103_err": 2.2704624339209257e-05,
    "O_Am241": 393.3899850023159,
    "O_Am241_err": 1.2777581359455172e-06
}