{
    "C_60": 864950.5594507754,
    "C_60_err": 5.262219214107605e-07,
    "C_99_103": 5167.382564702655,
    "C_99_103_err": 3.6991966875801765e-06,
    "O_Am241": 167.38659246154478,
    "O_Am241_err": 1.1982781306202369e-07
}