{
    "C_60": 1184555.392043675,
    "C_60_err": 1.0248158084907172e-06,
    "C_99_103": 5577.049896109285,
    "C_99_103_err": 1.1191049528382367e-05,
    "O_Am241": 212.3982058812233,
    "O_Am241_err": 4.262036573022351e-07
}