{
    "C_60": 1800239.527046364,
    "C_60_err": 1.5290898484725257e-06,
    "C_99_103": 6315.218975361857,
    "C_99_103_err": 2.4552983469706732e-05,
    "O_Am241": 285.0636746041275,
    "O_Am241_err": 1.1083010557042763e-06
}