{
    "C_60": 632087.7059363937,
    "C_60_err": 2.966820217492963e-07,
    "C_99_103": 4754.57246260119,
    "C_99_103_err": 1.192977144718934e-05,
    "O_Am241": 132.94312178609292,
    "O_Am241_err": 3.335696529201121e-07
}