{
    "C_60": 3032100.9182066354,
    "C_60_err": 2.323124975618651e-06,
    "C_99_103": 7173.039979361766,
    "C_99_103_err": 2.3937819955330885e-05,
    "O_Am241": 422.7079351196397,
    "O_Am241_err": 1.4106580669251718e-06
}