{
    "C_60": 702063.1826896106,
    "C_60_err": 3.429810656882873e-07,
    "C_99_103": 4850.0069818364755,
    "C_99_103_err": 1.143263240473899e-05,
    "O_Am241": 144.75508701716785,
    "O_Am241_err": 3.412225467555276e-07
}