{
    "C_60": 2476952.570370769,
    "C_60_err": 7.386141638397042e-06,
    "C_99_103": 6820.356434974304,
    "C_99_103_err": 1.9946010587228212e-05,
    "O_Am241": 363.1705459950938,
    "O_Am241_err": 1.0620863279049743e-06
}