{
    "C_60": 2218370.9099467974,
    "C_60_err": 1.8719623181423506e-06,
    "C_99_103": 6602.14938443744,
    "C_99_103_err": 1.9298182591238574e-05,
    "O_Am241": 336.0073789266163,
    "O_Am241_err": 9.82154695866569e-07
}