{
    "C_60": 1622115.8339557487,
    "C_60_err": 1.4568778934284654e-06,
    "C_99_103": 6107.399294346588,
    "C_99_103_err": 2.1285773962082558e-05,
    "O_Am241": 265.59845783413675,
    "O_Am241_err": 9.256753412347515e-07
}