{
    "C_60": 693504.7682699657,
    "C_60_err": 1.9580834642075884e-06,
    "C_99_103": 35752.42055245837,
    "C_99_103_err": 8.257771609012943e-05,
    "O_Am241": 19.39742142080726,
    "O_Am241_err": 4.480244780708501e-08
}