{
    "C_60": 1460988.9437611466,
    "C_60_err": 1.3466054040161407e-06,
    "C_99_103": 5961.142157748843,
    "C_99_103_err": 2.477003565681435e-05,
    "O_Am241": 245.08540563187515,
    "O_Am241_err": 1.0183911447113342e-06
}