{
    "C_60": 4595355.490288471,
    "C_60_err": 4.268891586854673e-06,
    "C_99_103": 7986.139112615492,
    "C_99_103_err": 1.528871857361022e-05,
    "O_Am241": 575.4164090416745,
    "O_Am241_err": 1.1015811836171721e-06
}