{
    "C_60": 4167765.038007692,
    "C_60_err": 1.2136741793285916e-05,
    "C_99_103": 7787.45448028097,
    "C_99_103_err": 2.8741886972322034e-05,
    "O_Am241": 535.1896500404738,
    "O_Am241_err": 1.9752751373555665e-06
}