{
    "C_60": 569699.8975084763,
    "C_60_err": 5.563530168289574e-07,
    "C_99_103": 4578.190526191723,
    "C_99_103_err": 1.7200446512458885e-05,
    "O_Am241": 124.43778699231416,
    "O_Am241_err": 4.675178019245187e-07
}