{
    "C_60": 779414.3407473312,
    "C_60_err": 6.606371359121552e-07,
    "C_99_103": 5048.374101788069,
    "C_99_103_err": 1.1365871455926475e-05,
    "O_Am241": 154.38918056236614,
    "O_Am241_err": 3.475906637336783e-07
}