{
    "C_60": 3385757.7658435684,
    "C_60_err": 9.914932651306635e-06,
    "C_99_103": 7280.890965664094,
    "C_99_103_err": 2.4338477766668157e-05,
    "O_Am241": 465.01970456781197,
    "O_Am241_err": 1.5544630646178868e-06
}