{
    "C_60": 960738.5049756112,
    "C_60_err": 4.1870263710157285e-07,
    "C_99_103": 5357.313064455926,
    "C_99_103_err": 1.5992187060199855e-05,
    "O_Am241": 179.33215651513942,
    "O_Am241_err": 5.353268306254506e-07
}