{
    "C_60": 1066997.3401000586,
    "C_60_err": 1.0621358677211784e-06,
    "C_99_103": 5477.896575990991,
    "C_99_103_err": 1.8534595796945324e-05,
    "O_Am241": 194.78230837299645,
    "O_Am241_err": 6.590506885716872e-07
}