{
    "C_60": 1315531.0186495394,
    "C_60_err": 1.057611728706373e-06,
    "C_99_103": 5768.050868840203,
    "C_99_103_err": 1.8827560858160907e-05,
    "O_Am241": 228.07202095879862,
    "O_Am241_err": 7.444525165487245e-07
}