{
    "C_60": 3756625.869735908,
    "C_60_err": 1.028354717521121e-05,
    "C_99_103": 7504.372147012662,
    "C_99_103_err": 2.59710825371056e-05,
    "O_Am241": 500.5916279393666,
    "O_Am241_err": 1.7324448067048276e-06
}