{
    "C_79": 50280.51611503132,
    "C_79_err": 61.79942918000663,
    "C_81": 624237.3510130171,
    "C_81_err": 767.2457434046107,
    "C_356": 1017487.4323943852,
    "C_356_err": 1793.7675895058544,
    "C_161": 15986.500985224415,
    "C_161_err": 211.16264669096952,
    "C_223": 10363.108760882427,
    "C_223_err": 261.83067507796454,
    "C_276": 138386.61956506292,
    "C_276_err": 388.8637144682076,
    "C_303": 341396.8495527749,
    "C_303_err": 614.7872145187422,
    "C_383": 144281.98933102866,
    "C_383_err": 401.072246411294,
    "O_Ba133": 0.6629250108188075,
    "O_Ba133_err": 0.001392172545819414
}