{
    "C_79": 98622.8991695028,
    "C_79_err": 209.80227121827136,
    "C_81": 1224412.597236446,
    "C_81_err": 2604.714989841935,
    "C_356": 1196595.8243096783,
    "C_356_err": 3238.898125090976,
    "C_161": 21534.296888470944,
    "C_161_err": 273.5626757719832,
    "C_223": 11926.802125401427,
    "C_223_err": 213.9107133217795,
    "C_276": 161537.47599213154,
    "C_276_err": 393.92586894677294,
    "C_303": 399833.35253567074,
    "C_303_err": 753.4008455291897,
    "C_383": 173374.06142299654,
    "C_383_err": 2765.6793754851083,
    "O_Ba133": 1.1056661485253088,
    "O_Ba133_err": 0.0037048299668237723
}