{
    "C_79": 75616.33769224123,
    "C_79_err": 123.06339839031155,
    "C_81": 938783.9660659378,
    "C_81_err": 1527.843700770283,
    "C_356": 1134673.836206495,
    "C_356_err": 2716.0298479743633,
    "C_161": 19239.50810054885,
    "C_161_err": 240.14354708285603,
    "C_223": 11493.730702672616,
    "C_223_err": 276.77548696520273,
    "C_276": 153847.8171999877,
    "C_276_err": 420.41208836736484,
    "C_303": 380209.365760722,
    "C_303_err": 516.4441789961662,
    "C_383": 162641.72213446215,
    "C_383_err": 447.80753358446765,
    "O_Ba133": 0.894001669369216,
    "O_Ba133_err": 0.002530649327984779
}