{
    "C_79": 57582.525177148906,
    "C_79_err": 87.14993495250089,
    "C_81": 714892.4823879999,
    "C_81_err": 1081.9746641272752,
    "C_356": 1055386.1355218345,
    "C_356_err": 1921.1953281169763,
    "C_161": 17009.47285530602,
    "C_161_err": 250.37999426558716,
    "C_223": 10647.947635134346,
    "C_223_err": 220.30390949330064,
    "C_276": 143302.44473524552,
    "C_276_err": 392.9110525898425,
    "C_303": 354285.96897622384,
    "C_303_err": 635.9202099803747,
    "C_383": 150197.58418425097,
    "C_383_err": 373.4013353736144,
    "O_Ba133": 0.7319359062673297,
    "O_Ba133_err": 0.0016831868396980938
}