{
    "C_79": 86678.84095652324,
    "C_79_err": 169.89292684131533,
    "C_81": 1076125.9877244197,
    "C_81_err": 2109.236714369538,
    "C_356": 1173498.810214394,
    "C_356_err": 2967.681921356716,
    "C_161": 19847.12291053076,
    "C_161_err": 369.19516669679757,
    "C_223": 11836.178694790848,
    "C_223_err": 197.21506821227513,
    "C_276": 158796.40342757365,
    "C_276_err": 451.67501205673045,
    "C_303": 392741.3306947252,
    "C_303_err": 661.9207032515737,
    "C_383": 168816.70034535346,
    "C_383_err": 921.2804367138034,
    "O_Ba133": 0.9908870963989327,
    "O_Ba133_err": 0.003087226877980802
}