{
    "C_79": 43868.00086697961,
    "C_79_err": 67.04593579684379,
    "C_81": 544625.3692542004,
    "C_81_err": 832.3816180060984,
    "C_356": 980372.872075456,
    "C_356_err": 1505.5645464016256,
    "C_161": 15292.913055973697,
    "C_161_err": 244.59366399059974,
    "C_223": 10080.917364965402,
    "C_223_err": 227.8816834454471,
    "C_276": 133004.64472127188,
    "C_276_err": 324.05592205870516,
    "C_303": 328918.78890135675,
    "C_303_err": 570.3699055358433,
    "C_383": 138529.13733230837,
    "C_383_err": 388.7155591654659,
    "O_Ba133": 0.6002750452236969,
    "O_Ba133_err": 0.0012551318857370387
}