{
    "C_79": 66002.11003335954,
    "C_79_err": 97.79097218291997,
    "C_81": 819422.4226783097,
    "C_81_err": 1214.084145214365,
    "C_356": 1094719.440358964,
    "C_356_err": 2233.0715796951736,
    "C_161": 17876.03504460569,
    "C_161_err": 297.37142338165444,
    "C_223": 11318.255744917278,
    "C_223_err": 245.93034672753,
    "C_276": 148462.78960996808,
    "C_276_err": 387.2196372755372,
    "C_303": 367147.5726515563,
    "C_303_err": 625.1566195197072,
    "C_383": 156352.29414123992,
    "C_383_err": 448.401546649468,
    "O_Ba133": 0.8088141126107471,
    "O_Ba133_err": 0.0019899744981091124
}