{
    "C_79": 16603.493410459087,
    "C_79_err": 77.53841205020744,
    "C_81": 206133.93705816014,
    "C_81_err": 962.6467005478585,
    "C_356": 291886.385502545,
    "C_356_err": 1174.6422564211723,
    "C_161": 4441.963730184478,
    "C_161_err": 132.70487138129278,
    "C_223": 2932.004438211974,
    "C_223_err": 129.15199534977128,
    "C_276": 39414.324786522135,
    "C_276_err": 245.1675465636771,
    "C_303": 95452.11693130262,
    "C_303_err": 413.1739326289486,
    "C_383": 41040.09842931839,
    "C_383_err": 239.40080080557937,
    "O_Ba133": 0.7630963331336231,
    "O_Ba133_err": 0.004514217352967038
}