{
    "C_79": 19287.45487981345,
    "C_79_err": 51.406824740445536,
    "C_81": 239455.57190408988,
    "C_81_err": 638.2205788530786,
    "C_356": 778861.5145357886,
    "C_356_err": 1099.8281073931973,
    "C_161": 11477.378572852891,
    "C_161_err": 233.98266497724197,
    "C_223": 7708.688127753371,
    "C_223_err": 159.14388765585502,
    "C_276": 106121.4776816677,
    "C_276_err": 321.74414168167584,
    "C_303": 261226.479776059,
    "C_303_err": 608.3292437627737,
    "C_383": 108853.0491452951,
    "C_383_err": 349.92016593103057,
    "O_Ba133": 0.3322067170543373,
    "O_Ba133_err": 0.0009465095308247826
}