{
    "C_79": 60812.34090295156,
    "C_79_err": 85.78129334752093,
    "C_81": 754990.9493234376,
    "C_81_err": 1064.9828494843164,
    "C_356": 1071139.9770254064,
    "C_356_err": 2097.0672950714106,
    "C_161": 17498.53240787714,
    "C_161_err": 347.22412139082354,
    "C_223": 10644.99314001193,
    "C_223_err": 206.17804849780953,
    "C_276": 145420.80631801952,
    "C_276_err": 384.20222554268366,
    "C_303": 359379.798277343,
    "C_303_err": 594.6917125745447,
    "C_383": 152627.53511725765,
    "C_383_err": 418.4868789657416,
    "O_Ba133": 0.7616215506136778,
    "O_Ba133_err": 0.0017939662505860874
}