{
    "cuspEmax_ctc": {
        "resolution": [
            0.20018458297295033,
            0.0017859529370424323,
            9.130000568545762e-08
        ],
        "calibration": [
            0.08284222174555704,
            0.004023660593320322
        ]
    }
}