{
    "cuspEmax_ctc": {
        "resolution": [
            0.20047316923378672,
            0.0017835398604902721,
            9.580038388248466e-08
        ],
        "calibration": [
            0.08284220161703107,
            0.004234761720341744
        ]
    }
}