{
    "C_60": 2775608.6515915496,
    "C_60_err": 0.005988955510831118,
    "C_99_103": 5255.531505788737,
    "C_99_103_err": 5.231085643888917e-07,
    "O_Am241": 528.1309128361877,
    "O_Am241_err": 1.1407645952558774e-06
}