{
    "C_60": 98334.55169491602,
    "C_60_err": 3.833157768967773e-06,
    "C_99_103": 2928.859745894912,
    "C_99_103_err": 1.8404085820769947e-05,
    "O_Am241": 33.574346409978034,
    "O_Am241_err": 2.1097529265511682e-07
}