{
    "C_60": 1185512.079685021,
    "C_60_err": 0.002365008383669598,
    "C_99_103": 3984.4703242935943,
    "C_99_103_err": 4.2507824561058977e-07,
    "O_Am241": 297.53316832525286,
    "O_Am241_err": 5.944046662200266e-07
}