{
    "C_60": 2775608.6515915496,
    "C_60_err": 0.005988955510831118,
    "C_99_103": 5255.531591947385,
    "C_99_103_err": 5.231081798280732e-07,
    "O_Am241": 528.1309041780635,
    "O_Am241_err": 1.1407645747338064e-06
}