{
    "C_60": 3634646.5340490066,
    "C_60_err": 0.007846142372484044,
    "C_99_103": 5752.583426263341,
    "C_99_103_err": 2.1519742718432554e-07,
    "O_Am241": 631.8285654850441,
    "O_Am241_err": 1.3641384773249832e-06
}