{
    "C_60": 751474.8517394785,
    "C_60_err": 0.0014900225122418953,
    "C_99_103": 3428.8084404927126,
    "C_99_103_err": 1.234526677945365e-07,
    "O_Am241": 219.1650145470049,
    "O_Am241_err": 4.3463149663245144e-07
}