{
    "C_60": 671726.9456545998,
    "C_60_err": 0.0012609910408899888,
    "C_99_103": 3315.9731489195815,
    "C_99_103_err": 1.5044814928588668e-07,
    "O_Am241": 202.57309558536792,
    "O_Am241_err": 3.80388870770064e-07
}