{
    "C_60": 480536.35184121033,
    "C_60_err": 0.0009605628504094632,
    "C_99_103": 2983.1059669911874,
    "C_99_103_err": 1.4032072311295275e-07,
    "O_Am241": 161.08591419764,
    "O_Am241_err": 3.220900551510728e-07
}