{
    "C_60": 1902995.7361947799,
    "C_60_err": 0.003981739362507453,
    "C_99_103": 4673.341294146256,
    "C_99_103_err": 3.70438129047065e-07,
    "O_Am241": 407.20238827376863,
    "O_Am241_err": 8.526224265267043e-07
}