{
    "C_60": 4187260.184423473,
    "C_60_err": 0.009287255479302203,
    "C_99_103": 5999.084673537477,
    "C_99_103_err": 4.966059466722365e-07,
    "O_Am241": 697.9831778160874,
    "O_Am241_err": 1.5491899392020758e-06
}