{
    "C_60": 4851822.152524403,
    "C_60_err": 0.010705885832392736,
    "C_99_103": 6267.195972861453,
    "C_99_103_err": 5.301697615314347e-07,
    "O_Am241": 774.1615506414707,
    "O_Am241_err": 1.7094966485729767e-06
}