{
    "C_60": 1496996.2522240297,
    "C_60_err": 0.0030421112158018904,
    "C_99_103": 4309.125917844987,
    "C_99_103_err": 1.5993090169878028e-07,
    "O_Am241": 347.4013711283434,
    "O_Am241_err": 7.060871738550395e-07
}