{
    "C_60": 3634646.5340490066,
    "C_60_err": 0.007846142372484044,
    "C_99_103": 5752.5834152067455,
    "C_99_103_err": 2.1520417533508335e-07,
    "O_Am241": 631.8285666994329,
    "O_Am241_err": 1.3641384927899769e-06
}