{
    "C_60": 4187260.184423473,
    "C_60_err": 0.009287255479302203,
    "C_99_103": 5999.084812042993,
    "C_99_103_err": 4.965841030458822e-07,
    "O_Am241": 697.9831617012094,
    "O_Am241_err": 1.5491898085993787e-06
}