{
    "C_60": 1056754.8037821765,
    "C_60_err": 0.002134781206310221,
    "C_99_103": 3826.0634846458393,
    "C_99_103_err": 6.074473067499246e-07,
    "O_Am241": 276.19897265766235,
    "O_Am241_err": 5.596781099367254e-07
}