{
    "C_60": 3168686.554047597,
    "C_60_err": 0.00682414561075706,
    "C_99_103": 5504.659460686216,
    "C_99_103_err": 1.3751051729490372e-07,
    "O_Am241": 575.6371627851045,
    "O_Am241_err": 1.2397868981803438e-06
}