{
    "C_60": 5696842.707961689,
    "C_60_err": 0.012654875722926118,
    "C_99_103": 6568.262940975281,
    "C_99_103_err": 4.970742685660883e-07,
    "O_Am241": 867.3286619545411,
    "O_Am241_err": 1.927787837979655e-06
}