{
    "C_60": 942727.263214633,
    "C_60_err": 0.0018114227552906703,
    "C_99_103": 1904.6096519051584,
    "C_99_103_err": 2.3613609736192545e-08,
    "O_Am241": 494.97137761096303,
    "O_Am241_err": 9.510927665556053e-07
}