{
    "C_60": NaN,
    "C_60_err": NaN,
    "C_99_103": 2866.0622725677545,
    "C_99_103_err": 2.6095593252370135e-07,
    "O_Am241": NaN,
    "O_Am241_err": NaN
}