{
    "C_60": 1056754.8037821765,
    "C_60_err": 0.002134781206310221,
    "C_99_103": 3826.06346527399,
    "C_99_103_err": 6.07441358828055e-07,
    "O_Am241": 276.1989740560931,
    "O_Am241_err": 5.596780791465085e-07
}