{
    "C_60": 841204.6417368614,
    "C_60_err": 0.0015960900873825123,
    "C_99_103": 3562.2893390127006,
    "C_99_103_err": 1.0285712080074661e-07,
    "O_Am241": 236.14158247179435,
    "O_Am241_err": 4.4810365894307963e-07
}