{
    "C_60": 1686047.4229038379,
    "C_60_err": 0.0033917368889269106,
    "C_99_103": 4475.854988371485,
    "C_99_103_err": 2.0024178339008054e-07,
    "O_Am241": 376.69840226823277,
    "O_Am241_err": 7.579726259614184e-07
}