{
    "C_60": 2152345.819504336,
    "C_60_err": 0.00454479466745511,
    "C_99_103": 4826.7897929935325,
    "C_99_103_err": 3.097216278645466e-07,
    "O_Am241": 445.9166261246007,
    "O_Am241_err": 9.420117437248895e-07
}