{
    "C_60": 2440343.9664467,
    "C_60_err": 0.005046405279700572,
    "C_99_103": 5045.142405257939,
    "C_99_103_err": 4.522971593356193e-07,
    "O_Am241": 483.70170164144946,
    "O_Am241_err": 1.0011898510451904e-06
}