{
    "C_60": 5696842.707961689,
    "C_60_err": 0.012654875722926118,
    "C_99_103": 6568.262490470452,
    "C_99_103_err": 4.970637082358088e-07,
    "O_Am241": 867.3287214429904,
    "O_Am241_err": 1.9277879228773203e-06
}