{
    "C_60": 600826.9758742383,
    "C_60_err": 0.0010870828064626914,
    "C_99_103": 3219.5033735618385,
    "C_99_103_err": 7.386854966664075e-07,
    "O_Am241": 186.62101142932624,
    "O_Am241_err": 3.403595358852326e-07
}