{
    "C_60": 1902995.7361947799,
    "C_60_err": 0.003981739362507453,
    "C_99_103": 4673.341268552551,
    "C_99_103_err": 3.704392444317051e-07,
    "O_Am241": 407.20239050382565,
    "O_Am241_err": 8.526224348819808e-07
}