{
    "C_60": 2152345.819504336,
    "C_60_err": 0.00454479466745511,
    "C_99_103": 4826.789853946509,
    "C_99_103_err": 3.097292473492881e-07,
    "O_Am241": 445.9166204935403,
    "O_Am241_err": 9.42011753199564e-07
}