{
    "C_60": 1686047.4229038379,
    "C_60_err": 0.0033917368889269106,
    "C_99_103": 4475.854861386572,
    "C_99_103_err": 2.002429499661394e-07,
    "O_Am241": 376.69841295557967,
    "O_Am241_err": 7.579726496595508e-07
}