{
    "C_60": 537126.742694734,
    "C_60_err": 0.0009818418503105414,
    "C_99_103": 3111.996546311137,
    "C_99_103_err": 1.9386491633714893e-07,
    "O_Am241": 172.59875925358182,
    "O_Am241_err": 3.156853927883784e-07
}