{
    "C_60": 1330787.3752802843,
    "C_60_err": 0.0027441482242021586,
    "C_99_103": 4144.666561876026,
    "C_99_103_err": 1.4567355691267074e-07,
    "O_Am241": 321.08430326369165,
    "O_Am241_err": 6.621876035116936e-07
}