{
    "C_60": 2440343.9664467,
    "C_60_err": 0.005046405279700572,
    "C_99_103": 5045.142328408756,
    "C_99_103_err": 4.522920921602345e-07,
    "O_Am241": 483.70170900934477,
    "O_Am241_err": 1.0011898452826087e-06
}