{
    "C_60": 942727.263214633,
    "C_60_err": 0.0018114227552906703,
    "C_99_103": 3704.7034122973914,
    "C_99_103_err": 1.043086851307379e-07,
    "O_Am241": 254.46767481719166,
    "O_Am241_err": 4.890046556820237e-07
}