{
    "C_60": 751474.8517394785,
    "C_60_err": 0.0014900225122418953,
    "C_99_103": 3428.8085541849055,
    "C_99_103_err": 1.2345374942199987e-07,
    "O_Am241": 219.16500727994676,
    "O_Am241_err": 4.3463148347142614e-07
}