{
    "C_60": 3168686.554047597,
    "C_60_err": 0.00682414561075706,
    "C_99_103": 5504.65948399394,
    "C_99_103_err": 1.375153662445147e-07,
    "O_Am241": 575.6371603477527,
    "O_Am241_err": 1.2397868988115587e-06
}