{
    "C_60": 841204.6417368614,
    "C_60_err": 0.0015960900873825123,
    "C_99_103": 3562.2895197678613,
    "C_99_103_err": 1.0286453603345399e-07,
    "O_Am241": 236.14157048966615,
    "O_Am241_err": 4.481036436801345e-07
}