{
    "C_60": 600826.9758742383,
    "C_60_err": 0.0010870828064626914,
    "C_99_103": 3219.5032685668084,
    "C_99_103_err": 7.386604240285872e-07,
    "O_Am241": 186.62101751544486,
    "O_Am241_err": 3.403593643264307e-07
}