{
    "C_60": 671726.9456545998,
    "C_60_err": 0.0012609910408899888,
    "C_99_103": 3315.973161356824,
    "C_99_103_err": 1.504439027917798e-07,
    "O_Am241": 202.57309482557565,
    "O_Am241_err": 3.803888630745622e-07
}