{
    "C_60": 480536.35184121033,
    "C_60_err": 0.0009605628504094632,
    "C_99_103": 2983.105969726258,
    "C_99_103_err": 1.4032445579687382e-07,
    "O_Am241": 161.08591404994783,
    "O_Am241_err": 3.2209005959746586e-07
}