{
    "C_60": 118378.96077581764,
    "C_60_err": 0.0002480943657501983,
    "C_99_103": 3079.0855790606984,
    "C_99_103_err": 1.3241305756793139e-05,
    "O_Am241": 38.44614179639988,
    "O_Am241_err": 1.8392243695681743e-07
}