{
    "C_60": 4851822.152524403,
    "C_60_err": 0.010705885832392736,
    "C_99_103": 6267.196039493325,
    "C_99_103_err": 5.301592946143881e-07,
    "O_Am241": 774.1615424107033,
    "O_Am241_err": 1.7094965808401116e-06
}