{
    "C_60": 1496996.2522240297,
    "C_60_err": 0.0030421112158018904,
    "C_99_103": 4309.125553239945,
    "C_99_103_err": 1.5992331345288492e-07,
    "O_Am241": 347.40140052277394,
    "O_Am241_err": 7.06087222447678e-07
}