{
    "C_60": 1330787.3752802843,
    "C_60_err": 0.0027441482242021586,
    "C_99_103": 4144.666316054729,
    "C_99_103_err": 1.4567631028799795e-07,
    "O_Am241": 321.0843223072899,
    "O_Am241_err": 6.621876464328285e-07
}