{
    "C_60": 606593.6601435562,
    "C_60_err": 9.42559930772191e-06,
    "C_99_103": 3001.566922066487,
    "C_99_103_err": 4.369135402704553e-05,
    "O_Am241": 202.09233240281546,
    "O_Am241_err": 2.941694422040992e-06
}