{
    "C_60": 537126.742694734,
    "C_60_err": 0.0009818418503105414,
    "C_99_103": 3111.9965374147378,
    "C_99_103_err": 1.938736450225124e-07,
    "O_Am241": 172.59875974699736,
    "O_Am241_err": 3.156854101811224e-07
}