{
    "C_60": 1185512.079685021,
    "C_60_err": 0.002365008383669598,
    "C_99_103": 3984.4703513209315,
    "C_99_103_err": 4.250725966287378e-07,
    "O_Am241": 297.533166307035,
    "O_Am241_err": 5.944046396506089e-07
}