{
    "cuspEmax_ctc": {
        "resolution": [
            0.3580836393005731,
            0.001580229189944387,
            1.532206593560012e-21
        ],
        "calibration": [
            0.13497213052813087,
            -0.30110233554254384
        ]
    }
}