{
    "cuspEmax_ctc": {
        "resolution": [
            0.3943270272409992,
            0.0011473039984774163,
            2.316529797569994e-27
        ],
        "calibration": [
            0.13480228125175717,
            -0.14972404167403325
        ]
    }
}