{
    "cuspEmax_ctc": {
        "resolution": [
            0.4000148352224884,
            0.0011109380763418399,
            3.478534945832942e-21
        ],
        "calibration": [
            0.1348006199991546,
            -0.149055433891539
        ]
    }
}