{
    "C_60": 4646089.176106822,
    "C_60_err": 0.0275051326670539,
    "C_99_103": 8112.7720900788445,
    "C_99_103_err": 9.155857889929714e-05,
    "O_Am241": 572.6882407788271,
    "O_Am241_err": 7.298459300295918e-06
}