{
    "C_60": 4652656.321719304,
    "C_60_err": 0.024607744298448253,
    "C_99_103": 8155.476238373094,
    "C_99_103_err": 8.539624732719665e-09,
    "O_Am241": 570.4947431307145,
    "O_Am241_err": 3.0173277514955696e-06
}