{
    "C_60": 4648224.248153128,
    "C_60_err": 0.024547186980470315,
    "C_99_103": 8133.472245063938,
    "C_99_103_err": 5.744242008391535e-09,
    "O_Am241": 571.4932206197733,
    "O_Am241_err": 3.018045240749223e-06
}