{
    "C_60": 4627623.038826602,
    "C_60_err": 0.026610878785078285,
    "C_99_103": 8044.579118355432,
    "C_99_103_err": 1.0121983642435794e-06,
    "O_Am241": 575.2473772391259,
    "O_Am241_err": 3.3087185551815537e-06
}