{
    "C_60": 4624608.300444065,
    "C_60_err": 0.02447057953774312,
    "C_99_103": 8037.589223411592,
    "C_99_103_err": 2.7586051916873825e-05,
    "O_Am241": 575.3725615852172,
    "O_Am241_err": 3.6288754459699153e-06
}