{
    "C_60": 4619364.4460902475,
    "C_60_err": 0.022402968376162846,
    "C_99_103": 8020.072413766408,
    "C_99_103_err": 4.967881640506076e-05,
    "O_Am241": 575.9754036835297,
    "O_Am241_err": 4.531209366215096e-06
}