{
    "C_60": 1152034.5068239649,
    "C_60_err": 1880.7595306306246,
    "C_99_103": 20965.906566786856,
    "C_99_103_err": 301.86409194669443,
    "O_Am241": 54.947993932633494,
    "O_Am241_err": 0.7962028344586486
}