{
    "C_60": 4622440.837935099,
    "C_60_err": 0.024179549039882176,
    "C_99_103": 8060.331466646267,
    "C_99_103_err": 2.3020697368396272e-08,
    "O_Am241": 573.4802417323415,
    "O_Am241_err": 2.9998211294445597e-06
}