{
    "C_60": 4623856.311858515,
    "C_60_err": 0.025702842542614235,
    "C_99_103": 8066.006577609092,
    "C_99_103_err": 7.1218989601930845e-09,
    "O_Am241": 573.2522367008916,
    "O_Am241_err": 3.186563588753859e-06
}