{
    "C_60": 4627076.348652701,
    "C_60_err": 0.025716939543238837,
    "C_99_103": 8089.96803474635,
    "C_99_103_err": 8.036451222557639e-05,
    "O_Am241": 571.9523648028576,
    "O_Am241_err": 6.5105128400973865e-06
}