{
    "C_60": 4632949.79480154,
    "C_60_err": 0.023256814678118687,
    "C_99_103": 8100.144469666922,
    "C_99_103_err": 1.11273529110914e-09,
    "O_Am241": 571.9589091467212,
    "O_Am241_err": 2.8711604803986047e-06
}