{
    "C_60": 4638145.323080167,
    "C_60_err": 0.024486011136168884,
    "C_99_103": 8143.150881227996,
    "C_99_103_err": 0.00011693800707367606,
    "O_Am241": 569.5762476625915,
    "O_Am241_err": 8.714490404613802e-06
}