{
    "C_60": 4617967.732961699,
    "C_60_err": 0.022159711323759268,
    "C_99_103": 8021.418125768758,
    "C_99_103_err": 7.634505597052094e-06,
    "O_Am241": 575.7046522891638,
    "O_Am241_err": 2.81638317342762e-06
}