{
    "C_60": 4630230.0499274405,
    "C_60_err": 0.026029609051461122,
    "C_99_103": 8070.228550590271,
    "C_99_103_err": 4.368052390975221e-09,
    "O_Am241": 573.7421215398883,
    "O_Am241_err": 3.225386865927468e-06
}