{
    "C_60": 4635013.550805416,
    "C_60_err": 0.026597618118220367,
    "C_99_103": 8113.317763083405,
    "C_99_103_err": 2.7626538032557752e-05,
    "O_Am241": 571.2846071301802,
    "O_Am241_err": 3.811970296062502e-06
}