{
    "C_60": 4618916.683676679,
    "C_60_err": 0.02448354020748944,
    "C_99_103": 7989.156929251708,
    "C_99_103_err": 7.788608035050735e-05,
    "O_Am241": 578.1481981865767,
    "O_Am241_err": 6.415622247040251e-06
}