{
    "C_60": 4619128.231565832,
    "C_60_err": 0.023802514414983378,
    "C_99_103": 8026.180990525921,
    "C_99_103_err": 9.237859029704774e-05,
    "O_Am241": 575.5076090382508,
    "O_Am241_err": 7.2574667796882535e-06
}