{
    "C_60": 4632567.764832701,
    "C_60_err": 0.026796014693557524,
    "C_99_103": 8078.161906268253,
    "C_99_103_err": 8.048329129492925e-05,
    "O_Am241": 573.4680510968785,
    "O_Am241_err": 6.606603833492639e-06
}