{
    "C_60": 1152034.5068239649,
    "C_60_err": 1.219404226304125e-05,
    "C_99_103": 20965.906566786856,
    "C_99_103_err": 7.933384462133584e-05,
    "O_Am241": 54.947993932633494,
    "O_Am241_err": 2.0792101949499045e-07
}