{
    "C_60": 4633028.407771625,
    "C_60_err": 0.02448018530051499,
    "C_99_103": 8094.141244329005,
    "C_99_103_err": 1.5982272234961432e-08,
    "O_Am241": 572.392829321784,
    "O_Am241_err": 3.0244328917506882e-06
}