{
    "C_60": 4642722.274290491,
    "C_60_err": 0.02484762908878224,
    "C_99_103": 8114.268025731041,
    "C_99_103_err": 9.605938333119965e-05,
    "O_Am241": 572.1677247495423,
    "O_Am241_err": 7.433545627499664e-06
}