{
    "C_60": 4634830.807293052,
    "C_60_err": 0.02238093874521674,
    "C_99_103": 8103.173597084547,
    "C_99_103_err": 1.2048642068521686e-08,
    "O_Am241": 571.97723234766,
    "O_Am241_err": 2.761996832240351e-06
}