{
    "C_60": 4617873.792685578,
    "C_60_err": 0.024021289533369128,
    "C_99_103": 8038.990411666296,
    "C_99_103_err": 7.11085791612625e-05,
    "O_Am241": 574.4345441666474,
    "O_Am241_err": 5.894632950671165e-06
}