{
    "C_60": 751845.3560278653,
    "C_60_err": 5.824946847305182e-07,
    "C_99_103": 3639.302380324626,
    "C_99_103_err": 9.59913406103651e-07,
    "O_Am241": 206.59051583419145,
    "O_Am241_err": 5.4491174538457856e-08
}