{
    "C_60": 1649566.4749457063,
    "C_60_err": 2.264071611779092e-06,
    "C_99_103": 4682.456635115895,
    "C_99_103_err": 1.2511414357535936e-05,
    "O_Am241": 352.2865460354398,
    "O_Am241_err": 9.413015164897357e-07
}