{
    "C_60": 6565376.624482272,
    "C_60_err": 1.5944178898448513e-05,
    "C_99_103": 7290.541067066117,
    "C_99_103_err": 6.233618234983782e-05,
    "O_Am241": 900.5335220098187,
    "O_Am241_err": 7.699815910513411e-06
}