{
    "C_60": 1846042.6927115512,
    "C_60_err": 1.9956670432516588e-06,
    "C_99_103": 4795.55498940066,
    "C_99_103_err": 3.5457977838837147e-06,
    "O_Am241": 384.94870704053096,
    "O_Am241_err": 2.846285225093128e-07
}