{
    "C_60": 2579870.0147153693,
    "C_60_err": 3.805259705027403e-06,
    "C_99_103": 5435.775615402715,
    "C_99_103_err": 1.816866171743138e-05,
    "O_Am241": 474.6093652955609,
    "O_Am241_err": 1.5863454372839097e-06
}