{
    "C_60": 3608669.229503676,
    "C_60_err": 6.462249411125914e-06,
    "C_99_103": 6026.942482039417,
    "C_99_103_err": 4.795837724722027e-06,
    "O_Am241": 598.7562085182805,
    "O_Am241_err": 4.7645135037434275e-07
}