{
    "C_60": 1053615.9525161132,
    "C_60_err": 6.84380000019226e-07,
    "C_99_103": 4055.9729789158364,
    "C_99_103_err": 2.2109244490626537e-05,
    "O_Am241": 259.7689772572758,
    "O_Am241_err": 1.4160094014167199e-06
}