{
    "C_60": 4038281.4609573213,
    "C_60_err": 8.992428900643501e-06,
    "C_99_103": 6273.361588735566,
    "C_99_103_err": 1.576169191803725e-05,
    "O_Am241": 643.718906336987,
    "O_Am241_err": 1.6173311429530616e-06
}