{
    "C_60": 671527.6572367843,
    "C_60_err": 3.3473460940569577e-07,
    "C_99_103": 3487.810718320119,
    "C_99_103_err": 1.7613532452305271e-06,
    "O_Am241": 192.53557932760216,
    "O_Am241_err": 9.723100249996637e-08
}