{
    "C_60": 3225324.877962296,
    "C_60_err": 5.6201281057460806e-06,
    "C_99_103": 5847.335855457393,
    "C_99_103_err": 1.3637580431086853e-05,
    "O_Am241": 551.5887846517417,
    "O_Am241_err": 1.286455695549389e-06
}