{
    "C_60": 1317752.3348427278,
    "C_60_err": 1.6287558644162425e-06,
    "C_99_103": 4314.189750541011,
    "C_99_103_err": 1.7223220744982136e-05,
    "O_Am241": 305.44607702465527,
    "O_Am241_err": 1.2194098467179604e-06
}