{
    "C_60": 2885016.7096114117,
    "C_60_err": 4.840644693485108e-06,
    "C_99_103": 5659.3171030276535,
    "C_99_103_err": 6.750967891588981e-06,
    "O_Am241": 509.781773505494,
    "O_Am241_err": 6.081164434302994e-07
}