{
    "C_60": 2307092.859306695,
    "C_60_err": 3.443255750835983e-06,
    "C_99_103": 5252.8455910444945,
    "C_99_103_err": 9.57212103931645e-06,
    "O_Am241": 439.20820045425023,
    "O_Am241_err": 8.003577096214265e-07
}