{
    "C_60": 941048.567820914,
    "C_60_err": 9.462036879752736e-07,
    "C_99_103": 3896.3916592007863,
    "C_99_103_err": 3.983221270526892e-06,
    "O_Am241": 241.51796075190717,
    "O_Am241_err": 2.4690021639211835e-07
}