{
    "C_60": 4526654.524662308,
    "C_60_err": 1.0358303449732598e-05,
    "C_99_103": 6507.925461957199,
    "C_99_103_err": 2.9900767773430622e-05,
    "O_Am241": 695.5602904678872,
    "O_Am241_err": 3.195763291811478e-06
}