{
    "C_60": 2063289.1853153724,
    "C_60_err": 2.8155836750282104e-06,
    "C_99_103": 5013.116559580713,
    "C_99_103_err": 2.1138798118073706e-06,
    "O_Am241": 411.57813922601906,
    "O_Am241_err": 1.7355097673074955e-07
}