{
    "C_60": 5769924.874421644,
    "C_60_err": 1.4068872608123673e-05,
    "C_99_103": 7102.219624010683,
    "C_99_103_err": 5.274798002431493e-06,
    "O_Am241": 812.4114966700113,
    "O_Am241_err": 6.033789239125644e-07
}