{
    "C_60": 841263.7882455069,
    "C_60_err": 6.73740223676271e-07,
    "C_99_103": 3762.5170355891564,
    "C_99_103_err": 1.3528417588666266e-05,
    "O_Am241": 223.59069215849465,
    "O_Am241_err": 8.039374437061466e-07
}