{
    "C_60": 3678891.710550113,
    "C_60_err": 2.6230732960378506e-05,
    "C_99_103": 11322.25698799902,
    "C_99_103_err": 0.00010841486309688178,
    "O_Am241": 324.9256499344202,
    "O_Am241_err": 3.1112859969237756e-06
}