{
    "C_60": 1474852.424974752,
    "C_60_err": 1.6501872394762696e-06,
    "C_99_103": 4543.4977738204025,
    "C_99_103_err": 2.0649698566962243e-05,
    "O_Am241": 324.6072736015938,
    "O_Am241_err": 1.4753044657058593e-06
}