{
    "C_60": 1178317.0030357572,
    "C_60_err": 1.0874773688582945e-06,
    "C_99_103": 3686.51595745709,
    "C_99_103_err": 2.6776165995138095e-05,
    "O_Am241": 319.62888988782373,
    "O_Am241_err": 2.3215513998403294e-06
}