{
    "C_60": 5092676.983724331,
    "C_60_err": 1.1730566780721041e-05,
    "C_99_103": 6759.845735328992,
    "C_99_103_err": 9.355541251497608e-06,
    "O_Am241": 753.3717754990273,
    "O_Am241_err": 1.0426584808508922e-06
}