{
    "trapEmax": {
        "resolution": [
            0.24820720361808024,
            3.3208180602778807e-19,
            8.353661500338473e-06
        ],
        "calibration": [
            0.09157998049080687,
            0.31471465101591173
        ]
    }
}