{
    "cuspEmax_ctc": {
        "resolution": [
            0.137806921130059,
            0.001613004820924855,
            2.629922289162803e-07
        ],
        "calibration": [
            0.09096803849693717,
            0.7897768117712615
        ]
    }
}