{
    "trapEmax": {
        "resolution": [
            0.25375156663092074,
            3.4578094641621486e-19,
            7.635502524249152e-06
        ],
        "calibration": [
            0.09158305407535677,
            0.3111598873544173
        ]
    }
}