{
    "cuspEmax_ctc": {
        "resolution": [
            0.1413953038571241,
            0.001637762126845715,
            4.040939986994633e-28
        ],
        "calibration": [
            0.091554624682586,
            0.3650904915736393
        ]
    }
}