{
    "trapEmax": {
        "resolution": [
            0.6656360421420529,
            3.1170796179393524e-19,
            6.217349335361825e-20
        ],
        "calibration": [
            0.1266169708482768,
            -39.40417513242276
        ]
    }
}