{
    "C_1173": 79316.3620098037,
    "C_1173_err": 286.290884784661,
    "C_1332": 70891.23234421315,
    "C_1332_err": 213.09854096898087
}