{
    "C_1173": 57702.24360572967,
    "C_1173_err": 256.8917847123536,
    "C_1332": 51475.556866186875,
    "C_1332_err": 191.33949896868725
}