{
    "C_1173": 73982.82745621294,
    "C_1173_err": 282.3273463282403,
    "C_1332": 65984.2088461426,
    "C_1332_err": 219.1744003175528
}