{
    "C_1173": 82143.28890930455,
    "C_1173_err": 275.14274537465286,
    "C_1332": 73439.28321161207,
    "C_1332_err": 228.41052077504062
}