{
    "C_1173": 58962.88228314932,
    "C_1173_err": 225.21759192872528,
    "C_1332": 52484.86025389148,
    "C_1332_err": 194.9563146676318
}