{
    "C_1173": 66779.89834084833,
    "C_1173_err": 290.27440258395785,
    "C_1332": 59677.421117998056,
    "C_1332_err": 206.5276083374175
}