{
    "C_1173": 73275.53250976773,
    "C_1173_err": 263.8692403071196,
    "C_1332": 65404.71087538342,
    "C_1332_err": 179.38783780315177
}