{
    "C_1173": 77937.24990665833,
    "C_1173_err": 271.89723990056814,
    "C_1332": 69608.83834995351,
    "C_1332_err": 236.37336210601316
}