{
    "C_1173": 60646.22435076983,
    "C_1173_err": 236.90990175544042,
    "C_1332": 54096.03464640968,
    "C_1332_err": 170.7822319584777
}