{
    "C_1173": 69992.82994336638,
    "C_1173_err": 285.5921976040505,
    "C_1332": 62553.8959775861,
    "C_1332_err": 256.06738457587755
}