{
    "C_1173": 62354.70828604069,
    "C_1173_err": 210.49432594784238,
    "C_1332": 55765.86279956383,
    "C_1332_err": 216.08605558417054
}