{
    "C_1173": 83725.8745907198,
    "C_1173_err": 310.57235676136185,
    "C_1332": 74850.74231720797,
    "C_1332_err": 186.8249063266353
}