{
    "C_1173": 67401.53850046339,
    "C_1173_err": 307.8698795840026,
    "C_1332": 60249.09116176572,
    "C_1332_err": 218.27574728514995
}