{
    "C_1173": 80021.23455736438,
    "C_1173_err": 297.9935553630441,
    "C_1332": 71486.1181085286,
    "C_1332_err": 266.47069060061114
}