{
    "C_1173": 63606.947951346796,
    "C_1173_err": 270.57997324253154,
    "C_1332": 56882.972913163896,
    "C_1332_err": 217.8259299159312
}