{
    "C_1173": 68712.91649560964,
    "C_1173_err": 230.2648538343766,
    "C_1332": 61397.027453165494,
    "C_1332_err": 213.51893499384303
}