{
    "C_1173": 60078.45793145885,
    "C_1173_err": 263.0885934073503,
    "C_1332": 53556.76922834988,
    "C_1332_err": 204.2792432806047
}