{
    "C_1173": 72588.61581779823,
    "C_1173_err": 241.0254426342823,
    "C_1332": 64855.85313127316,
    "C_1332_err": 204.6855269508519
}