{
    "C_1173": 80759.84254696948,
    "C_1173_err": 320.2386134373527,
    "C_1332": 72109.90678951098,
    "C_1332_err": 284.0501291679302
}