{
    "C_1173": 19590.558628441606,
    "C_1173_err": 150.81676147055106,
    "C_1332": 17629.742997665344,
    "C_1332_err": 128.76882714719397
}