{
    "C_1173": 46915.32985955567,
    "C_1173_err": 217.5574047265254,
    "C_1332": 41948.33436740877,
    "C_1332_err": 226.54603224847594
}