{
    "C_1173": 66106.7072107336,
    "C_1173_err": 261.9013576417652,
    "C_1332": 59141.01964083502,
    "C_1332_err": 174.40055965757116
}