{
    "C_1173": 76582.49006954719,
    "C_1173_err": 277.3809796045378,
    "C_1332": 68373.8008641981,
    "C_1332_err": 229.51456753970868
}