{
    "C_1173": 61209.787214518554,
    "C_1173_err": 272.3901309276264,
    "C_1332": 54653.32189545162,
    "C_1332_err": 203.18763929169108
}