{
    "C_1173": 75323.07762254155,
    "C_1173_err": 272.8975449306072,
    "C_1332": 67176.47203444499,
    "C_1332_err": 218.57092892998492
}