{
    "C_1173": 64830.276826635316,
    "C_1173_err": 277.54868547771605,
    "C_1332": 58060.15458119795,
    "C_1332_err": 226.59011676070017
}