{
    "C_1173": 71272.18775274165,
    "C_1173_err": 277.52026660787567,
    "C_1332": 63741.5530048115,
    "C_1332_err": 203.09751215464442
}