{
    "C_60": 4568384.972453205,
    "C_60_err": 3147.3611110355037,
    "C_99_103": 7943.407962285336,
    "C_99_103_err": 94.41802629934809,
    "O_Am241": 575.1164983774635,
    "O_Am241_err": 6.847501795173903
}