{
    "C_60": 698736.4035717994,
    "C_60_err": 922.912816198163,
    "C_99_103": 4866.669498395643,
    "C_99_103_err": 70.23646755327526,
    "O_Am241": 143.5758897952997,
    "O_Am241_err": 2.0807675147308458
}