{
    "C_60": 629548.079037394,
    "C_60_err": 754.2425349699098,
    "C_99_103": 4735.206035253932,
    "C_99_103_err": 83.1523540087338,
    "O_Am241": 132.9505145817026,
    "O_Am241_err": 2.340098312748383
}