{
    "C_60": 1309112.5539470215,
    "C_60_err": 1355.6248090221666,
    "C_99_103": 5749.389552363635,
    "C_99_103_err": 70.30507719714497,
    "O_Am241": 227.69592180596487,
    "O_Am241_err": 2.794292513759266
}