{
    "C_60": 2450711.884487922,
    "C_60_err": 1581.8206222462754,
    "C_99_103": 6765.683146662917,
    "C_99_103_err": 73.70136515638832,
    "O_Am241": 362.22681898674233,
    "O_Am241_err": 3.952805980985963
}