{
    "C_60": 1047947.6989157533,
    "C_60_err": 1364.0042094071282,
    "C_99_103": 31552.61772049868,
    "C_99_103_err": 347.5443973228874,
    "O_Am241": 33.21270229299982,
    "O_Am241_err": 0.36837514983332464
}