{
    "C_60": 860960.5669159607,
    "C_60_err": 1087.5128307513467,
    "C_99_103": 5142.002377689116,
    "C_99_103_err": 67.85033024144187,
    "O_Am241": 167.4368278497156,
    "O_Am241_err": 2.219481115306484
}