{
    "C_60": 775576.0114290812,
    "C_60_err": 972.7270939600121,
    "C_99_103": 5001.755429425282,
    "C_99_103_err": 75.08786261849698,
    "O_Am241": 155.060762640727,
    "O_Am241_err": 2.3359286335813576
}