{
    "C_60": 1061958.561093245,
    "C_60_err": 1085.3375441284888,
    "C_99_103": 5447.519562602925,
    "C_99_103_err": 74.29995693905775,
    "O_Am241": 194.94350573489663,
    "O_Am241_err": 2.6663328635085017
}