{
    "C_60": 2208316.9677405288,
    "C_60_err": 1756.2481868478824,
    "C_99_103": 6587.978836476115,
    "C_99_103_err": 75.60685532697705,
    "O_Am241": 335.2040166725473,
    "O_Am241_err": 3.8561903217973295
}