{
    "C_60": 566630.915113906,
    "C_60_err": 801.2025119690416,
    "C_99_103": 4558.614377208774,
    "C_99_103_err": 64.7761343836772,
    "O_Am241": 124.29893564738248,
    "O_Am241_err": 1.7749624986567365
}