{
    "C_60": 1613496.3700653475,
    "C_60_err": 1563.142704084695,
    "C_99_103": 6090.943172104184,
    "C_99_103_err": 75.58293409208594,
    "O_Am241": 264.9009068833501,
    "O_Am241_err": 3.297176285693078
}