{
    "C_60": 3017431.644310791,
    "C_60_err": 1935.1592159205136,
    "C_99_103": 7127.378467332446,
    "C_99_103_err": 95.12142934758394,
    "O_Am241": 423.3578528404036,
    "O_Am241_err": 5.656620264665838
}