{
    "C_60": 1178815.4596417123,
    "C_60_err": 1162.3336302462853,
    "C_99_103": 5604.303281041512,
    "C_99_103_err": 74.19853800928028,
    "O_Am241": 210.3411254757504,
    "O_Am241_err": 2.7925374182759053
}