{
    "C_60": 4122826.140671788,
    "C_60_err": 1810.4544140319008,
    "C_99_103": 7717.958551613612,
    "C_99_103_err": 87.98021012582439,
    "O_Am241": 534.1860950794843,
    "O_Am241_err": 6.093925344104452
}