{
    "C_60": 1791343.1257714722,
    "C_60_err": 1430.5556972648214,
    "C_99_103": 6285.502119835512,
    "C_99_103_err": 74.88440990020403,
    "O_Am241": 284.99602603241993,
    "O_Am241_err": 3.4030139124779963
}