{
    "C_60": 1452987.5759916962,
    "C_60_err": 1538.4112049965695,
    "C_99_103": 5922.912131507816,
    "C_99_103_err": 72.19312928444943,
    "O_Am241": 245.31641593369443,
    "O_Am241_err": 3.0013702038878045
}