{
    "C_60": 1988267.3949803964,
    "C_60_err": 1311.0830164449535,
    "C_99_103": 6427.348350208364,
    "C_99_103_err": 84.838244205976,
    "O_Am241": 309.34489413755523,
    "O_Am241_err": 4.08831210971488
}