{
    "C_60": 2720100.194842969,
    "C_60_err": 1798.5010383266892,
    "C_99_103": 6917.0487294915365,
    "C_99_103_err": 73.68809802345567,
    "O_Am241": 393.24577593989574,
    "O_Am241_err": 4.197352524463706
}