{
    "C_60": 956293.5353156531,
    "C_60_err": 1172.4501131878844,
    "C_99_103": 5293.723635141394,
    "C_99_103_err": 89.37875453206198,
    "O_Am241": 180.6466678705094,
    "O_Am241_err": 3.0580529762342414
}