{
    "C_60": 3350173.1917747203,
    "C_60_err": 1690.8692815599152,
    "C_99_103": 7277.074379056585,
    "C_99_103_err": 80.90165059554141,
    "O_Am241": 460.3736360612881,
    "O_Am241_err": 5.123398068594584
}