{
    "C_60": 3715364.3104278403,
    "C_60_err": 2112.8034121965675,
    "C_99_103": 7480.747030648227,
    "C_99_103_err": 99.13721535611886,
    "O_Am241": 496.6568572906139,
    "O_Am241_err": 6.5879099695882655
}