{
    "cuspEmax_ctc": {
        "resolution": [
            0.12260815323461807,
            0.001602909655280358,
            3.0034455632432035e-07
        ],
        "calibration": [
            0.08360606811696157,
            -0.05005400375910769
        ]
    }
}