{
    "cuspEmax_ctc": {
        "resolution": [
            0.11987257730846335,
            0.0016366988513802387,
            2.4319913465836185e-07
        ],
        "calibration": [
            0.08360464322285577,
            -0.04672551717588402
        ]
    }
}