{
    "C_60": 699588.2944757126,
    "C_60_err": 5.157565787380046e-06,
    "C_99_103": 4838.109620195516,
    "C_99_103_err": 6.657379552973212e-06,
    "O_Am241": 144.59951290798597,
    "O_Am241_err": 1.9897599110018604e-07
}