{
    "C_60": 2212359.925936931,
    "C_60_err": 1.7126832639099282e-05,
    "C_99_103": 6551.487984494581,
    "C_99_103_err": 1.3127307424483837e-05,
    "O_Am241": 337.6881604870416,
    "O_Am241_err": 6.766355050643225e-07
}