{
    "C_60": 630395.227967292,
    "C_60_err": 4.7161272570669585e-06,
    "C_99_103": 4700.845070766184,
    "C_99_103_err": 4.225642896520133e-06,
    "O_Am241": 134.10253230586574,
    "O_Am241_err": 1.205504604480986e-07
}