{
    "C_60": 862063.8499725895,
    "C_60_err": 6.4573208715312455e-06,
    "C_99_103": 5116.6241547299,
    "C_99_103_err": 2.9482576717904254e-06,
    "O_Am241": 168.48293404073507,
    "O_Am241_err": 9.709000650600131e-08
}