{
    "C_60": 1267853.7888253657,
    "C_60_err": 1874.1482972385006,
    "C_99_103": 49064.47416340935,
    "C_99_103_err": 449.07890868807283,
    "O_Am241": 25.840566121279025,
    "O_Am241_err": 0.23957902477282544
}