{
    "C_60": 778092.1159028093,
    "C_60_err": 2.7554179130029333e-06,
    "C_99_103": 39153.622986190414,
    "C_99_103_err": 3.4027532479411046e-05,
    "O_Am241": 19.872799923962194,
    "O_Am241_err": 1.727114650067889e-08
}