{
    "C_60": 2455660.836209086,
    "C_60_err": 1.8901300902068874e-05,
    "C_99_103": 6706.1224804868425,
    "C_99_103_err": 1.1393571231115263e-05,
    "O_Am241": 366.181924555427,
    "O_Am241_err": 6.221423285894015e-07
}