{
    "C_60": 3724044.669260106,
    "C_60_err": 2.759308015186021e-05,
    "C_99_103": 7435.279322027037,
    "C_99_103_err": 2.860792888474742e-05,
    "O_Am241": 500.86143478532307,
    "O_Am241_err": 1.9271145380424903e-06
}