{
    "C_60": 1616699.0769436823,
    "C_60_err": 1.1946171950341644e-05,
    "C_99_103": 6052.760477711646,
    "C_99_103_err": 3.6242951637881605e-05,
    "O_Am241": 267.10111574659635,
    "O_Am241_err": 1.5993595363807755e-06
}