{
    "C_60": 4134768.763596209,
    "C_60_err": 3.3187160366678764e-05,
    "C_99_103": 7674.979142248546,
    "C_99_103_err": 1.888832363035308e-05,
    "O_Am241": 538.7335505363786,
    "O_Am241_err": 1.3258443550716602e-06
}