{
    "C_60": 1455797.9248825887,
    "C_60_err": 1.0590791338430106e-05,
    "C_99_103": 5909.738650872119,
    "C_99_103_err": 9.7717854490354e-06,
    "O_Am241": 246.33879954534908,
    "O_Am241_err": 4.073265058074122e-07
}