{
    "C_60": 1063996.2412664574,
    "C_60_err": 8.250332606250278e-06,
    "C_99_103": 5388.72193509854,
    "C_99_103_err": 2.9105206374559965e-05,
    "O_Am241": 197.44871865373042,
    "O_Am241_err": 1.0664479808545167e-06
}