{
    "C_60": 776394.2490318808,
    "C_60_err": 5.839153184332077e-06,
    "C_99_103": 4945.6503766471515,
    "C_99_103_err": 8.02363215278287e-06,
    "O_Am241": 156.9852678422102,
    "O_Am241_err": 2.5468957184534025e-07
}