{
    "C_60": 2725542.017969494,
    "C_60_err": 2.0232472408513585e-05,
    "C_99_103": 6852.858117262468,
    "C_99_103_err": 5.3682153700604394e-05,
    "O_Am241": 397.72339822763973,
    "O_Am241_err": 3.115584448863269e-06
}