{
    "C_60": 1267853.7888253657,
    "C_60_err": 3.885379948808873e-06,
    "C_99_103": 49064.474163409344,
    "C_99_103_err": 3.997577162596303e-06,
    "O_Am241": 25.84056612127903,
    "O_Am241_err": 2.1068747350391214e-09
}