{
    "C_60": 3024802.2238634448,
    "C_60_err": 2.3877913180331972e-05,
    "C_99_103": 7074.753367534534,
    "C_99_103_err": 6.866033478876173e-05,
    "O_Am241": 427.54878745936435,
    "O_Am241_err": 4.149353492852344e-06
}