{
    "C_60": 957997.4906740452,
    "C_60_err": 6.894397692027224e-06,
    "C_99_103": 5229.413344267238,
    "C_99_103_err": 5.8492729178111306e-05,
    "O_Am241": 183.19406549192618,
    "O_Am241_err": 2.049087033737927e-06
}