{
    "C_60": 4580028.423783581,
    "C_60_err": 3.614945238603409e-05,
    "C_99_103": 7858.330502105537,
    "C_99_103_err": 2.2493246011166885e-05,
    "O_Am241": 582.8246117360961,
    "O_Am241_err": 1.6682509357624023e-06
}