{
    "C_60": 1310518.2752926913,
    "C_60_err": 9.303306877078005e-06,
    "C_99_103": 5747.265918342437,
    "C_99_103_err": 1.758849070120655e-05,
    "O_Am241": 228.02464579029893,
    "O_Am241_err": 6.978309703113627e-07
}