{
    "C_60": 567276.2056970298,
    "C_60_err": 4.177557279807977e-06,
    "C_99_103": 4528.035554292453,
    "C_99_103_err": 7.275472953268577e-06,
    "O_Am241": 125.28086383051203,
    "O_Am241_err": 2.0129857613534483e-07
}