{
    "C_60": 3358332.520494967,
    "C_60_err": 2.6017337358234804e-05,
    "C_99_103": 7213.160198422015,
    "C_99_103_err": 2.8945850022348083e-05,
    "O_Am241": 465.58407523371676,
    "O_Am241_err": 1.8683561098735655e-06
}