{
    "C_60": 1180822.87575667,
    "C_60_err": 8.769574837033493e-06,
    "C_99_103": 5550.214145705874,
    "C_99_103_err": 1.5776396629284727e-05,
    "O_Am241": 212.75266949298825,
    "O_Am241_err": 6.04748189172913e-07
}