{
    "C_60": 1991195.1359048039,
    "C_60_err": 1.4021812804578329e-05,
    "C_99_103": 6399.108380633766,
    "C_99_103_err": 1.4340352382091708e-05,
    "O_Am241": 311.16759046165686,
    "O_Am241_err": 6.973276059906466e-07
}