{
    "C_60": 1794545.0591795498,
    "C_60_err": 1.4192423456113601e-05,
    "C_99_103": 6238.202070963301,
    "C_99_103_err": 5.4700806636745654e-05,
    "O_Am241": 287.6702355527314,
    "O_Am241_err": 2.5224896775264904e-06
}