{
    "C_1173": 60217.93498551953,
    "C_1173_err": 270.7682469747377,
    "C_1332": 54239.28066629949,
    "C_1332_err": 197.46022213551436
}