{
    "C_1173": 86451.86047815222,
    "C_1173_err": 355.0119285149231,
    "C_1332": 77768.22657607372,
    "C_1332_err": 220.64497794447632
}