{
    "C_1173": 15480.452852484026,
    "C_1173_err": 121.55145729246135,
    "C_1332": 13616.782552347164,
    "C_1332_err": 111.96137446239136
}