{
    "C_1173": 98016.70989615697,
    "C_1173_err": 309.3561243917016,
    "C_1332": 87976.73828959081,
    "C_1332_err": 255.51186431979917
}