{
    "C_1173": 72554.69887603125,
    "C_1173_err": 271.5861545374103,
    "C_1332": 65391.5961702005,
    "C_1332_err": 211.80012161289042
}