{
    "C_1173": 102052.04698251022,
    "C_1173_err": 321.7370802831513,
    "C_1332": 91456.70912304806,
    "C_1332_err": 296.1002459250736
}