{
    "C_1173": 78765.92598236652,
    "C_1173_err": 487.6883934078703,
    "C_1332": 70506.25377358189,
    "C_1332_err": 442.718860750443
}