{
    "C_1173": 73341.51359773088,
    "C_1173_err": 468.186264929357,
    "C_1332": 65755.22751167376,
    "C_1332_err": 407.5132092818108
}