{
    "C_1173": 93955.87392639068,
    "C_1173_err": 340.72479914810657,
    "C_1332": 84441.76118647108,
    "C_1332_err": 219.79667115712778
}