{
    "C_1173": 15898.673589916532,
    "C_1173_err": 121.31170730779967,
    "C_1332": 13962.086556908369,
    "C_1332_err": 111.22406515972466
}