{
    "C_1173": 75822.00163838577,
    "C_1173_err": 298.59754109512284,
    "C_1332": 68348.64059538156,
    "C_1332_err": 228.2619755531884
}