{
    "C_1173": 82862.17890367565,
    "C_1173_err": 345.22571775708224,
    "C_1332": 74545.16476550333,
    "C_1332_err": 216.44260417862307
}