{
    "C_1173": 79278.67890055753,
    "C_1173_err": 290.9368814283207,
    "C_1332": 71427.30555318866,
    "C_1332_err": 216.42211262275202
}