{
    "C_1173": 90121.81019680541,
    "C_1173_err": 315.2697167415007,
    "C_1332": 81073.24204854792,
    "C_1332_err": 258.30039366887866
}