{
    "cuspEmax_ctc": {
        "resolution": [
            0.3487872158823756,
            0.001932403525831768,
            6.0496301178095104e-24
        ],
        "calibration": [
            0.1340935525340846,
            -0.3121694474010208
        ]
    }
}