{
    "FCCD": 10.728545627582134,
    "FCCD_err_up": -0.034682041664632735,
    "FCCD_err_low": 0.20251057908511072,
    "O_Am241_data": 0.2976856346445307,
    "O_Am241_data_err": 0.00739602715655096,
    "a": 883.0920766435029,
    "a_err": 3.690585127646115
}