{
    "cuspEmax_ctc": {
        "resolution": [
            0.15487789177091615,
            0.0016696460242191938
        ],
        "calibration": [
            0.06665792959564407,
            0.0
        ]
    }
}