{
    "C_60": 1837287.7180024195,
    "C_60_err": 5939.535955827688,
    "C_99_103": 5516.94432017018,
    "C_99_103_err": 88.39323069182272,
    "O_Am241": 333.026329681309,
    "O_Am241_err": 5.443321837130778
}