{
    "C_60": 1486545.805866447,
    "C_60_err": 5145.7471890932175,
    "C_99_103": 5158.927809833359,
    "C_99_103_err": 65.32279016631578,
    "O_Am241": 288.1501468256569,
    "O_Am241_err": 3.7824658516343237
}