{
    "C_60": 6727674.1669994015,
    "C_60_err": 17310.70260896025,
    "C_99_103": 8194.175230500005,
    "C_99_103_err": 95.02359010352765,
    "O_Am241": 821.0312786524194,
    "O_Am241_err": 9.752627695452617
}