{
    "C_60": 979921.7122254447,
    "C_60_err": 3386.380369622806,
    "C_99_103": 4493.932049243732,
    "C_99_103_err": 73.47553221991217,
    "O_Am241": 218.0544123693086,
    "O_Am241_err": 3.6439427170264476
}