{
    "C_60": 2044752.543819262,
    "C_60_err": 6560.187886634403,
    "C_99_103": 5695.783288858458,
    "C_99_103_err": 79.09371618052519,
    "O_Am241": 358.99409091265983,
    "O_Am241_err": 5.116444204066729
}