{
    "C_60": 885373.7059457904,
    "C_60_err": 3403.799242167734,
    "C_99_103": 4371.475045118001,
    "C_99_103_err": 65.19008538032848,
    "O_Am241": 202.53431549027434,
    "O_Am241_err": 3.1190667768585287
}