{
    "C_60": 2533830.5336774653,
    "C_60_err": 7459.129729645754,
    "C_99_103": 6103.964952664715,
    "C_99_103_err": 75.4829996485522,
    "O_Am241": 415.11223496971576,
    "O_Am241_err": 5.276818710420679
}