{
    "C_60": 1.5933434861026735e-147,
    "C_60_err": 0.0020140180681460203,
    "C_99_103": 742.7645563583728,
    "C_99_103_err": 5521203.556006759,
    "O_Am241": 2.1451528246238894e-150,
    "O_Am241_err": 2.7115161202903263e-06
}