{
    "C_60": 4848189.799175132,
    "C_60_err": 12690.654965883072,
    "C_99_103": 7449.652163347635,
    "C_99_103_err": 87.14881872504436,
    "O_Am241": 650.7941166741014,
    "O_Am241_err": 7.801494056740839
}