{
    "C_60": 1086505.171539843,
    "C_60_err": 3835.5708735048624,
    "C_99_103": 4694.399978661862,
    "C_99_103_err": 77.24084019878958,
    "O_Am241": 231.44708087902453,
    "O_Am241_err": 3.894853736606452
}