{
    "C_60": 2488059.5050502094,
    "C_60_err": 7363.157460429052,
    "C_99_103": 6062.774656052137,
    "C_99_103_err": 71.21177301728018,
    "O_Am241": 410.3829758156219,
    "O_Am241_err": 4.970895581311067
}