{
    "cuspEmax_ctc": {
        "resolution": [
            0.13444666244249545,
            0.0016962409857008206
        ],
        "calibration": [
            0.0917493036901568,
            0.0815404950568465
        ]
    }
}