{
    "C_60": 632604.5347866212,
    "C_60_err": 0.0025935674127119945,
    "C_99_103": 4816.166330251344,
    "C_99_103_err": 2.1156908538095057e-05,
    "O_Am241": 131.35022576215866,
    "O_Am241_err": 7.892616063178585e-07
}