{
    "C_60": 779627.000308891,
    "C_60_err": 0.0022358028783342476,
    "C_99_103": 5021.307489659678,
    "C_99_103_err": 5.136696303083625e-05,
    "O_Am241": 155.26374393808146,
    "O_Am241_err": 1.6495482544350816e-06
}