{
    "C_60": 1315714.114188686,
    "C_60_err": 0.005463954796134374,
    "C_99_103": 5803.647629799845,
    "C_99_103_err": 6.266968590565518e-05,
    "O_Am241": 226.70468610687553,
    "O_Am241_err": 2.6228270299331946e-06
}