{
    "C_60": 865448.3376529912,
    "C_60_err": 0.004618614289362277,
    "C_99_103": 5222.9490916999175,
    "C_99_103_err": 3.7769709949880606e-05,
    "O_Am241": 165.70108619827903,
    "O_Am241_err": 1.4892327985812772e-06
}