{
    "C_60": 3385381.2324973554,
    "C_60_err": 0.025189701439769507,
    "C_99_103": 7322.805354051763,
    "C_99_103_err": 3.38574302574386e-05,
    "O_Am241": 462.3065981979432,
    "O_Am241_err": 4.0499151194409775e-06
}