{
    "C_60": 4595009.236252638,
    "C_60_err": 0.02069021304333063,
    "C_99_103": 8018.444955089058,
    "C_99_103_err": 0.0001101805040991662,
    "O_Am241": 573.0549080263161,
    "O_Am241_err": 8.286276049780138e-06
}