{
    "C_60": 2232600.482183903,
    "C_60_err": 0.014198707489097018,
    "C_99_103": 6610.019143387315,
    "C_99_103_err": 9.80287895666014e-09,
    "O_Am241": 337.76006298217817,
    "O_Am241_err": 2.1480585104436177e-06
}