{
    "C_60": 569575.557894982,
    "C_60_err": 0.0034370368312552912,
    "C_99_103": 4633.545970699532,
    "C_99_103_err": 6.0709091487369185e-05,
    "O_Am241": 122.92433516290173,
    "O_Am241_err": 1.7731735518269431e-06
}