{
    "C_60": 3734837.3706326648,
    "C_60_err": 0.017766506158638506,
    "C_99_103": 7563.526084545061,
    "C_99_103_err": 4.529058740152191e-05,
    "O_Am241": 493.79579430078894,
    "O_Am241_err": 3.7763339809552873e-06
}