{
    "C_60": 1621575.0080507786,
    "C_60_err": 0.0062535354248360875,
    "C_99_103": 6141.961882677566,
    "C_99_103_err": 6.839569580027779e-05,
    "O_Am241": 264.0158045630623,
    "O_Am241_err": 3.1113390596231987e-06
}