{
    "C_60": 2462467.7208632175,
    "C_60_err": 0.009853512894784089,
    "C_99_103": 6782.655092984087,
    "C_99_103_err": 5.989100646753704e-05,
    "O_Am241": 363.05365481585085,
    "O_Am241_err": 3.5195829450539857e-06
}