{
    "C_60": 1067199.179046275,
    "C_60_err": 0.003448752663486321,
    "C_99_103": 5508.803613445716,
    "C_99_103_err": 3.0112668543225668e-05,
    "O_Am241": 193.72612529542505,
    "O_Am241_err": 1.2301748817336569e-06
}