{
    "C_60": 2733141.442835413,
    "C_60_err": 0.010022073606235082,
    "C_99_103": 6988.606356309212,
    "C_99_103_err": 2.6200875462874026e-05,
    "O_Am241": 391.0853328243295,
    "O_Am241_err": 2.0509272484910897e-06
}