{
    "C_60": 1799376.2773464299,
    "C_60_err": 0.00632132972749222,
    "C_99_103": 6333.210096133664,
    "C_99_103_err": 7.371183965514332e-05,
    "O_Am241": 284.1175722948026,
    "O_Am241_err": 3.454179395246461e-06
}