{
    "C_60": 1184646.5090755855,
    "C_60_err": 0.005499622142555172,
    "C_99_103": 5646.7242438992125,
    "C_99_103_err": 1.9679917243765583e-05,
    "O_Am241": 209.79358259888318,
    "O_Am241_err": 1.2178619619464342e-06
}