{
    "C_60": 702257.659937417,
    "C_60_err": 0.0032249084600977085,
    "C_99_103": 4920.473609065773,
    "C_99_103_err": 2.247985305295484e-06,
    "O_Am241": 142.7215580718766,
    "O_Am241_err": 6.58641606557579e-07
}