{
    "C_60": 1998634.8056276743,
    "C_60_err": 0.008884982136883046,
    "C_99_103": 6505.263631276386,
    "C_99_103_err": 6.421676089187e-05,
    "O_Am241": 307.2334833623838,
    "O_Am241_err": 3.326210272504433e-06
}