{
    "C_60": 4166297.7935341382,
    "C_60_err": 0.027153058695699173,
    "C_99_103": 7816.934691943041,
    "C_99_103_err": 2.2820299244045557e-05,
    "O_Am241": 532.9835744730432,
    "O_Am241_err": 3.80618554835129e-06
}