{
    "C_60": 3050768.52614169,
    "C_60_err": 0.02079256433305865,
    "C_99_103": 7204.0450142424625,
    "C_99_103_err": 4.617384361732e-05,
    "O_Am241": 423.47993663425103,
    "O_Am241_err": 3.962018654436054e-06
}