{
    "C_60": 961429.8221084751,
    "C_60_err": 0.005479025620536149,
    "C_99_103": 5369.789672345683,
    "C_99_103_err": 2.2091172777530593e-06,
    "O_Am241": 179.0442234748636,
    "O_Am241_err": 1.0229979208978234e-06
}