{
    "C_60": 1460419.2126084138,
    "C_60_err": 0.006626952345638593,
    "C_99_103": 5965.499861201773,
    "C_99_103_err": 3.9403667406474665e-05,
    "O_Am241": 244.81087026866626,
    "O_Am241_err": 1.961853409956387e-06
}