{
    "C_60": 1099768.467866548,
    "C_60_err": 1.831792407602957e-05,
    "C_99_103": 43140.732642388975,
    "C_99_103_err": 8.262216694252314e-05,
    "O_Am241": 25.49257744375773,
    "O_Am241_err": 4.8824660910381304e-08
}