{
    "C_60": 960503.412234597,
    "C_60_err": 6.566491883436276e-05,
    "C_99_103": 5352.878903987028,
    "C_99_103_err": 2.8014690909707613e-05,
    "O_Am241": 179.43679083029087,
    "O_Am241_err": 9.391759441000206e-07
}