{
    "C_60": 3753388.958623846,
    "C_60_err": 0.00025462847660417953,
    "C_99_103": 7561.382358410301,
    "C_99_103_err": 3.2467897800165753e-05,
    "O_Am241": 496.389255391782,
    "O_Am241_err": 2.1317169487169866e-06
}