{
    "C_60": 865151.1562393566,
    "C_60_err": 5.882404168218447e-05,
    "C_99_103": 5173.896720035512,
    "C_99_103_err": 2.4533535123024645e-05,
    "O_Am241": 167.2146165749939,
    "O_Am241_err": 7.929782153958649e-07
}