{
    "C_60": 1811703.3001866145,
    "C_60_err": 0.00012245829537751995,
    "C_99_103": 6302.465102563247,
    "C_99_103_err": 3.46704605035899e-05,
    "O_Am241": 287.4594735081968,
    "O_Am241_err": 1.5814612957290217e-06
}