{
    "C_60": 1067049.388035966,
    "C_60_err": 7.335756249830794e-05,
    "C_99_103": 5448.7709918217615,
    "C_99_103_err": 1.9401254898845208e-05,
    "O_Am241": 195.83304008143037,
    "O_Am241_err": 6.974260523176265e-07
}