{
    "C_60": 1460492.5327057058,
    "C_60_err": 0.00010058391339690109,
    "C_99_103": 5937.430710659938,
    "C_99_103_err": 1.7109697168029238e-05,
    "O_Am241": 245.98056025876113,
    "O_Am241_err": 7.090364287250854e-07
}