{
    "C_60": 3031526.96283894,
    "C_60_err": 0.00020774610720752928,
    "C_99_103": 7189.969163374687,
    "C_99_103_err": 2.5632037713996417e-05,
    "O_Am241": 421.6328184384119,
    "O_Am241_err": 1.50338681552356e-06
}