{
    "C_60": 2461080.4046560936,
    "C_60_err": 0.00016905630945973638,
    "C_99_103": 6787.465859769038,
    "C_99_103_err": 4.198150638879676e-05,
    "O_Am241": 362.59193865615094,
    "O_Am241_err": 2.2428244707499545e-06
}