{
    "C_60": 1133653.869877014,
    "C_60_err": 9.90209251178209e-06,
    "C_99_103": 41413.55855532774,
    "C_99_103_err": 0.00023501889872684645,
    "O_Am241": 27.37397870222801,
    "O_Am241_err": 1.5534549971759988e-07
}