{
    "C_60": 1622036.807883388,
    "C_60_err": 0.00011091001042989879,
    "C_99_103": 6099.867924410997,
    "C_99_103_err": 4.0052126261536086e-05,
    "O_Am241": 265.9134309108851,
    "O_Am241_err": 1.746099410245936e-06
}