{
    "C_60": 632256.8847546201,
    "C_60_err": 4.370149748182672e-05,
    "C_99_103": 4775.650700957287,
    "C_99_103_err": 3.389456096499606e-05,
    "O_Am241": 132.39177744467014,
    "O_Am241_err": 9.396780141214933e-07
}