{
    "C_60": 3383855.871938323,
    "C_60_err": 0.00023114578304922473,
    "C_99_103": 7350.309499836476,
    "C_99_103_err": 5.6613381238530865e-05,
    "O_Am241": 460.3691684021747,
    "O_Am241_err": 3.545984043878064e-06
}