{
    "C_60": 3145126.512463587,
    "C_60_err": 0.0002144681766463874,
    "C_99_103": 7836.886888304527,
    "C_99_103_err": 4.851348302116144e-05,
    "O_Am241": 401.32345372462305,
    "O_Am241_err": 2.4845043754645925e-06
}