{
    "C_60": 1314930.6964232894,
    "C_60_err": 9.011091475788491e-05,
    "C_99_103": 5781.294604365049,
    "C_99_103_err": 4.724696964036083e-05,
    "O_Am241": 227.44571699052972,
    "O_Am241_err": 1.8588394856067734e-06
}