{
    "C_60": 569291.6447694554,
    "C_60_err": 3.9212483484846183e-05,
    "C_99_103": 4627.640735373837,
    "C_99_103_err": 1.4125019133735501e-05,
    "O_Am241": 123.01984473811277,
    "O_Am241_err": 3.7559096393487677e-07
}