{
    "C_60": 779028.056471593,
    "C_60_err": 5.353762138178564e-05,
    "C_99_103": 5028.319449646947,
    "C_99_103_err": 2.06696149432902e-05,
    "O_Am241": 154.92811550115235,
    "O_Am241_err": 6.369428246506435e-07
}