{
    "C_60": 2732369.114605008,
    "C_60_err": 0.00018685234050630495,
    "C_99_103": 6988.308137861733,
    "C_99_103_err": 3.6376034184429313e-05,
    "O_Am241": 390.9915047679985,
    "O_Am241_err": 2.0353921728830132e-06
}