{
    "C_60": 4615302.161520368,
    "C_60_err": 0.00031293744510912935,
    "C_99_103": 7991.868002182505,
    "C_99_103_err": 3.8510014633658674e-05,
    "O_Am241": 577.4997985777509,
    "O_Am241_err": 2.783044875897113e-06
}