{
    "C_60": 1997611.8891861117,
    "C_60_err": 0.00013677668507766638,
    "C_99_103": 6458.588913709444,
    "C_99_103_err": 3.423975143387612e-05,
    "O_Am241": 309.29540738315825,
    "O_Am241_err": 1.6398444360202369e-06
}