{
    "C_60": 702031.985411128,
    "C_60_err": 4.826062266642672e-05,
    "C_99_103": 4924.981274145562,
    "C_99_103_err": 2.7048746185205587e-05,
    "O_Am241": 142.5451075512818,
    "O_Am241_err": 7.829407345969977e-07
}