{
    "C_60": 2217986.253791246,
    "C_60_err": 0.00015233305320605517,
    "C_99_103": 6622.286711879527,
    "C_99_103_err": 3.826395164374618e-05,
    "O_Am241": 334.92754848751343,
    "O_Am241_err": 1.9353672526461887e-06
}