{
    "C_60": 1184336.516748828,
    "C_60_err": 8.159873380167437e-05,
    "C_99_103": 5623.2516944836125,
    "C_99_103_err": 1.8872217183927206e-05,
    "O_Am241": 210.61417505296046,
    "O_Am241_err": 7.069919970547843e-07
}