{
    "cuspEmax_ctc": {
        "resolution": [
            0.3333156531244741,
            0.001877930525980526,
            8.465301872667413e-25
        ],
        "calibration": [
            0.057632348196328745,
            -0.11408210100679873
        ]
    }
}