{
    "cuspEmax_ctc": {
        "resolution": [
            0.424935742758819,
            1.0441312347122295e-20,
            9.526320662067737e-06
        ],
        "calibration": [
            0.13828564708725571,
            0.0687185176160946
        ]
    }
}