{
    "C_79": 98552.8547179136,
    "C_79_err": 229.38396260233665,
    "C_81": 1223542.9887620024,
    "C_81_err": 2847.8235357044814,
    "C_356": 1235752.5408331729,
    "C_356_err": 2961.8377695371337,
    "C_161": 21356.868228619955,
    "C_161_err": 319.0182592655653,
    "C_223": 11797.095984173917,
    "C_223_err": 199.94732407510554,
    "C_276": 164460.43446882267,
    "C_276_err": 442.10555920028287,
    "C_303": 408868.6340896125,
    "C_303_err": 759.1828928687933,
    "C_383": 179771.77254082265,
    "C_383_err": 3036.2158537425794,
    "O_Ba133": 1.0698710298329863,
    "O_Ba133_err": 0.0034526363232314215
}