{
    "C_79": 43739.08536869117,
    "C_79_err": 69.62314451770257,
    "C_81": 543024.8711811109,
    "C_81_err": 864.3779074084583,
    "C_356": 1013911.1376961755,
    "C_356_err": 1492.8581600977082,
    "C_161": 15422.281232541865,
    "C_161_err": 240.83665521059933,
    "C_223": 10051.444502028056,
    "C_223_err": 249.1905721378438,
    "C_276": 135395.58758542678,
    "C_276_err": 356.41826632600845,
    "C_303": 336364.2888822,
    "C_303_err": 575.2923016473525,
    "C_383": 143918.25086229775,
    "C_383_err": 353.8178546729576,
    "O_Ba133": 0.5787133948277322,
    "O_Ba133_err": 0.0012072900687261025
}