{
    "C_79": 17375.14775145902,
    "C_79_err": 69.9252473394214,
    "C_81": 215714.09849924227,
    "C_81_err": 868.1285424403638,
    "C_356": 306088.70192108135,
    "C_356_err": 1755.5051439243077,
    "C_161": 4820.427387427801,
    "C_161_err": 129.00840762053028,
    "C_223": 3055.1516592196176,
    "C_223_err": 130.40386930527026,
    "C_276": 41047.67040436453,
    "C_276_err": 284.3974183626163,
    "C_303": 99178.87116112284,
    "C_303_err": 528.2746823060148,
    "C_383": 42331.93467266438,
    "C_383_err": 324.79425167878424,
    "O_Ba133": 0.761508820115806,
    "O_Ba133_err": 0.005212580197119345
}