{
    "C_79": 19513.81895105658,
    "C_79_err": 46.40474275305682,
    "C_81": 242265.9032036885,
    "C_81_err": 576.1192590851206,
    "C_356": 807966.0846045401,
    "C_356_err": 915.0830857133232,
    "C_161": 11177.855121116647,
    "C_161_err": 266.3957995293551,
    "C_223": 7854.097603857295,
    "C_223_err": 229.2008096935162,
    "C_276": 108102.01084797885,
    "C_276_err": 438.3137165232756,
    "C_303": 267594.4333104136,
    "C_303_err": 534.5034581406617,
    "C_383": 113574.79142007325,
    "C_383_err": 356.5487976028669,
    "O_Ba133": 0.32399840431776716,
    "O_Ba133_err": 0.000803984872660531
}