{
    "C_79": 63617.61282516496,
    "C_79_err": 80.48332385557674,
    "C_81": 789818.6648859825,
    "C_81_err": 999.2080584333868,
    "C_356": 1121923.412948263,
    "C_356_err": 2106.545538778674,
    "C_161": 17579.0557361471,
    "C_161_err": 223.7077644328122,
    "C_223": 11169.363518503964,
    "C_223_err": 185.3186235107174,
    "C_276": 149839.61645120216,
    "C_276_err": 390.46788727758627,
    "C_303": 372321.4547062064,
    "C_303_err": 694.0933582855886,
    "C_383": 160715.03582242847,
    "C_383_err": 503.79373888118874,
    "O_Ba133": 0.7606903179499858,
    "O_Ba133_err": 0.0016847419250675423
}