{
    "C_79": 75386.20910309134,
    "C_79_err": 114.65467366914243,
    "C_81": 935926.8979213812,
    "C_81_err": 1423.4485900810514,
    "C_356": 1172673.0729104828,
    "C_356_err": 2532.4473698344464,
    "C_161": 19081.61242201666,
    "C_161_err": 276.44417781653624,
    "C_223": 11230.512199234967,
    "C_223_err": 231.0336379787893,
    "C_276": 156515.81602649108,
    "C_276_err": 482.1359891265118,
    "C_303": 388882.0077723093,
    "C_303_err": 737.9860632592641,
    "C_383": 168724.23652346645,
    "C_383_err": 521.5349144737742,
    "O_Ba133": 0.862399871188713,
    "O_Ba133_err": 0.0022251990535728477
}