{
    "C_79": 57357.58436031501,
    "C_79_err": 91.77213211866467,
    "C_81": 712099.8209261617,
    "C_81_err": 1139.359678001535,
    "C_356": 1091185.3702670783,
    "C_356_err": 1807.575223350961,
    "C_161": 16599.19807170095,
    "C_161_err": 203.61063253448694,
    "C_223": 10740.167184812113,
    "C_223_err": 213.5035958787926,
    "C_276": 145612.077874178,
    "C_276_err": 417.0524881301721,
    "C_303": 362242.99566694075,
    "C_303_err": 622.5970618690657,
    "C_383": 155900.2386016022,
    "C_383_err": 345.11749766858526,
    "O_Ba133": 0.7051573694560663,
    "O_Ba133_err": 0.0015690129287410962
}