{
    "C_79": 65741.37269554503,
    "C_79_err": 98.54691449895111,
    "C_81": 816185.3440314683,
    "C_81_err": 1223.4692403832044,
    "C_356": 1131543.8268623876,
    "C_356_err": 2176.55233523836,
    "C_161": 17777.974396972426,
    "C_161_err": 244.3411686851312,
    "C_223": 11160.277343674075,
    "C_223_err": 227.99950599916437,
    "C_276": 151093.7608050046,
    "C_276_err": 357.0538668703348,
    "C_303": 375520.62743148365,
    "C_303_err": 611.0175068251026,
    "C_383": 162275.73096455348,
    "C_383_err": 364.98149539581794,
    "O_Ba133": 0.7794012885673836,
    "O_Ba133_err": 0.0018504744281078644
}