{
    "C_79": 86588.38675891115,
    "C_79_err": 159.60508791260696,
    "C_81": 1075002.9903276367,
    "C_81_err": 1981.5122235187807,
    "C_356": 1212753.9935341093,
    "C_356_err": 2952.2457458761587,
    "C_161": 20353.368097855036,
    "C_161_err": 330.7076113443439,
    "C_223": 11613.524916873896,
    "C_223_err": 202.61628518026572,
    "C_276": 161866.54375209077,
    "C_276_err": 453.5178557795172,
    "C_303": 401891.73097248905,
    "C_303_err": 523.8556782769349,
    "C_383": 175182.14849596165,
    "C_383_err": 1004.4913796466026,
    "O_Ba133": 0.9578128649995474,
    "O_Ba133_err": 0.002850166785513265
}