{
    "C_79": 50090.7556236936,
    "C_79_err": 75.94277668547082,
    "C_81": 621881.4566111268,
    "C_81_err": 942.836736963015,
    "C_356": 1051877.3233725827,
    "C_356_err": 1916.1347928911007,
    "C_161": 15614.09001596906,
    "C_161_err": 251.4611482377923,
    "C_223": 10581.474686532478,
    "C_223_err": 200.83643041280882,
    "C_276": 140512.1926370043,
    "C_276_err": 397.8953099486657,
    "C_303": 349417.39379703795,
    "C_303_err": 575.7396288198546,
    "C_383": 149902.54292834518,
    "C_383_err": 446.73729081784603,
    "O_Ba133": 0.6388313516259756,
    "O_Ba133_err": 0.0014706695160712124
}