{
    "cuspEmax_ctc": {
        "resolution": [
            0.14186792947050417,
            0.0017101406181796637,
            1.9054195608514895e-25
        ],
        "calibration": [
            0.05988467647031462,
            0.06488075267152467
        ]
    }
}