{
    "trapEmax": {
        "resolution": [
            0.17992223935005347,
            0.0016587822681926063,
            1.2262689139273703e-20
        ],
        "calibration": [
            0.059932324609942404,
            0.003325818113642429
        ]
    }
}