{
    "cuspEmax_ctc": {
        "resolution": [
            0.15631418992501267,
            0.0012546484248032108,
            2.632602535624106e-06
        ],
        "calibration": [
            0.059809052193712804,
            0.13925205651734684
        ]
    }
}