{
    "trapEmax": {
        "resolution": [
            0.17734733319156,
            0.0016805466477088774,
            1.5153729995427347e-19
        ],
        "calibration": [
            0.059914308281454796,
            0.02051327544344683
        ]
    }
}