{
    "trapEmax": {
        "resolution": [
            0.20916307603837672,
            0.0009598591223249993,
            3.8023362783679614e-06
        ],
        "calibration": [
            0.05996313969515254,
            -0.027824769374901377
        ]
    }
}