{
    "FCCD_1173": 1.6356540829718476,
    "FCCD_err_up_1173": 0.018706103408524077,
    "FCCD_err_low_1173": 0.01810184006288207,
    "FCCD_1332": 1.6880417939001104,
    "FCCD_err_up_1332": 0.019880643168542544,
    "FCCD_err_low_1332": 0.01908090805813023,
    "FCCD_av": 1.661847938435979,
    "FCCD_av_err_up": 0.013648793696928983,
    "FCCD_av_err_low": 0.013150643197054864
}