{
    "FCCD_1173": 1.6983648136692853,
    "FCCD_err_up_1173": 0.01881722648979145,
    "FCCD_err_low_1173": 0.01824206887174684,
    "FCCD_1332": 1.7507306672906804,
    "FCCD_err_up_1332": 0.01998184306904016,
    "FCCD_err_low_1332": 0.019230250670132287,
    "FCCD_av": 1.724547740479983,
    "FCCD_av_err_up": 0.013723720934971111,
    "FCCD_av_err_low": 0.013253071507745651
}