{
    "FCCD_1173": 1.7601944359810862,
    "FCCD_err_up_1173": 0.26924050106019815,
    "FCCD_err_low_1173": 0.28963901361744426,
    "FCCD_1332": 1.7722368825372663,
    "FCCD_err_up_1332": 0.26734068861051696,
    "FCCD_err_low_1332": 0.2880987294291577,
    "FCCD_av": 1.7662156592591762,
    "FCCD_av_err_up": 0.18971128801279324,
    "FCCD_av_err_low": 0.20426186385861475
}