{
    "FCCD_1173": 5.0643131768259995,
    "FCCD_err_up_1173": 0.013958613828926048,
    "FCCD_err_low_1173": 0.013676876423930118,
    "FCCD_1332": 5.099384822821194,
    "FCCD_err_up_1332": 0.012531196692635582,
    "FCCD_err_low_1332": 0.01517210863100793,
    "FCCD_av": 5.081848999823597,
    "FCCD_av_err_up": 0.009379149622628462,
    "FCCD_av_err_low": 0.01021334701538336
}