{
    "FCCD_1173": 1.4689589072123759,
    "FCCD_err_up_1173": 0.008688327209380953,
    "FCCD_err_low_1173": 0.014914548268383898,
    "FCCD_1332": 1.5644137350343708,
    "FCCD_err_up_1332": 0.010067822402355597,
    "FCCD_err_low_1332": 0.01506751796530259,
    "FCCD_av": 1.5166863211233732,
    "FCCD_av_err_up": 0.006649211938693236,
    "FCCD_av_err_low": 0.010600399139710134
}