{
    "FCCD_1173": 1.669932338773977,
    "FCCD_err_up_1173": 0.019965667913840024,
    "FCCD_err_low_1173": 0.02032009226959719,
    "FCCD_1332": 1.6948267677722466,
    "FCCD_err_up_1332": 0.021135797771812515,
    "FCCD_err_low_1332": 0.02157475027222744,
    "FCCD_av": 1.6823795532731118,
    "FCCD_av_err_up": 0.014537450281055958,
    "FCCD_av_err_low": 0.01481870438967187
}