{
    "FCCD_1173": 1.4181007159146986,
    "FCCD_err_up_1173": 0.012739440543070746,
    "FCCD_err_low_1173": 0.012519348416434983,
    "FCCD_1332": 1.4407505597336774,
    "FCCD_err_up_1332": 0.013351590687633363,
    "FCCD_err_low_1332": 0.013536339365880945,
    "FCCD_av": 1.4294256378241879,
    "FCCD_av_err_up": 0.009227111130258113,
    "FCCD_av_err_low": 0.009219091172675201
}