{
    "FCCD_1173": 1.5606956506223257,
    "FCCD_err_up_1173": 0.009048793312713022,
    "FCCD_err_low_1173": 0.015004924805771092,
    "FCCD_1332": 1.6572854804470183,
    "FCCD_err_up_1332": 0.01047112963807928,
    "FCCD_err_low_1332": 0.015114203181595176,
    "FCCD_av": 1.608990565534672,
    "FCCD_av_err_up": 0.006919631787777118,
    "FCCD_av_err_low": 0.01064878991061175
}