{
    "FCCD_1173": -4.4149056838180485,
    "FCCD_err_up_1173": 0.010019312036129158,
    "FCCD_err_low_1173": 0.009477676344515018,
    "FCCD_1332": -4.631151058183756,
    "FCCD_err_up_1332": 0.008438225848661496,
    "FCCD_err_low_1332": 0.013605989425927945,
    "FCCD_av": -4.523028371000902,
    "FCCD_av_err_up": 0.006549623446243716,
    "FCCD_av_err_low": 0.008290797566426323
}