{
    "FCCD_1173": 1.4046501298144993,
    "FCCD_err_up_1173": 0.020647282947672263,
    "FCCD_err_low_1173": 0.02015863272781271,
    "FCCD_1332": 1.4133446236150087,
    "FCCD_err_up_1332": 0.021629098796620783,
    "FCCD_err_low_1332": 0.021504517201629936,
    "FCCD_av": 1.408997376714754,
    "FCCD_av_err_up": 0.014950988327492103,
    "FCCD_av_err_low": 0.014737831705597329
}