{
    "FCCD_1173": 1.0914120649329162,
    "FCCD_err_up_1173": 0.03079062484695716,
    "FCCD_err_low_1173": 0.030611216856117007,
    "FCCD_1332": 1.1194211943822534,
    "FCCD_err_up_1332": 0.03270861959090943,
    "FCCD_err_low_1332": 0.03228143680719042,
    "FCCD_av": 1.1054166296575847,
    "FCCD_av_err_up": 0.022460612046474156,
    "FCCD_av_err_low": 0.022243750581617584
}