{
    "FCCD_1173": 2.0649536938086044,
    "FCCD_err_up_1173": 0.25944311485710525,
    "FCCD_err_low_1173": 0.27941507671931065,
    "FCCD_1332": 2.0272356057656156,
    "FCCD_err_up_1332": 0.26095047676679073,
    "FCCD_err_low_1332": 0.2804588479078898,
    "FCCD_av": 2.04609464978711,
    "FCCD_av_err_up": 0.1839876906015539,
    "FCCD_av_err_low": 0.19794566834606353
}