{
    "FCCD_1173": 1.474183268931007,
    "FCCD_err_up_1173": 0.012763954130107669,
    "FCCD_err_low_1173": 0.01254534519671524,
    "FCCD_1332": 1.496049644912017,
    "FCCD_err_up_1332": 0.013369628186362448,
    "FCCD_err_low_1332": 0.01355300818700611,
    "FCCD_av": 1.485116456921512,
    "FCCD_av_err_up": 0.009242097744520313,
    "FCCD_av_err_low": 0.009234036455172257
}