{
    "FCCD_1173": 4.949374243485323,
    "FCCD_err_up_1173": 0.013928877747220625,
    "FCCD_err_low_1173": 0.013667690325799953,
    "FCCD_1332": 4.997902502422343,
    "FCCD_err_up_1332": 0.012622251737894885,
    "FCCD_err_low_1332": 0.015103816426842442,
    "FCCD_av": 4.9736383729538325,
    "FCCD_av_err_up": 0.009398601946989354,
    "FCCD_av_err_low": 0.010184927951361772
}