{
    "FCCD_1173": 1.616787971759755,
    "FCCD_err_up_1173": 0.01991561521159113,
    "FCCD_err_low_1173": 0.020282304707201382,
    "FCCD_1332": 1.6407992843260972,
    "FCCD_err_up_1332": 0.021097706670712757,
    "FCCD_err_low_1332": 0.021553405995298425,
    "FCCD_av": 1.628793628042926,
    "FCCD_av_err_up": 0.014506420613125052,
    "FCCD_av_err_low": 0.014797982921955355
}