{
    "FCCD_1173": 1.459133049333805,
    "FCCD_err_up_1173": 0.25303560468574315,
    "FCCD_err_low_1173": 0.27190854468177084,
    "FCCD_1332": 1.4678171510928189,
    "FCCD_err_up_1332": 0.2516321776950694,
    "FCCD_err_low_1332": 0.27141568165323315,
    "FCCD_av": 1.463475100213312,
    "FCCD_av_err_up": 0.1784276955031384,
    "FCCD_av_err_low": 0.19209420144700345
}