{
    "FCCD_1173": 1.6787824702222174,
    "FCCD_err_up_1173": 0.02023860630631269,
    "FCCD_err_low_1173": 0.020166934907776213,
    "FCCD_1332": 1.703669770119113,
    "FCCD_err_up_1332": 0.021493053845572208,
    "FCCD_err_low_1332": 0.021467214098009002,
    "FCCD_av": 1.6912261201706653,
    "FCCD_av_err_up": 0.014761034422006018,
    "FCCD_av_err_low": 0.014727071541079028
}