{
    "FCCD_1173": 1.6688973649680654,
    "FCCD_err_up_1173": 0.019964681050099742,
    "FCCD_err_low_1173": 0.020319371302383704,
    "FCCD_1332": 8.754491951393833,
    "FCCD_err_up_1332": 0.04343226200770545,
    "FCCD_err_low_1332": -0.00010905739690691973
}