{
    "FCCD_1173": 1.705627337604558,
    "FCCD_err_up_1173": 0.018714114423990402,
    "FCCD_err_low_1173": 0.01814247695860116,
    "FCCD_1332": 1.7497206989587086,
    "FCCD_err_up_1332": 0.019872296742673656,
    "FCCD_err_low_1332": 0.01911953485852158,
    "FCCD_av": 1.7276740182816335,
    "FCCD_av_err_up": 0.013648500435057725,
    "FCCD_av_err_low": 0.013178638808689575
}