{
    "FCCD_1173": 1.4177183464733152,
    "FCCD_err_up_1173": 0.012739269748114346,
    "FCCD_err_low_1173": 0.012519173875636724,
    "FCCD_1332": 1.439737668272914,
    "FCCD_err_up_1332": 0.013351264764364101,
    "FCCD_err_low_1332": 0.01353602557326461,
    "FCCD_av": 1.4287280073731146,
    "FCCD_av_err_up": 0.009226934275849316,
    "FCCD_av_err_low": 0.00921891673203119
}