{
    "FCCD_1173": 1.5614260830154798,
    "FCCD_err_up_1173": 0.00905200681185292,
    "FCCD_err_low_1173": 0.015005345071194887,
    "FCCD_1332": 1.6565195104012878,
    "FCCD_err_up_1332": 0.01046749716938189,
    "FCCD_err_low_1332": 0.015114082408667961,
    "FCCD_av": 1.6089727967083838,
    "FCCD_av_err_up": 0.006919308569373993,
    "FCCD_av_err_low": 0.010648895104207278
}