{
    "FCCD_1173": 1.6688989800571623,
    "FCCD_err_up_1173": 0.019964682589737937,
    "FCCD_err_low_1173": 0.020319372427925142,
    "FCCD_1332": 1.6944447953065918,
    "FCCD_err_up_1332": 0.021135523205428886,
    "FCCD_err_low_1332": 0.021574606795851548,
    "FCCD_av": 1.681671887681877,
    "FCCD_av_err_up": 0.014537012176477394,
    "FCCD_av_err_low": 0.014818405398864011
}