{
    "FCCD_1173": 1.4809065976865017,
    "FCCD_err_up_1173": 0.012838112230214582,
    "FCCD_err_low_1173": 0.012619906268740433,
    "FCCD_1332": 1.503427365754637,
    "FCCD_err_up_1332": 0.013447888030371447,
    "FCCD_err_low_1332": 0.013631115981150632,
    "FCCD_av": 1.4921669817205694,
    "FCCD_av_err_up": 0.009296004761630032,
    "FCCD_av_err_low": 0.009288021279090803
}