{
    "FCCD_1173": 1.3912774859533383,
    "FCCD_err_up_1173": 0.011447825103780396,
    "FCCD_err_low_1173": 0.011205693387185134,
    "FCCD_1332": 1.350529475576387,
    "FCCD_err_up_1332": 0.012172809044874056,
    "FCCD_err_low_1332": 0.011754749272316456,
    "FCCD_av": 1.3709034807648628,
    "FCCD_av_err_up": 0.008355087965570922,
    "FCCD_av_err_low": 0.008120063034586445
}