{
    "FCCD_1173": 1.7601770296959094,
    "FCCD_err_up_1173": 0.28187937587199396,
    "FCCD_err_low_1173": 0.3034637358565022,
    "FCCD_1332": 1.7863352862599704,
    "FCCD_err_up_1332": 0.28049462458920016,
    "FCCD_err_low_1332": 0.3022116512361275,
    "FCCD_av": 1.77325615797794,
    "FCCD_av_err_up": 0.19882983740212457,
    "FCCD_av_err_low": 0.21413904426963554
}