{
    "FCCD_1173": 1.4744803318779836,
    "FCCD_err_up_1173": 0.012764081128449956,
    "FCCD_err_low_1173": 0.012545485001708823,
    "FCCD_1332": 1.4974409248570677,
    "FCCD_err_up_1332": 0.013370088179146311,
    "FCCD_err_low_1332": 0.013553415814423042,
    "FCCD_av": 1.4859606283675255,
    "FCCD_av_err_up": 0.009242307950017141,
    "FCCD_av_err_low": 0.009234233511325582
}