{
    "FCCD_1173": 1.680356437142335,
    "FCCD_err_up_1173": 0.28750564382380284,
    "FCCD_err_low_1173": 0.30849981669272286,
    "FCCD_1332": 1.7040760325383535,
    "FCCD_err_up_1332": 0.28799456536331425,
    "FCCD_err_low_1332": 0.3106121182827224,
    "FCCD_av": 1.6922162348403442,
    "FCCD_av_err_up": 0.20347012367258224,
    "FCCD_av_err_low": 0.21889039775851496
}