{
    "FCCD_1173": 1.4458653539321749,
    "FCCD_err_up_1173": 0.02066125948634623,
    "FCCD_err_low_1173": 0.02017399402767195,
    "FCCD_1332": 1.46273985645172,
    "FCCD_err_up_1332": 0.02164372449490015,
    "FCCD_err_low_1332": 0.021520331569137907,
    "FCCD_av": 1.4543026051919474,
    "FCCD_av_err_up": 0.014961103348126373,
    "FCCD_av_err_low": 0.01474885339504547
}