{
    "FCCD_1173": -3.912161369787322,
    "FCCD_err_up_1173": 0.010281617965053336,
    "FCCD_err_low_1173": 0.009823869233915872,
    "FCCD_1332": -4.105320685336931,
    "FCCD_err_up_1332": 0.009144315239207224,
    "FCCD_err_low_1332": 0.01350240028236005,
    "FCCD_av": -4.0087410275621265,
    "FCCD_av_err_up": 0.006879864990922877,
    "FCCD_av_err_low": 0.008349000241198876
}