{
    "FCCD_1173": 1.4693818237077643,
    "FCCD_err_up_1173": 0.008689794590502231,
    "FCCD_err_low_1173": 0.014915134402962327,
    "FCCD_1332": 1.5643169228602838,
    "FCCD_err_up_1332": 0.010067440676903239,
    "FCCD_err_low_1332": 0.015067435896376269,
    "FCCD_av": 1.516849373284024,
    "FCCD_av_err_up": 0.0066495468230565865,
    "FCCD_av_err_low": 0.010600576148844913
}