{
    "FCCD_1173": 1.6180413966959262,
    "FCCD_err_up_1173": 0.019916781159658115,
    "FCCD_err_low_1173": 0.02028321391048027,
    "FCCD_1332": 1.6414332763037616,
    "FCCD_err_up_1332": 0.021098144977794053,
    "FCCD_err_low_1332": 0.021553668706141726,
    "FCCD_av": 1.629737336499844,
    "FCCD_av_err_up": 0.014506980158407614,
    "FCCD_av_err_low": 0.014798390125554312
}