{
    "FCCD_1173": 1.4594006939757158,
    "FCCD_err_up_1173": 0.020780436389674195,
    "FCCD_err_low_1173": 0.0202945345557628,
    "FCCD_1332": 1.4678790477555648,
    "FCCD_err_up_1332": 0.02176660294508359,
    "FCCD_err_low_1332": 0.021643867231766034,
    "FCCD_av": 1.4636398708656402,
    "FCCD_av_err_up": 0.015046690170218641,
    "FCCD_av_err_low": 0.014835136682732028
}