{
    "FCCD_1173": 1.1255501766601161,
    "FCCD_err_up_1173": 0.03066911428971908,
    "FCCD_err_low_1173": 0.03117619514788328,
    "FCCD_1332": 1.14064770367169,
    "FCCD_err_up_1332": 0.032442302900483666,
    "FCCD_err_low_1332": 0.03289472626047307,
    "FCCD_av": 1.133098940165903,
    "FCCD_av_err_up": 0.022322060774055907,
    "FCCD_av_err_low": 0.022660638559241646
}