{
    "FCCD_1173": 1.7320829528252926,
    "FCCD_err_up_1173": 0.2867732737562827,
    "FCCD_err_low_1173": 0.3077212480623772,
    "FCCD_1332": 1.75724747068659,
    "FCCD_err_up_1332": 0.28701360160575207,
    "FCCD_err_low_1332": 0.3095578578941778,
    "FCCD_av": 1.7446652117559411,
    "FCCD_av_err_up": 0.20286431305653616,
    "FCCD_av_err_low": 0.21824208685144753
}