{
    "FCCD": 1.3707397834901416,
    "FCCD_err_up": 0.0815940867595144,
    "FCCD_err_low": 0.08195866850400235,
    "FCCD_uncorr_err_up": 0.021801660686227464,
    "FCCD_uncorr_err_low": 0.021620708539298317,
    "FCCD_corr_err_up": 0.07862749255471503,
    "FCCD_corr_err_low": 0.07905547612409694,
    "O_Ba133_data": 0.9337811267774977,
    "O_Ba133_data_err": 0.007305048284651475,
    "a": 1.4834631433669687,
    "a_err": 0.03140538938821458,
    "b": 0.3838855171597101,
    "b_err": 0.0020232933160651842
}