{
    "cuspEmax_ctc": {
        "resolution": [
            0.5745655264353627,
            5.0294607803413095e-18,
            5.835114091306706e-06
        ],
        "calibration": [
            0.12202126107083282,
            -0.15986538411674953
        ]
    }
}