{
    "C_79": 66376.04744771004,
    "C_79_err": 101.74447218065474,
    "C_81": 824064.8909546231,
    "C_81_err": 1263.16722065794,
    "C_356": 929371.4192465112,
    "C_356_err": 1901.536724211783,
    "C_161": 16709.109565858882,
    "C_161_err": 243.15368193698706,
    "C_223": 9919.35611995329,
    "C_223_err": 198.63683381826235,
    "C_276": 129375.75453926732,
    "C_276_err": 353.18994443129213,
    "C_303": 316819.7113931687,
    "C_303_err": 583.2077671166207,
    "C_383": 131468.85839267357,
    "C_383_err": 458.49352765230793,
    "O_Ba133": 0.9581109553855864,
    "O_Ba133_err": 0.0023879360673582178
}