{
    "C_79": 76907.05411209073,
    "C_79_err": 125.05905243601812,
    "C_81": 954808.3321840859,
    "C_81_err": 1552.6199340169799,
    "C_356": 968711.1323165105,
    "C_356_err": 2076.7532403837754,
    "C_161": 17662.057016561594,
    "C_161_err": 290.4340095670075,
    "C_223": 10697.260407536323,
    "C_223_err": 197.18233117384918,
    "C_276": 134507.27545423695,
    "C_276_err": 426.7143309419181,
    "C_303": 329867.69303077174,
    "C_303_err": 633.8250876151744,
    "C_383": 137537.33587997832,
    "C_383_err": 631.1738113333454,
    "O_Ba133": 1.0650392587406339,
    "O_Ba133_err": 0.0027926386831378983
}