{
    "C_79": 57550.408918296715,
    "C_79_err": 88.15491992696296,
    "C_81": 714493.7560045144,
    "C_81_err": 1094.451647395125,
    "C_356": 890157.0543331142,
    "C_356_err": 1664.0010342830942,
    "C_161": 15715.854823757938,
    "C_161_err": 276.33800980104184,
    "C_223": 9372.269580909835,
    "C_223_err": 260.12125706094184,
    "C_276": 124071.98771409954,
    "C_276_err": 344.23969583573734,
    "C_303": 303811.1696986142,
    "C_303_err": 512.5677926662418,
    "C_383": 125470.24215447396,
    "C_383_err": 416.169287453513,
    "O_Ba133": 0.8673123031094883,
    "O_Ba133_err": 0.002037176998104204
}