{
    "C_79": 3726.178918707469,
    "C_79_err": 116.9871638047501,
    "C_81": 46260.86280206586,
    "C_81_err": 1452.4066751608598,
    "C_356": 67674.43700748647,
    "C_356_err": 911.0554460921863,
    "C_161": 1084.6873583230065,
    "C_161_err": 59.5165923700682,
    "C_223": 621.0858219581718,
    "C_223_err": 77.12917007487232,
    "C_276": 9449.699977221018,
    "C_276_err": 108.86448815212056,
    "C_303": 22449.275055589605,
    "C_303_err": 210.03307743020204,
    "C_383": 9075.545704432296,
    "C_383_err": 102.29631857653766,
    "O_Ba133": 0.738639934533087,
    "O_Ba133_err": 0.02371647456086226
}