{
    "C_79": 37774.683014202994,
    "C_79_err": 70.45040611679426,
    "C_81": 468976.25327067147,
    "C_81_err": 874.6484382047288,
    "C_356": 779643.8687058276,
    "C_356_err": 1179.7219514493984,
    "C_161": 13059.452393018864,
    "C_161_err": 245.02576058379466,
    "C_223": 8580.277291387893,
    "C_223_err": 222.11129480744574,
    "C_276": 109083.89441914277,
    "C_276_err": 343.2510067806428,
    "C_303": 266511.6700503882,
    "C_303_err": 551.5467840509781,
    "C_383": 108931.76902100582,
    "C_383_err": 344.20968119056687,
    "O_Ba133": 0.6499774533288607,
    "O_Ba133_err": 0.0014946678262688204
}