{
    "C_79": 16317.14184069122,
    "C_79_err": 43.78815079383951,
    "C_81": 202578.85530518898,
    "C_81_err": 543.6340230631396,
    "C_356": 590136.6564360512,
    "C_356_err": 889.2411669817888,
    "C_161": 9158.181495034045,
    "C_161_err": 199.79857364794174,
    "C_223": NaN,
    "C_223_err": NaN,
    "C_276": 83499.85517318414,
    "C_276_err": 306.72193904439257,
    "C_303": 202361.77894229422,
    "C_303_err": 505.68843875102607,
    "C_383": 81408.73548143127,
    "C_383_err": 262.81560025953365,
    "O_Ba133": 0.3709242507791928,
    "O_Ba133_err": 0.0010800512644091448
}