{
    "C_79": 43428.46370772375,
    "C_79_err": 76.2585056342909,
    "C_81": 539168.4739562774,
    "C_81_err": 946.7565416483664,
    "C_356": 815157.6956927377,
    "C_356_err": 1343.1221130851434,
    "C_161": 14017.670449130888,
    "C_161_err": 253.4857428706551,
    "C_223": 8624.061844194974,
    "C_223_err": 238.7658852780094,
    "C_276": 113788.72605906258,
    "C_276_err": 254.20310590320233,
    "C_303": 278638.8966788048,
    "C_303_err": 607.5363357988274,
    "C_383": 114238.45780664882,
    "C_383_err": 358.4659886028219,
    "O_Ba133": 0.7147045789329123,
    "O_Ba133_err": 0.001656638936847552
}