{
    "C_79": 37762.14406821317,
    "C_79_err": 65.11734328651251,
    "C_81": 468820.5810732876,
    "C_81_err": 808.4379600476459,
    "C_356": 779680.8076491331,
    "C_356_err": 1177.0726766089526,
    "C_161": 13270.006760699418,
    "C_161_err": 264.39974478195455,
    "C_223": 8363.173020681803,
    "C_223_err": 147.87680174169108,
    "C_276": 109167.15947815076,
    "C_276_err": 357.1464775719711,
    "C_303": 266451.70986778673,
    "C_303_err": 567.217754699124,
    "C_383": 108947.44574634114,
    "C_383_err": 379.823611882256,
    "O_Ba133": 0.6497309157434972,
    "O_Ba133_err": 0.001429771233576224
}