{
    "C_79": 57548.12191724383,
    "C_79_err": 90.29262904639563,
    "C_81": 714465.3626707122,
    "C_81_err": 1120.9915077835535,
    "C_356": 890215.6815173835,
    "C_356_err": 1571.674342442948,
    "C_161": 15597.238013807155,
    "C_161_err": 260.59511812349405,
    "C_223": 9977.542993469433,
    "C_223_err": 233.94087075646434,
    "C_276": 124042.39297243464,
    "C_276_err": 361.38487567561526,
    "C_303": 303860.4086478999,
    "C_303_err": 497.65611103898567,
    "C_383": 125475.57253222636,
    "C_383_err": 364.28532692414296,
    "O_Ba133": 0.8672207203450399,
    "O_Ba133_err": 0.001984983284876368
}