{
    "C_79": 45649.03283656155,
    "C_79_err": 81.61483870557875,
    "C_81": 566737.0491784437,
    "C_81_err": 1013.2559220428456,
    "C_356": 828394.1627321419,
    "C_356_err": 1362.8012740082413,
    "C_161": 14144.21971469243,
    "C_161_err": 296.27892831687114,
    "C_223": 8996.78765071047,
    "C_223_err": 229.22553833018915,
    "C_276": 115744.10806038188,
    "C_276_err": 411.27848140909026,
    "C_303": 283162.36496195756,
    "C_303_err": 526.8966605692314,
    "C_383": 116199.45400482291,
    "C_383_err": 343.9103630015717,
    "O_Ba133": 0.7392448058727062,
    "O_Ba133_err": 0.001727662272174303
}