{
    "C_79": 49945.72560103265,
    "C_79_err": 67.8535632847795,
    "C_81": 620080.8951977376,
    "C_81_err": 842.4083894600926,
    "C_356": 852166.1101405207,
    "C_356_err": 1235.982806742442,
    "C_161": 14349.836881140449,
    "C_161_err": 296.4323372433702,
    "C_223": 9214.25090256123,
    "C_223_err": 208.33716835279517,
    "C_276": 118945.50803399255,
    "C_276_err": 408.63131007661724,
    "C_303": 291048.0591087714,
    "C_303_err": 620.9752920872509,
    "C_383": 119699.98848303704,
    "C_383_err": 355.6308983591988,
    "O_Ba133": 0.7862629278794999,
    "O_Ba133_err": 0.0015113156464293047
}