{
    "C_79": 43431.29712370264,
    "C_79_err": 65.25730723770954,
    "C_81": 539203.6510829503,
    "C_81_err": 810.1756257059034,
    "C_356": 815134.6633569489,
    "C_356_err": 1504.5590779760016,
    "C_161": 14136.772689558897,
    "C_161_err": 250.3981094242628,
    "C_223": 8709.43512728199,
    "C_223_err": 203.45676683571455,
    "C_276": 113974.57119211134,
    "C_276_err": 386.154308061912,
    "C_303": 278623.8681555029,
    "C_303_err": 559.7537526816028,
    "C_383": 114240.15686995318,
    "C_383_err": 382.1416758575312,
    "O_Ba133": 0.7147714045274456,
    "O_Ba133_err": 0.0016537409750138478
}