{
    "C_79": 66377.28392677961,
    "C_79_err": 113.21239031533531,
    "C_81": 824080.2419589047,
    "C_81_err": 1405.5425061790686,
    "C_356": 929369.6568562848,
    "C_356_err": 2140.779685292836,
    "C_161": 16343.158422838747,
    "C_161_err": 240.96819884493763,
    "C_223": 10130.783567545946,
    "C_223_err": 235.70518027318164,
    "C_276": 129198.82768666302,
    "C_276_err": 382.7955813743323,
    "C_303": 316814.06208349793,
    "C_303_err": 542.8718677609309,
    "C_383": 131391.8353873,
    "C_383_err": 368.96350203220334,
    "O_Ba133": 0.9581306203795958,
    "O_Ba133_err": 0.0026782561503590177
}