{
    "C_79": 88788.50434313586,
    "C_79_err": 173.61321502081609,
    "C_81": 1102317.6576940115,
    "C_81_err": 2155.424443088622,
    "C_356": 998174.0473754229,
    "C_356_err": 2630.6989624407825,
    "C_161": 18747.995865758847,
    "C_161_err": 257.1178865169003,
    "C_223": 10791.655254287838,
    "C_223_err": 229.9012835056987,
    "C_276": 138313.29167881317,
    "C_276_err": 386.2670196416303,
    "C_303": 339247.1837731921,
    "C_303_err": 569.4176920846221,
    "C_383": 142678.80508850887,
    "C_383_err": 2127.346487271421,
    "O_Ba133": 1.1932850439950986,
    "O_Ba133_err": 0.0038188502369295796
}