{"C_79": 17645.90902829444, "C_79_err": 299.5737307190792, "C_81": 219075.62529466936, "C_81_err": 3719.2361285500774, "C_356": 303739.7921290601, "C_356_err": 2070.1464334273683, "C_161": 15722.674161200293, "C_161_err": 16856.13872376154, "C_223": 2974.587890122764, "C_223_err": 947.493161326139, "C_276": 41651.009953517685, "C_276_err": 344.08166086442753, "C_303": 100756.656558677, "C_303_err": 570.2889511517545, "C_383": 41739.770886490456, "C_383_err": 311.6891672830459, "O_Ba133": 0.7793563453233022, "O_Ba133_err": 0.013383666929428814}