{
    "C_79": 49932.306145797105,
    "C_79_err": 62.756844228412824,
    "C_81": 619914.2913949803,
    "C_81_err": 779.132141552748,
    "C_356": 851991.9857289614,
    "C_356_err": 1527.3557388148265,
    "C_161": 14809.420021897979,
    "C_161_err": 257.6839621129031,
    "C_223": 9138.851688505947,
    "C_223_err": 206.03651294301207,
    "C_276": 119057.49764450928,
    "C_276_err": 308.50164299524295,
    "C_303": 291154.7821544589,
    "C_303_err": 641.4799018532725,
    "C_383": 119688.487705705,
    "C_383_err": 387.40848904265636,
    "O_Ba133": 0.7862123221354705,
    "O_Ba133_err": 0.0016817273903976442
}