{
    "C_79": 16313.130211468018,
    "C_79_err": 43.380434994649555,
    "C_81": 202529.05054992743,
    "C_81_err": 538.5721929524417,
    "C_356": 590110.8868569626,
    "C_356_err": 798.041789169478,
    "C_161": 9471.994643277345,
    "C_161_err": 235.23001654520604,
    "C_223": 6244.029328719175,
    "C_223_err": 157.76111323867624,
    "C_276": 83585.25511941446,
    "C_276_err": 365.4001799986817,
    "C_303": 202368.7104479262,
    "C_303_err": 419.62829622984265,
    "C_383": 81438.85525096179,
    "C_383_err": 231.96208355628772,
    "O_Ba133": 0.3708492516160624,
    "O_Ba133_err": 0.0010439736164583417
}