{
    "C_79": 88777.27175664165,
    "C_79_err": 180.735532226095,
    "C_81": 1102178.2040730228,
    "C_81_err": 2243.8486831088776,
    "C_356": 998186.3299781532,
    "C_356_err": 2061.5312427584126,
    "C_161": 19046.70379197625,
    "C_161_err": 249.80063103650784,
    "C_223": 10628.52440349691,
    "C_223_err": 239.33760745896612,
    "C_276": 138196.1157345219,
    "C_276_err": 288.2364839465361,
    "C_303": 339287.7952076332,
    "C_303_err": 636.3041806588274,
    "C_383": 142832.9901970393,
    "C_383_err": 2207.331415242692,
    "O_Ba133": 1.1931194007192327,
    "O_Ba133_err": 0.0033403370122048123
}