{
    "C_79": 76913.03065211939,
    "C_79_err": 139.77715563311293,
    "C_81": 954882.5314923318,
    "C_81_err": 1735.3465737092135,
    "C_356": 968612.1864726763,
    "C_356_err": 2340.479435511053,
    "C_161": 17915.28577809454,
    "C_161_err": 202.6986127537818,
    "C_223": 10502.743445563432,
    "C_223_err": 190.5097803885052,
    "C_276": 134613.8632881944,
    "C_276_err": 305.3472549675112,
    "C_303": 329969.0439203983,
    "C_303_err": 536.8352054500843,
    "C_383": 137577.74531364813,
    "C_383_err": 700.0440393931316,
    "O_Ba133": 1.065230828761163,
    "O_Ba133_err": 0.0031393881714772737
}