{
    "C_60": 1177137.268607166,
    "C_60_err": 3729.398271139039,
    "C_99_103": 4733.572903751297,
    "C_99_103_err": 67.25945964273009,
    "O_Am241": 248.6783857652851,
    "O_Am241_err": 3.6202471199788615
}