{
    "C_60": 4665713.8898461135,
    "C_60_err": 12655.08885454938,
    "C_99_103": 7568.172141408662,
    "C_99_103_err": 94.72220590698312,
    "O_Am241": 616.4915124377292,
    "O_Am241_err": 7.89503293815181
}