{
    "C_60": 1381800.8625433524,
    "C_60_err": 4311.995673659164,
    "C_99_103": 5052.2671368326555,
    "C_99_103_err": 76.21550407627376,
    "O_Am241": 273.50114812211314,
    "O_Am241_err": 4.213226391450524
}