{
    "C_60": 1953023.859697929,
    "C_60_err": 5955.892066831808,
    "C_99_103": 5673.770336186702,
    "C_99_103_err": 76.85295210754826,
    "O_Am241": 344.2197593444612,
    "O_Am241_err": 4.779267983648316
}