{
    "C_60": 3814199.6164121935,
    "C_60_err": 10795.918932181896,
    "C_99_103": 7111.019915162251,
    "C_99_103_err": 106.67773769437055,
    "O_Am241": 536.3786998092194,
    "O_Am241_err": 8.18858908705952
}