{
    "C_60": 1634960.5754250267,
    "C_60_err": 4911.812486907388,
    "C_99_103": 5349.633707402361,
    "C_99_103_err": 76.26305502360337,
    "O_Am241": 305.6210321769712,
    "O_Am241_err": 4.452552706964432
}