{
    "C_60": 2139276.751814616,
    "C_60_err": 6611.961329706294,
    "C_99_103": 5852.6677179358485,
    "C_99_103_err": 78.29563114948006,
    "O_Am241": 365.5216484029454,
    "O_Am241_err": 5.018671990276427
}