{
    "C_60": 3129465.9054607484,
    "C_60_err": 9896.453536016343,
    "C_99_103": 6658.7006729899085,
    "C_99_103_err": 85.00298464352946,
    "O_Am241": 469.98146622733634,
    "O_Am241_err": 6.18099005318661
}