{
    "C_60": 2580785.148260741,
    "C_60_err": 7975.640285868761,
    "C_99_103": 6244.404377599523,
    "C_99_103_err": 68.96771724569179,
    "O_Am241": 413.29564714270595,
    "O_Am241_err": 4.740060317232043
}