{
    "C_60": 1785550.6719427165,
    "C_60_err": 5880.542814016641,
    "C_99_103": 5471.10969923451,
    "C_99_103_err": 78.70833267364694,
    "O_Am241": 326.3598739744775,
    "O_Am241_err": 4.816528943713144
}