{
    "C_60": 2348233.000393971,
    "C_60_err": 7265.686583610378,
    "C_99_103": 6026.068443825934,
    "C_99_103_err": 79.63958528187787,
    "O_Am241": 389.6791120585222,
    "O_Am241_err": 5.289196829166916
}