{
    "C_60": 3453254.0724814273,
    "C_60_err": 10414.259570883381,
    "C_99_103": 6888.551371131034,
    "C_99_103_err": 77.25629476841466,
    "O_Am241": 501.3033780881039,
    "O_Am241_err": 5.8219225879362995
}