{
    "C_60": 1273508.0137080716,
    "C_60_err": 3499.8375653990415,
    "C_99_103": 4893.1231594593255,
    "C_99_103_err": 82.19941046993573,
    "O_Am241": 260.2648599281916,
    "O_Am241_err": 4.430299618908612
}