{
    "C_60": 1501204.1458155792,
    "C_60_err": 4226.283726253516,
    "C_99_103": 5178.8399194586655,
    "C_99_103_err": 72.80877068058233,
    "O_Am241": 289.87266823503154,
    "O_Am241_err": 4.156194412301574
}