{
    "C_60": 4216625.969735377,
    "C_60_err": 11867.686935085461,
    "C_99_103": 7339.840372875922,
    "C_99_103_err": 86.10510269899615,
    "O_Am241": 574.4846966042674,
    "O_Am241_err": 6.930637048558916
}