{
    "C_60": 2840673.702233718,
    "C_60_err": 8865.196456977259,
    "C_99_103": 6473.271883604377,
    "C_99_103_err": 61.55006622844102,
    "O_Am241": 438.8312051944904,
    "O_Am241_err": 4.391557312852695
}