{
    "C_60": 7832147.023702155,
    "C_60_err": 19535.79040671461,
    "C_99_103": 8933.885722369097,
    "C_99_103_err": 101.34763226830958,
    "O_Am241": 876.6786667185191,
    "O_Am241_err": 10.182767320051203
}