{
    "C_60": 5167049.968314028,
    "C_60_err": 13810.60137585222,
    "C_99_103": 7863.545552675843,
    "C_99_103_err": 70.06725438071189,
    "O_Am241": 657.0890870665537,
    "O_Am241_err": 6.112659884843654
}