{
    "C_60": 6355686.784484398,
    "C_60_err": 17360.5233620979,
    "C_99_103": 8391.461664847284,
    "C_99_103_err": 91.98715193512554,
    "O_Am241": 757.3992515641272,
    "O_Am241_err": 8.556478939184357
}