{
    "C_60": 5727867.510699637,
    "C_60_err": 15245.546144471104,
    "C_99_103": 8093.01166676683,
    "C_99_103_err": 87.78615329309959,
    "O_Am241": 707.7547576288035,
    "O_Am241_err": 7.904867413443443
}