{
    "C_60": 5621880.418358852,
    "C_60_err": 9017.347238435354,
    "C_99_103": 14707.027723042225,
    "C_99_103_err": 177.37137756365743,
    "O_Am241": 382.2580962127905,
    "O_Am241_err": 4.65074612947864
}