{
    "C_60": 7055684.562418075,
    "C_60_err": 18225.44444476905,
    "C_99_103": 8645.657586403757,
    "C_99_103_err": 77.16283130853498,
    "O_Am241": 816.0957673727343,
    "O_Am241_err": 7.5826082729646735
}