{
    "C_60": 801622.1527106216,
    "C_60_err": 2674.2679511385477,
    "C_99_103": 3610.8344482125885,
    "C_99_103_err": 71.9703752686143,
    "O_Am241": 222.00468180074978,
    "O_Am241_err": 4.48650212372968
}