{
    "C_60": 3815663.06566058,
    "C_60_err": 0.0010055483122758946,
    "C_99_103": 5820.556987422768,
    "C_99_103_err": 9.224582016282125e-07,
    "O_Am241": 655.5494729981302,
    "O_Am241_err": 2.0159161639308486e-07
}