{
    "C_60": 3464417.405512951,
    "C_60_err": 0.0002940548738503135,
    "C_99_103": 10794.56017664411,
    "C_99_103_err": 5.019164041834851e-06,
    "O_Am241": 320.9410433422581,
    "O_Am241_err": 1.516944655915798e-07
}