{
    "C_60": 716662.0731442069,
    "C_60_err": 2304.6127893670805,
    "C_99_103": 3491.4834682263254,
    "C_99_103_err": 63.13664135998246,
    "O_Am241": 205.26005053899667,
    "O_Am241_err": 3.7699600453428257
}