{
    "C_60": 1957200.2296480858,
    "C_60_err": 0.00047987864979809336,
    "C_99_103": 4764.641698423809,
    "C_99_103_err": 5.750996588438405e-07,
    "O_Am241": 410.77595200821645,
    "O_Am241_err": 1.122592724003056e-07
}