{
    "C_60": 1751471.2814836197,
    "C_60_err": 0.00043354296436079465,
    "C_99_103": 4645.311935741785,
    "C_99_103_err": 3.1999710124849985e-07,
    "O_Am241": 377.04061766175806,
    "O_Am241_err": 9.687577720572825e-08
}