{
    "C_60": 5303441.086879413,
    "C_60_err": 0.0014650743133920452,
    "C_99_103": 6460.819009952033,
    "C_99_103_err": 4.4559766549452824e-07,
    "O_Am241": 820.8620422132498,
    "O_Am241_err": 2.337233418401004e-07
}