{
    "C_60": 801622.1527106216,
    "C_60_err": 0.00018944225824060745,
    "C_99_103": 3599.2998850308663,
    "C_99_103_err": 6.93692424516665e-07,
    "O_Am241": 222.7161332248222,
    "O_Am241_err": 6.791697093822841e-08
}