{
    "C_60": 5891518.788283758,
    "C_60_err": 12427.221928730582,
    "C_99_103": 6682.7266859521405,
    "C_99_103_err": 76.13607032431132,
    "O_Am241": 881.6040315801644,
    "O_Am241_err": 10.214780646428485
}