{
    "C_60": 3807097.2500469605,
    "C_60_err": 0.00031108490172487846,
    "C_99_103": 11886.724785337383,
    "C_99_103_err": 7.748731012780942e-06,
    "O_Am241": 320.2814331785594,
    "O_Am241_err": 2.1041923903268077e-07
}