{
    "C_60": 2732723.5470784814,
    "C_60_err": 6571.083051966609,
    "C_99_103": 5305.021202705706,
    "C_99_103_err": 77.34318464371489,
    "O_Am241": 515.1201932397023,
    "O_Am241_err": 7.611523387319205
}