{
    "C_60": 3053932.536699737,
    "C_60_err": 7461.602886038747,
    "C_99_103": 5458.684179879569,
    "C_99_103_err": 85.21437896173319,
    "O_Am241": 559.463129952888,
    "O_Am241_err": 8.839984911654163
}