{
    "C_60": 5303441.086879413,
    "C_60_err": 0.0014650743133920452,
    "C_99_103": 6444.250892395232,
    "C_99_103_err": 5.291035897684714e-07,
    "O_Am241": 822.9724719653494,
    "O_Am241_err": 2.3717478094417267e-07
}