{
    "C_60": 1401113.8480992827,
    "C_60_err": 3936.6222361477776,
    "C_99_103": 4324.605276098258,
    "C_99_103_err": 60.24718662906947,
    "O_Am241": 323.9865279365784,
    "O_Am241_err": 4.6044171519446175
}