{
    "C_60": 640756.3778078203,
    "C_60_err": 1981.5510179396758,
    "C_99_103": 3391.263230451237,
    "C_99_103_err": 64.03956161565094,
    "O_Am241": 188.94327401490509,
    "O_Am241_err": 3.615474834908736
}