{
    "C_60": 4265836.181792831,
    "C_60_err": 0.0011484362122474168,
    "C_99_103": 6037.802228222078,
    "C_99_103_err": 8.522644276507535e-07,
    "O_Am241": 706.5213500788963,
    "O_Am241_err": 2.1476683676683033e-07
}