{
    "C_60": 1751471.2814836197,
    "C_60_err": 0.00043354296436079465,
    "C_99_103": 4636.062804456285,
    "C_99_103_err": 3.5404912478609763e-07,
    "O_Am241": 377.7928288201935,
    "O_Am241_err": 9.78648304769721e-08
}