{
    "C_60": 2445010.7275324315,
    "C_60_err": 6057.409668221495,
    "C_99_103": 5115.095060751371,
    "C_99_103_err": 70.53993249638658,
    "O_Am241": 477.99907890143425,
    "O_Am241_err": 6.69739380688944
}