{
    "C_60": 1957200.2296480858,
    "C_60_err": 5080.62397722814,
    "C_99_103": 4775.286113658898,
    "C_99_103_err": 72.57986678599129,
    "O_Am241": 409.8603063908245,
    "O_Am241_err": 6.319694697838534
}