{
    "C_60": 1566183.8210656464,
    "C_60_err": 4315.244750836165,
    "C_99_103": 4466.78406919422,
    "C_99_103_err": 75.23600322127247,
    "O_Am241": 350.62895291201664,
    "O_Am241_err": 5.984291133225146
}