{
    "C_60": 1566183.8210656464,
    "C_60_err": 0.0003830212856517634,
    "C_99_103": 4466.784069194221,
    "C_99_103_err": 2.786825402265264e-07,
    "O_Am241": 350.6289529120166,
    "O_Am241_err": 8.849520286126574e-08
}