{
    "C_60": 4762529.080686702,
    "C_60_err": 0.0012739282110854622,
    "C_99_103": 6259.528350141018,
    "C_99_103_err": 9.073989101586726e-07,
    "O_Am241": 760.8447177301161,
    "O_Am241_err": 2.3148322961937222e-07
}