{
    "C_60": 1120620.6816387544,
    "C_60_err": 0.0002740166236084307,
    "C_99_103": 4035.4413431748494,
    "C_99_103_err": 4.305352026149137e-07,
    "O_Am241": 277.69470210093937,
    "O_Am241_err": 7.408441802054907e-08
}