{
    "C_60": 1002057.8301624517,
    "C_60_err": 3053.488558624573,
    "C_99_103": 3882.9908338138584,
    "C_99_103_err": 70.27778824115589,
    "O_Am241": 258.063403455999,
    "O_Am241_err": 4.73639522435856
}