{
    "C_60": 2187828.904958885,
    "C_60_err": 6167.455711667613,
    "C_99_103": 4951.198776537649,
    "C_99_103_err": 58.927983835263916,
    "O_Am241": 441.87862449118313,
    "O_Am241_err": 5.4046395690573386
}