{
    "C_60": 3053932.536699737,
    "C_60_err": 0.0007755185154981192,
    "C_99_103": 5448.549017553933,
    "C_99_103_err": 8.856670090753079e-07,
    "O_Am241": 560.5038197987557,
    "O_Am241_err": 1.6899801451987064e-07
}