{
    "C_60": 3464417.405512951,
    "C_60_err": 0.0002940548738503135,
    "C_99_103": 10794.548361990615,
    "C_99_103_err": 5.019057220121037e-06,
    "O_Am241": 320.941394612834,
    "O_Am241_err": 1.5169166792610547e-07
}