{
    "C_60": 1252665.6780640343,
    "C_60_err": 3836.7805607839687,
    "C_99_103": 4182.1123868354125,
    "C_99_103_err": 58.62244816432506,
    "O_Am241": 299.52941532781745,
    "O_Am241_err": 4.297694197119546
}