{
    "C_60": 1401113.8480992827,
    "C_60_err": 0.00033765841757044113,
    "C_99_103": 4314.169335419665,
    "C_99_103_err": 3.3781087040401885e-07,
    "O_Am241": 324.77024872344003,
    "O_Am241_err": 8.229504907734697e-08
}