{
    "C_60": 5891518.788283758,
    "C_60_err": 0.001602437275755042,
    "C_99_103": 6682.726685952139,
    "C_99_103_err": 5.959763424163555e-07,
    "O_Am241": 881.6040315801646,
    "O_Am241_err": 2.523485931416991e-07
}