{
    "C_60": 1751471.2814836197,
    "C_60_err": 4860.691999675904,
    "C_99_103": 4645.3119357417845,
    "C_99_103_err": 65.08201559632994,
    "O_Am241": 377.0406176617581,
    "O_Am241_err": 5.385072952338762
}