{
    "C_60": 5303441.086879413,
    "C_60_err": 12773.33810542907,
    "C_99_103": 6460.8190099520325,
    "C_99_103_err": 83.84893727531274,
    "O_Am241": 820.8620422132499,
    "O_Am241_err": 10.835101496269129
}