{
    "C_60": 4762529.080686702,
    "C_60_err": 11622.445360854383,
    "C_99_103": 6281.263866063402,
    "C_99_103_err": 83.6373120880576,
    "O_Am241": 758.2119112075255,
    "O_Am241_err": 10.264028312419034
}