{
    "C_60": 5891518.788283758,
    "C_60_err": 0.001602437275755042,
    "C_99_103": 6662.6149077505825,
    "C_99_103_err": 6.71244990666257e-07,
    "O_Am241": 884.2652426797454,
    "O_Am241_err": 2.56481129711301e-07
}