{
    "C_60": 640756.3778078203,
    "C_60_err": 0.00015203552398319886,
    "C_99_103": 3391.2632304512367,
    "C_99_103_err": 5.559647464679993e-07,
    "O_Am241": 188.9432740149051,
    "O_Am241_err": 5.449167632001371e-08
}