{
    "C_60": 2187828.904958885,
    "C_60_err": 0.0005579683809169012,
    "C_99_103": 4948.506912946532,
    "C_99_103_err": 5.615964720118074e-07,
    "O_Am241": 442.11899537514586,
    "O_Am241_err": 1.2341482942534497e-07
}