{
    "C_60": 1252665.6780640343,
    "C_60_err": 0.0002960830711029594,
    "C_99_103": 4182.1123868354125,
    "C_99_103_err": 3.595138356124201e-07,
    "O_Am241": 299.52941532781745,
    "O_Am241_err": 7.533454042118272e-08
}