{
    "C_60": 4265836.181792831,
    "C_60_err": 10871.99244072437,
    "C_99_103": 6053.63404644752,
    "C_99_103_err": 80.38230369233263,
    "O_Am241": 704.6736140742056,
    "O_Am241_err": 9.527702715185299
}