{
    "C_60": 1957200.2296480858,
    "C_60_err": 0.00047987864979809336,
    "C_99_103": 4775.286113658898,
    "C_99_103_err": 4.919609864221988e-07,
    "O_Am241": 409.8603063908245,
    "O_Am241_err": 1.0900273874961024e-07
}