{
    "C_60": 1252665.6780640343,
    "C_60_err": 0.0002960830711029594,
    "C_99_103": 4174.267991958684,
    "C_99_103_err": 4.045756487095452e-07,
    "O_Am241": 300.0922989317339,
    "O_Am241_err": 7.666223690234762e-08
}