{
    "C_60": 3466167.596108585,
    "C_60_err": 2575.7545446504264,
    "C_99_103": 10851.44292102174,
    "C_99_103_err": 156.76761202962018,
    "O_Am241": 319.41997219501764,
    "O_Am241_err": 4.620667409215592
}