{
    "C_60": 896575.6728613419,
    "C_60_err": 0.00021428660281853917,
    "C_99_103": 3766.166511207424,
    "C_99_103_err": 3.199766769102809e-07,
    "O_Am241": 238.06055048105185,
    "O_Am241_err": 6.038579345910514e-08
}