{
    "C_60": 2732723.5470784814,
    "C_60_err": 0.0007009982588246366,
    "C_99_103": 5290.178496549068,
    "C_99_103_err": 5.694953912984725e-07,
    "O_Am241": 516.565471063238,
    "O_Am241_err": 1.4370490067698908e-07
}