{
    "C_60": 801622.1527106216,
    "C_60_err": 0.00018944225824060745,
    "C_99_103": 3610.834448212588,
    "C_99_103_err": 6.103401846576338e-07,
    "O_Am241": 222.0046818007498,
    "O_Am241_err": 6.450375663248822e-08
}