{
    "C_60": 896575.6728613419,
    "C_60_err": 2800.5829355304436,
    "C_99_103": 3766.1665112074243,
    "C_99_103_err": 56.93565709296673,
    "O_Am241": 238.06055048105182,
    "O_Am241_err": 3.6749413640734763
}