{
    "C_60": 3815663.06566058,
    "C_60_err": 9212.296834184537,
    "C_99_103": 5825.0580893602255,
    "C_99_103_err": 85.12955114408551,
    "O_Am241": 655.042920967619,
    "O_Am241_err": 9.702793693445356
}