{
    "C_60": 1566183.8210656464,
    "C_60_err": 0.0003830212856517634,
    "C_99_103": 4456.80289243651,
    "C_99_103_err": 3.038218472157161e-07,
    "O_Am241": 351.4141995652453,
    "O_Am241_err": 8.92172384087988e-08
}