{
    "C_60": 1120620.6816387544,
    "C_60_err": 3404.982777974357,
    "C_99_103": 4035.4413431748508,
    "C_99_103_err": 51.90726753895939,
    "O_Am241": 277.69470210093925,
    "O_Am241_err": 3.6702501117801822
}