{
    "C_60": 3053932.536699737,
    "C_60_err": 0.0007755185154981192,
    "C_99_103": 5458.6841798795695,
    "C_99_103_err": 8.033031380502102e-07,
    "O_Am241": 559.4631299528879,
    "O_Am241_err": 1.6420241957119007e-07
}