{
    "C_60": 2187828.904958885,
    "C_60_err": 0.0005579683809169012,
    "C_99_103": 4951.198776537649,
    "C_99_103_err": 5.187551862666272e-07,
    "O_Am241": 441.87862449118313,
    "O_Am241_err": 1.218330012821956e-07
}