{
    "C_60": 4265836.181792831,
    "C_60_err": 0.0011484362122474168,
    "C_99_103": 6053.63404644752,
    "C_99_103_err": 7.237008708895366e-07,
    "O_Am241": 704.6736140742056,
    "O_Am241_err": 2.0757349121068556e-07
}