{
    "C_60": 2445010.7275324315,
    "C_60_err": 0.0006161193734746662,
    "C_99_103": 5115.095060751371,
    "C_99_103_err": 3.480724777361107e-07,
    "O_Am241": 477.99907890143425,
    "O_Am241_err": 1.2476575742195723e-07
}