{
    "C_60": 896575.6728613419,
    "C_60_err": 0.00021428660281853917,
    "C_99_103": 3751.648481801618,
    "C_99_103_err": 3.3312128137576906e-07,
    "O_Am241": 238.9817908608506,
    "O_Am241_err": 6.093235561779871e-08
}