{
    "C_60": 640756.3778078203,
    "C_60_err": 0.00015203552398319886,
    "C_99_103": 3379.3824602996146,
    "C_99_103_err": 5.944943616033316e-07,
    "O_Am241": 189.60753490772723,
    "O_Am241_err": 5.6005400884345205e-08
}