{
    "C_60": 2445010.7275324315,
    "C_60_err": 0.0006161193734746662,
    "C_99_103": 5102.624820985771,
    "C_99_103_err": 3.8289858644521314e-07,
    "O_Am241": 479.16725475812706,
    "O_Am241_err": 1.2598556710375427e-07
}