{
    "C_60": 3767055.8257466583,
    "C_60_err": 2680.4109478129817,
    "C_99_103": 11772.31329687557,
    "C_99_103_err": 177.89178311331412,
    "O_Am241": 319.99282815098485,
    "O_Am241_err": 4.840778976386525
}