{
    "C_60": 716662.0731442069,
    "C_60_err": 0.00017480783363353625,
    "C_99_103": 3491.483468226326,
    "C_99_103_err": 2.9772043208032596e-07,
    "O_Am241": 205.26005053899664,
    "O_Am241_err": 5.303808538981843e-08
}