{
    "C_60": 1002057.8301624517,
    "C_60_err": 0.00023563072206168878,
    "C_99_103": 3882.9908338138584,
    "C_99_103_err": 7.312329689321403e-07,
    "O_Am241": 258.063403455999,
    "O_Am241_err": 7.774405908094112e-08
}