{
    "C_60": 1002057.8301624517,
    "C_60_err": 0.00023563072206168878,
    "C_99_103": 3869.957502322562,
    "C_99_103_err": 7.824292408620996e-07,
    "O_Am241": 258.9325152953398,
    "O_Am241_err": 8.029868981718089e-08
}