{
    "C_60": 3413718.8103282456,
    "C_60_err": 0.0008842568007946805,
    "C_99_103": 5634.112963597648,
    "C_99_103_err": 3.7139281474089965e-07,
    "O_Am241": 605.9017333135657,
    "O_Am241_err": 1.619492559673156e-07
}