{
    "C_60": 3413718.8103282456,
    "C_60_err": 8265.824760430547,
    "C_99_103": 5644.8285822443995,
    "C_99_103_err": 64.73059129648242,
    "O_Am241": 604.7515457007804,
    "O_Am241_err": 7.087742313207393
}