{
    "C_60": 3413718.8103282456,
    "C_60_err": 0.0008842568007946805,
    "C_99_103": 5644.8285822443995,
    "C_99_103_err": 3.151274759628092e-07,
    "O_Am241": 604.7515457007804,
    "O_Am241_err": 1.6024575591908538e-07
}