{
    "C_60": 1120620.6816387544,
    "C_60_err": 0.0002740166236084307,
    "C_99_103": 4023.693508843271,
    "C_99_103_err": 4.652575272474143e-07,
    "O_Am241": 278.5054774117002,
    "O_Am241_err": 7.533111104245691e-08
}