{
    "C_60": 716662.0731442069,
    "C_60_err": 0.00017480783363353625,
    "C_99_103": 3482.405154131828,
    "C_99_103_err": 3.543419709582142e-07,
    "O_Am241": 205.7951448566795,
    "O_Am241_err": 5.438998431766173e-08
}