{
    "C_60": 2732723.5470784814,
    "C_60_err": 0.0007009982588246366,
    "C_99_103": 5305.021202705704,
    "C_99_103_err": 5.083912114125242e-07,
    "O_Am241": 515.1201932397025,
    "O_Am241_err": 1.410585901932834e-07
}