{
    "C_60": 3815663.06566058,
    "C_60_err": 0.0010055483122758946,
    "C_99_103": 5825.0580893602255,
    "C_99_103_err": 7.860531216376384e-07,
    "O_Am241": 655.042920967619,
    "O_Am241_err": 1.9393994176349927e-07
}