{
    "C_60": 1401113.8480992827,
    "C_60_err": 0.00033765841757044113,
    "C_99_103": 4324.605276098258,
    "C_99_103_err": 2.9406627688141097e-07,
    "O_Am241": 323.9865279365784,
    "O_Am241_err": 8.112698783923945e-08
}