{
    "C_60": 4762529.080686702,
    "C_60_err": 0.0012739282110854622,
    "C_99_103": 6281.263866063402,
    "C_99_103_err": 7.961247933726406e-07,
    "O_Am241": 758.2119112075255,
    "O_Am241_err": 2.2442990556750014e-07
}