{
    "C_79": 9801.037462999146,
    "C_79_err": 43.92828417518592,
    "C_81": 121680.8047293102,
    "C_81_err": 545.3737922126857,
    "C_356": 211421.07579854786,
    "C_356_err": 2128.526253936949,
    "C_161": 3317.7092076581607,
    "C_161_err": 134.6937762135438,
    "C_223": 2107.1797478487397,
    "C_223_err": 116.82349878594198,
    "C_276": 28101.36387883326,
    "C_276_err": 222.11840987325417,
    "C_303": 68953.85375322917,
    "C_303_err": 633.1554536291287,
    "C_383": 29599.560895459115,
    "C_383_err": 358.80319648583094,
    "O_Ba133": 0.6218956255694752,
    "O_Ba133_err": 0.0067748247606843285
}