{
    "C_79": 43342.885235512935,
    "C_79_err": 63.913041957876366,
    "C_81": 538106.0091503513,
    "C_81_err": 793.4864454392952,
    "C_356": 933295.5725187925,
    "C_356_err": 1339.483522059692,
    "C_161": 14202.87879063289,
    "C_161_err": 256.39973938051696,
    "C_223": 9234.329412972664,
    "C_223_err": 256.9811147236498,
    "C_276": 124686.96057857492,
    "C_276_err": 358.1428844345599,
    "C_303": 309835.8553529351,
    "C_303_err": 613.8990600944531,
    "C_383": 132540.73817330482,
    "C_383_err": 352.61113337336286,
    "O_Ba133": 0.6230061638636526,
    "O_Ba133_err": 0.0012357312649470425
}