{
    "C_79": 77801.62380039236,
    "C_79_err": 157.8155877926388,
    "C_81": 965914.4992576833,
    "C_81_err": 1959.2954107086102,
    "C_356": 1085109.4517608027,
    "C_356_err": 2093.4624877821643,
    "C_161": 17872.00577172458,
    "C_161_err": 307.6745691170362,
    "C_223": 10308.459792225221,
    "C_223_err": 214.0172910577853,
    "C_276": 144951.90344528496,
    "C_276_err": 523.7108874872556,
    "C_303": 359432.72059485066,
    "C_303_err": 645.8786761791882,
    "C_383": 156254.7097275759,
    "C_383_err": 972.0591529857836,
    "O_Ba133": 0.9618533147641851,
    "O_Ba133_err": 0.002593245627723706
}