{
    "C_79": 88679.48755567138,
    "C_79_err": 204.2092435568572,
    "C_81": 1100964.203993053,
    "C_81_err": 2535.2770237813593,
    "C_356": 1108356.900513573,
    "C_356_err": 2260.602660404577,
    "C_161": 19055.170183156715,
    "C_161_err": 330.24160958835455,
    "C_223": 10816.766310184004,
    "C_223_err": 204.86116408087574,
    "C_276": 147773.40110507407,
    "C_276_err": 466.62301814954424,
    "C_303": 366710.52076250094,
    "C_303_err": 589.07703687663,
    "C_383": 160816.96806287905,
    "C_383_err": 2753.7586295093456,
    "O_Ba133": 1.0733399061236375,
    "O_Ba133_err": 0.003171553504729933
}