{
    "C_79": 59282.01605752725,
    "C_79_err": 92.69645799358268,
    "C_81": 735991.821997227,
    "C_81_err": 1150.8352709391966,
    "C_356": 1013929.5157446387,
    "C_356_err": 1820.8664764317314,
    "C_161": 16353.507705776112,
    "C_161_err": 277.2773641648856,
    "C_223": 9876.042929635953,
    "C_223_err": 245.29614159133374,
    "C_276": 135719.0233545857,
    "C_276_err": 383.86521398170834,
    "C_303": 336555.1399306587,
    "C_303_err": 579.5706558530374,
    "C_383": 145121.2635680964,
    "C_383_err": 421.4742036085117,
    "O_Ba133": 0.7843482468016509,
    "O_Ba133_err": 0.0018112749016496697
}