{
    "C_79": 39540.63214518518,
    "C_79_err": 66.6451780683206,
    "C_81": 490900.6783307901,
    "C_81_err": 827.4061729991502,
    "C_356": 910757.9493400647,
    "C_356_err": 1194.9077798222224,
    "C_161": 13613.048901185808,
    "C_161_err": 261.70022145242143,
    "C_223": 8999.34252925917,
    "C_223_err": 190.79840334242442,
    "C_276": 121534.15895297317,
    "C_276_err": 398.6508886586422,
    "C_303": 302193.79678005225,
    "C_303_err": 607.8155424003389,
    "C_383": 129041.89964806513,
    "C_383_err": 361.44513060696215,
    "O_Ba133": 0.5824174368835684,
    "O_Ba133_err": 0.0011893623777012102
}