{
    "C_79": 45252.279054437065,
    "C_79_err": 73.56983765579051,
    "C_81": 561811.3135437781,
    "C_81_err": 913.3764750473615,
    "C_356": 944011.1369071244,
    "C_356_err": 1375.3640914028354,
    "C_161": 14322.05258547065,
    "C_161_err": 265.6307308804367,
    "C_223": 9281.442036403041,
    "C_223_err": 209.01164258290797,
    "C_276": 126268.72283712383,
    "C_276_err": 338.1974074157144,
    "C_303": 313495.00895783986,
    "C_303_err": 540.6068976016039,
    "C_383": 134306.29466008168,
    "C_383_err": 436.8712198227178,
    "O_Ba133": 0.6430682529733127,
    "O_Ba133_err": 0.0013490822395332296
}