{
    "C_79": 17702.792010744728,
    "C_79_err": 48.38439684799578,
    "C_81": 219781.8328881097,
    "C_81_err": 600.696851433608,
    "C_356": 729056.6531799914,
    "C_356_err": 886.1323595717871,
    "C_161": 10002.725977921822,
    "C_161_err": 279.64525117360796,
    "C_223": 7104.333999130925,
    "C_223_err": 234.28884143425807,
    "C_276": 97606.49463888843,
    "C_276_err": 278.76763800649746,
    "C_303": 241572.30000158845,
    "C_303_err": 476.247835539748,
    "C_383": 102251.81820087448,
    "C_383_err": 337.343271217979,
    "O_Ba133": 0.3257423464459127,
    "O_Ba133_err": 0.0009165328276541101
}