{
    "C_79": 67869.43236714062,
    "C_79_err": 106.90150817561717,
    "C_81": 842605.4056146736,
    "C_81_err": 1327.1923090482283,
    "C_356": 1049955.3599232035,
    "C_356_err": 1811.3863214437965,
    "C_161": 17384.118760457113,
    "C_161_err": 271.57485886753983,
    "C_223": 10220.411120150316,
    "C_223_err": 251.37915186077794,
    "C_276": 140424.79111735267,
    "C_276_err": 423.30124048737287,
    "C_303": 348356.60622500774,
    "C_303_err": 594.1774802271511,
    "C_383": 150781.11923663292,
    "C_383_err": 453.82722280969847,
    "O_Ba133": 0.8671557598871716,
    "O_Ba133_err": 0.0019611871780915034
}