{
    "C_79": 51796.640727915335,
    "C_79_err": 84.5003225145904,
    "C_81": 643060.1811126097,
    "C_81_err": 1049.079475747179,
    "C_356": 978327.8337494354,
    "C_356_err": 1652.6090685130878,
    "C_161": 15206.917505261581,
    "C_161_err": 205.07398735156698,
    "C_223": 9770.136347261883,
    "C_223_err": 230.16618690706838,
    "C_276": 130944.52500825442,
    "C_276_err": 434.9662896496466,
    "C_303": 324877.19060094014,
    "C_303_err": 582.5559907796488,
    "C_383": 139591.23905352163,
    "C_383_err": 359.87299023564594,
    "O_Ba133": 0.7102494663547397,
    "O_Ba133_err": 0.0016114487655089097
}