{
    "C_60": 1064220.8457724915,
    "C_60_err": 0.011125292817054655,
    "C_99_103": 5470.1487380590115,
    "C_99_103_err": 2.8083853219219264e-05,
    "O_Am241": 194.55062316095487,
    "O_Am241_err": 2.2658497255599805e-06
}