{
    "C_60": 3359669.5606506895,
    "C_60_err": 0.034055684083181825,
    "C_99_103": 7288.042265065695,
    "C_99_103_err": 3.69432625778056e-05,
    "O_Am241": 460.9838195855201,
    "O_Am241_err": 5.224515199564374e-06
}