{
    "C_60": 1181981.9713075822,
    "C_60_err": 0.011807923799275755,
    "C_99_103": 5613.530201504332,
    "C_99_103_err": 1.9101618529780825e-05,
    "O_Am241": 210.55947485431378,
    "O_Am241_err": 2.22215314061683e-06
}