{
    "C_60": 3728672.8378507392,
    "C_60_err": 0.037668433892816267,
    "C_99_103": 7483.426088952904,
    "C_99_103_err": 3.6999387563199696e-05,
    "O_Am241": 498.257455011821,
    "O_Am241_err": 5.604073695136659e-06
}