{
    "C_60": 2727628.5617704135,
    "C_60_err": 0.027555234253551775,
    "C_99_103": 6959.393988828792,
    "C_99_103_err": 3.3178545976552224e-05,
    "O_Am241": 391.9347814118296,
    "O_Am241_err": 4.378182933714547e-06
}