{
    "C_60": 567710.2856232467,
    "C_60_err": 0.006071558408387301,
    "C_99_103": 4606.483741152676,
    "C_99_103_err": 2.297240753538389e-05,
    "O_Am241": 123.2415693887132,
    "O_Am241_err": 1.4542976990615298e-06
}