{
    "C_60": 1311523.7287083075,
    "C_60_err": 0.013399644770504815,
    "C_99_103": 5780.860924632182,
    "C_99_103_err": 1.2144809078304974e-05,
    "O_Am241": 226.8734269527087,
    "O_Am241_err": 2.3664292006735673e-06
}