{
    "C_60": 1456878.7585750401,
    "C_60_err": 0.015262076283946158,
    "C_99_103": 5939.269723456851,
    "C_99_103_err": 2.3997560998937972e-05,
    "O_Am241": 245.29594148943426,
    "O_Am241_err": 2.7541990397450818e-06
}