{
    "C_60": 2457844.1755406205,
    "C_60_err": 0.024422147751428924,
    "C_99_103": 6767.597604957432,
    "C_99_103_err": 2.035813804446703e-05,
    "O_Am241": 363.17823827767023,
    "O_Am241_err": 3.7704370064577566e-06
}