{
    "C_60": 700686.6432866222,
    "C_60_err": 0.0075558084665115766,
    "C_99_103": 4859.064797193644,
    "C_99_103_err": 1.6958669929909344e-05,
    "O_Am241": 144.2019550122699,
    "O_Am241_err": 1.634408932258739e-06
}