{
    "C_60": 630823.3581499322,
    "C_60_err": 0.006435433499800136,
    "C_99_103": 4735.262045971431,
    "C_99_103_err": 2.5790560423380678e-05,
    "O_Am241": 133.21825741124744,
    "O_Am241_err": 1.5406030059999875e-06
}