{
    "C_60": 862257.0584729804,
    "C_60_err": 0.009610016558488088,
    "C_99_103": 5167.107227742472,
    "C_99_103_err": 2.442644826730143e-05,
    "O_Am241": 166.8742335834404,
    "O_Am241_err": 2.02022978735609e-06
}