{
    "C_60": 942828.0407660565,
    "C_60_err": 6.102677480171806e-06,
    "C_99_103": 40400.711184689135,
    "C_99_103_err": 0.0003909465369175448,
    "O_Am241": 23.336916928416965,
    "O_Am241_err": 2.2582495775438771e-07
}