{
    "C_60": 958572.5404453954,
    "C_60_err": 0.009979781736946802,
    "C_99_103": 5347.629272456861,
    "C_99_103_err": 1.854560267957973e-05,
    "O_Am241": 179.25186874538116,
    "O_Am241_err": 1.96702101606068e-06
}