{
    "C_60": 942828.0407660565,
    "C_60_err": 1452.537203893262,
    "C_99_103": 40400.71118468915,
    "C_99_103_err": 368.70458960953215,
    "O_Am241": 23.336916928416958,
    "O_Am241_err": 0.21599051775306985
}