{
    "C_60": 4131330.960922914,
    "C_60_err": 0.04237914259880682,
    "C_99_103": 7747.878628742634,
    "C_99_103_err": 3.395898057469668e-05,
    "O_Am241": 533.2209187682342,
    "O_Am241_err": 5.948151289515931e-06
}