{
    "C_60": 1617073.5223836517,
    "C_60_err": 0.016595038733010214,
    "C_99_103": 6134.131822023038,
    "C_99_103_err": 1.717549129081288e-05,
    "O_Am241": 263.6189715679016,
    "O_Am241_err": 2.804248866873841e-06
}