{
    "C_60": 1795138.0321977176,
    "C_60_err": 0.018577821060959954,
    "C_99_103": 6303.267693901187,
    "C_99_103_err": 1.4196267259352694e-05,
    "O_Am241": 284.79482696484996,
    "O_Am241_err": 3.016319007135178e-06
}