{
    "C_60": 3026390.9489802346,
    "C_60_err": 0.031038974416709997,
    "C_99_103": 7123.732690102448,
    "C_99_103_err": 3.2563325972613004e-05,
    "O_Am241": 424.8321884936858,
    "O_Am241_err": 4.7702927865114366e-06
}