{
    "C_60": 2214517.008501382,
    "C_60_err": 0.021633336844958384,
    "C_99_103": 6598.0398710463505,
    "C_99_103_err": 2.986101280602572e-05,
    "O_Am241": 335.63255933313917,
    "O_Am241_err": 3.613520807450393e-06
}