{
    "C_60": 1993448.0976497168,
    "C_60_err": 0.020241121858966815,
    "C_99_103": 6437.8770964460955,
    "C_99_103_err": 2.4205196425113807e-05,
    "O_Am241": 309.64370207535666,
    "O_Am241_err": 3.3526895791372745e-06
}