{
    "C_60": 777627.2891152134,
    "C_60_err": 0.008208748222776063,
    "C_99_103": 5011.966037892676,
    "C_99_103_err": 2.000451125284455e-05,
    "O_Am241": 155.15414175515315,
    "O_Am241_err": 1.750996271969585e-06
}