{
    "C_60": 4584674.921590914,
    "C_60_err": 0.04664640271203724,
    "C_99_103": 7963.9380104640995,
    "C_99_103_err": 4.009561493987761e-05,
    "O_Am241": 575.6793831854226,
    "O_Am241_err": 6.53507590137706e-06
}