{
    "cuspEmax_ctc": {
        "resolution": [
            0.2604840776932118,
            0.002064780838378238,
            1.1657883376959377e-28
        ],
        "calibration": [
            0.06196767049729919,
            0.01749393264193645
        ]
    }
}