{
    "C_60": 5332194.638779014,
    "C_60_err": 0.0021495389898190664,
    "C_99_103": 7128.044411784965,
    "C_99_103_err": 2.2994000550479804e-06,
    "O_Am241": 748.0585600677755,
    "O_Am241_err": 3.862261449508515e-07
}