{
    "C_60": 4271830.757368807,
    "C_60_err": 0.0016710915515331937,
    "C_99_103": 6594.627667284056,
    "C_99_103_err": 2.302681519211995e-06,
    "O_Am241": 647.7743661801192,
    "O_Am241_err": 3.396660753116913e-07
}