{
    "C_60": 1126993.694723673,
    "C_60_err": 0.0003984001803675197,
    "C_99_103": 4412.771243653319,
    "C_99_103_err": 4.777864799328582e-07,
    "O_Am241": 255.393636446615,
    "O_Am241_err": 9.44232712980198e-08
}