{
    "C_60": 3065045.4639236294,
    "C_60_err": 0.0011766604335465558,
    "C_99_103": 5975.200787183512,
    "C_99_103_err": 6.0253962236314304e-05,
    "O_Am241": 512.9610824958366,
    "O_Am241_err": 5.176449851053626e-06
}