{
    "C_60": 4773305.110726387,
    "C_60_err": 0.0019245338572951298,
    "C_99_103": 6853.413730992788,
    "C_99_103_err": 4.554437707807476e-06,
    "O_Am241": 696.4857657929437,
    "O_Am241_err": 5.413745158864467e-07
}