{
    "C_60": 1966337.5307604684,
    "C_60_err": 0.0007310347681580703,
    "C_99_103": 5235.723469739123,
    "C_99_103_err": 2.3814662858574493e-06,
    "O_Am241": 375.5617618320174,
    "O_Am241_err": 2.2062602376584482e-07
}