{
    "C_60": 1259568.3310221517,
    "C_60_err": 0.0004503435766953223,
    "C_99_103": 4582.373778182164,
    "C_99_103_err": 1.9770129780505765e-05,
    "O_Am241": 274.8724551932612,
    "O_Am241_err": 1.1899711126028698e-06
}