{
    "C_60": 2197509.031535165,
    "C_60_err": 0.0008082828280848997,
    "C_99_103": 5413.500597789619,
    "C_99_103_err": 9.8700595180026e-07,
    "O_Am241": 405.931243903885,
    "O_Am241_err": 1.666453278828536e-07
}