{
    "C_60": 1573849.8970412302,
    "C_60_err": 0.0005785243728653744,
    "C_99_103": 4900.891130301815,
    "C_99_103_err": 1.4724754041621518e-06,
    "O_Am241": 321.13545377701683,
    "O_Am241_err": 1.524597510880553e-07
}