{
    "C_60": 2454598.7960949736,
    "C_60_err": 0.0009368200966647366,
    "C_99_103": 5613.214901139448,
    "C_99_103_err": 1.5900043121387842e-06,
    "O_Am241": 437.2892966554167,
    "O_Am241_err": 2.0783916675097275e-07
}