{
    "C_60": 902205.8701343777,
    "C_60_err": 0.0003083865091115662,
    "C_99_103": 4196.017716183676,
    "C_99_103_err": 3.7558069698271496e-05,
    "O_Am241": 215.01479048924125,
    "O_Am241_err": 1.9259753361928027e-06
}