{
    "C_60": 807298.9573730348,
    "C_60_err": 0.0002866421334084268,
    "C_99_103": 4053.39203815278,
    "C_99_103_err": 1.1857470433480221e-06,
    "O_Am241": 199.16626612335745,
    "O_Am241_err": 9.162619234489272e-08
}