{
    "C_60": 3824529.950116287,
    "C_60_err": 0.0014869988548248114,
    "C_99_103": 6394.441767539068,
    "C_99_103_err": 1.5792532098565174e-06,
    "O_Am241": 598.1022408447354,
    "O_Am241_err": 2.7549435805103804e-07
}