{
    "C_60": 2742983.1729807565,
    "C_60_err": 0.0010440315628192087,
    "C_99_103": 5795.438997971307,
    "C_99_103_err": 4.958371571421285e-05,
    "O_Am241": 473.3003270228429,
    "O_Am241_err": 4.0533944979131835e-06
}