{
    "C_60": 721977.9209115858,
    "C_60_err": 0.00024250369405866973,
    "C_99_103": 3886.3489909584205,
    "C_99_103_err": 4.179597265803128e-05,
    "O_Am241": 185.77279667658908,
    "O_Am241_err": 1.998878839939004e-06
}