{
    "C_60": 1759299.4817613245,
    "C_60_err": 0.0006251602147215596,
    "C_99_103": 5070.340496672957,
    "C_99_103_err": 4.2311464627670385e-06,
    "O_Am241": 346.97856739911987,
    "O_Am241_err": 3.147085586715711e-07
}