{
    "C_60": 3292108.2487540357,
    "C_60_err": 0.0012636436071367108,
    "C_99_103": 9030.692193322733,
    "C_99_103_err": 4.932812402407214e-06,
    "O_Am241": 364.54661262712625,
    "O_Am241_err": 2.4337351546926343e-07
}