{
    "C_60": 3558175.716725747,
    "C_60_err": 0.0012694836876615823,
    "C_99_103": 9760.372658016271,
    "C_99_103_err": 8.504280358040167e-05,
    "O_Am241": 364.553264654643,
    "O_Am241_err": 3.1790396784883006e-06
}