{
    "C_60": 3424193.0377340163,
    "C_60_err": 0.0012921861325582151,
    "C_99_103": 6162.19053523787,
    "C_99_103_err": 2.1920118469497403e-06,
    "O_Am241": 555.6778905412144,
    "O_Am241_err": 2.881736042585464e-07
}