{
    "C_60": 1008614.3269711501,
    "C_60_err": 0.00034173303436066393,
    "C_99_103": 4280.360423626891,
    "C_99_103_err": 9.800916781585923e-07,
    "O_Am241": 235.6377097133605,
    "O_Am241_err": 9.635949446780611e-08
}