{
    "C_60": 1408526.908533292,
    "C_60_err": 0.0005118929737114863,
    "C_99_103": 4726.44160857968,
    "C_99_103_err": 6.302208441698684e-07,
    "O_Am241": 298.01000947022413,
    "O_Am241_err": 1.15363616244818e-07
}