{
    "C_60": 6632680.150052756,
    "C_60_err": 0.0027170246268579112,
    "C_99_103": 7554.114369051309,
    "C_99_103_err": 1.6972049422257004e-06,
    "O_Am241": 878.022204327008,
    "O_Am241_err": 4.1022013230954595e-07
}