{
    "C_60": 5956330.350960868,
    "C_60_err": 0.0024372729134328197,
    "C_99_103": 7367.470225001289,
    "C_99_103_err": 3.5688560334109625e-06,
    "O_Am241": 808.4634439034772,
    "O_Am241_err": 5.126494260492998e-07
}