{
    "FCCD": 1.0692823369939641,
    "FCCD_err_up": 0.05790830224731258,
    "FCCD_err_low": 0.06112172253741788,
    "O_Am241_data": 25.8260339533507,
    "O_Am241_data_err": 0.229300797583961,
    "a": 59.23103180210723,
    "a_err": 2.1673296109052487
}