{
    "FCCD": 0.9324350186598036,
    "FCCD_err_up": 0.052810227096645734,
    "FCCD_err_low": 0.05594253783880798,
    "O_Am241_data": 28.69395313834536,
    "O_Am241_data_err": 0.14435470725340363,
    "a": 59.23103180210723,
    "a_err": 2.1673296109052487
}