{
    "FCCD": 1.1031993703013898,
    "FCCD_err_up": 0.047060808405989585,
    "FCCD_err_low": 0.06145949620651714,
    "O_Am241_data": 25.204002955452236,
    "O_Am241_data_err": 0.12329782547337632,
    "a": 59.23103180210723,
    "a_err": 2.1673296109052487
}