{
    "FCCD": 0.4150613076179091,
    "FCCD_err_up": 0.13264074859958935,
    "FCCD_err_low": -0.07542671752130753,
    "O_Am241_data": 27.559269808882632,
    "O_Am241_data_err": 0.1328586007416388,
    "a": 59.23103180210723,
    "a_err": 2.1673296109052487
}