{
    "FCCD": 1.0506693963461333,
    "FCCD_err_up": 0.04697724449652019,
    "FCCD_err_low": 0.06173090793380154,
    "O_Am241_data": 26.236488578154283,
    "O_Am241_data_err": 0.13228530747489664,
    "a": 59.23103180210723,
    "a_err": 2.1673296109052487
}