{
    "FCCD": 1.4210426493470654,
    "FCCD_err_up": 0.041863320631042145,
    "FCCD_err_low": 0.06792450549947704,
    "O_Am241_data": 19.65108460362051,
    "O_Am241_data_err": 0.1056666193736877,
    "a": 59.23103180210723,
    "a_err": 2.1673296109052487
}