{
    "FCCD": 1.0953877494305688,
    "FCCD_err_up": 0.04594732664903223,
    "FCCD_err_low": 0.05813011449052641,
    "O_Am241_data": 25.388877891303743,
    "O_Am241_data_err": 0.07748944651544495,
    "a": 59.23103180210723,
    "a_err": 2.1673296109052487
}