{
    "FCCD": 1.0601295509212771,
    "FCCD_err_up": 0.06984063082708047,
    "FCCD_err_low": 0.04778819555495617,
    "O_Am241_data": 27.37397870222801,
    "O_Am241_data_err": 0.13694866618563137,
    "a": 59.23103180210723,
    "a_err": 2.1673296109052487
}