{
    "FCCD": 1.0956385848472243,
    "FCCD_err_up": 0.0514484901917347,
    "FCCD_err_low": 0.05820207933269139,
    "O_Am241_data": 25.297368730978846,
    "O_Am241_data_err": 0.1340287416214242,
    "a": 59.23103180210723,
    "a_err": 2.1673296109052487
}