{
    "FCCD": -8.952938865328324,
    "FCCD_err_up": -5.11650234023411,
    "FCCD_err_low": -5.267108114134627,
    "O_Am241_data": 54.95551116725262,
    "O_Am241_data_err": 0.3822549820575678,
    "a": 59.23103180210723,
    "a_err": 2.1673296109052487
}