{
    "FCCD": 1.0843646609924895,
    "FCCD_err_up": 0.050597846749906195,
    "FCCD_err_low": 0.05917012159219803,
    "O_Am241_data": 25.555019109044633,
    "O_Am241_data_err": 0.13573796962911575,
    "a": 59.23103180210723,
    "a_err": 2.1673296109052487
}