{
    "FCCD": 1.0854332463321785,
    "FCCD_err_up": 0.05344968943983619,
    "FCCD_err_low": 0.05539643454685317,
    "O_Am241_data": 25.49257744375773,
    "O_Am241_data_err": 0.12511956383997935,
    "a": 59.23103180210723,
    "a_err": 2.1673296109052487
}