{
    "FCCD": 1.0340879113380714,
    "FCCD_err_up": 0.049491603044448995,
    "FCCD_err_low": 0.059384499503977395,
    "O_Am241_data": 26.616061758300283,
    "O_Am241_data_err": 0.1315930092393273,
    "a": 59.23103180210723,
    "a_err": 2.1673296109052487
}