{
    "FCCD": 0.9548622463988546,
    "FCCD_err_up": 0.052469417208905855,
    "FCCD_err_low": 0.05600418649804528,
    "O_Am241_data": 28.18041947549983,
    "O_Am241_data_err": 0.139738491693658,
    "a": 59.23103180210723,
    "a_err": 2.1673296109052487
}