{
    "FCCD": 1.0951387570426319,
    "FCCD_err_up": 0.057053129240205225,
    "FCCD_err_low": 0.05196628005357384,
    "O_Am241_data": 25.24756150612089,
    "O_Am241_data_err": 0.12450558492162278,
    "a": 59.23103180210723,
    "a_err": 2.1673296109052487
}