{
    "FCCD": 0.6150969338812367,
    "FCCD_err_up": 0.05433769759504714,
    "FCCD_err_low": 0.05672108960426836,
    "O_Am241_data": 36.955428542962416,
    "O_Am241_data_err": 0.20519288799515964,
    "a": 59.23103180210723,
    "a_err": 2.1673296109052487
}