{
    "FCCD": 1.3259309878433723,
    "FCCD_err_up": 0.043734391730990474,
    "FCCD_err_low": 0.06565499073971037,
    "O_Am241_data": 21.189842526506357,
    "O_Am241_data_err": 0.11015303568000717,
    "a": 59.23103180210723,
    "a_err": 2.1673296109052487
}