{
    "FCCD": 1.4419208371075234,
    "FCCD_err_up": 0.04912610895916725,
    "FCCD_err_low": 0.06166956359759501,
    "O_Am241_data": 19.39742142080726,
    "O_Am241_data_err": 0.10519786111995243,
    "a": 59.23103180210723,
    "a_err": 2.1673296109052487
}