{
    "FCCD": 0.6402269844555454,
    "FCCD_err_up": 0.05076475228542576,
    "FCCD_err_low": 0.057142099732467755,
    "O_Am241_data": 36.04232765295422,
    "O_Am241_data_err": 0.17877344962128242,
    "a": 59.23103180210723,
    "a_err": 2.1673296109052487
}