{
    "FCCD": 1.1519839912962329,
    "FCCD_err_up": 0.05409648676434564,
    "FCCD_err_low": 0.05653655790605172,
    "O_Am241_data": 24.34335227042701,
    "O_Am241_data_err": 0.1284179789625891,
    "a": 59.23103180210723,
    "a_err": 2.1673296109052487
}