{
    "FCCD": 1.2267901627470237,
    "FCCD_err_up": 0.04750825929877722,
    "FCCD_err_low": 0.06200980386569688,
    "O_Am241_data": 22.977228427417653,
    "O_Am241_data_err": 0.11531340550281752,
    "a": 59.23103180210723,
    "a_err": 2.1673296109052487
}