{
    "FCCD": 1.0534231903369422,
    "FCCD_err_up": 0.052781674058639316,
    "FCCD_err_low": 0.05639951386400144,
    "O_Am241_data": 26.185117228673818,
    "O_Am241_data_err": 0.13042492869552447,
    "a": 59.23103180210723,
    "a_err": 2.1673296109052487
}