{
    "cuspEmax_ctc": {
        "resolution": [
            0.22425944647533513,
            0.0017191648689932736,
            2.18060153129129e-22
        ],
        "calibration": [
            0.05848461239222705,
            0.7747966219608472
        ]
    }
}