{
    "cuspEmax_ctc": {
        "resolution": [
            0.23423982509327831,
            0.0015143486899735624,
            3.08163417782613e-16
        ],
        "calibration": [
            0.05854851503020147,
            0.7070381144207152
        ]
    }
}