{
    "cuspEmax_ctc": {
        "resolution": [
            0.3433777389308245,
            0.0013413772537707337,
            1.0722744443774312e-06
        ],
        "calibration": [
            0.11624744192008209,
            0.08469627189845355
        ]
    }
}