{
    "C_60": 1315657.4801358774,
    "C_60_err": 9.155183099641626e-06,
    "C_99_103": 5719.420970362481,
    "C_99_103_err": 2.7025623521029187e-05,
    "O_Am241": 230.0333350095219,
    "O_Am241_err": 1.0869633626674785e-06
}