{
    "C_60": 1800116.7995443959,
    "C_60_err": 1.2293329305938447e-05,
    "C_99_103": 6286.441436019589,
    "C_99_103_err": 5.633175498107988e-06,
    "O_Am241": 286.3490923863888,
    "O_Am241_err": 2.5660010540424665e-07
}