{
    "C_60": 1067168.0049524812,
    "C_60_err": 7.310693739379266e-06,
    "C_99_103": 5456.514642546102,
    "C_99_103_err": 1.1145284857158284e-05,
    "O_Am241": 195.5768608465646,
    "O_Am241_err": 3.9948066266261253e-07
}