{
    "C_60": 2232986.029922591,
    "C_60_err": 2.2956297374534043e-05,
    "C_99_103": 6671.420250875637,
    "C_99_103_err": 9.119401234563564e-06,
    "O_Am241": 334.7092442017136,
    "O_Am241_err": 4.575388904306887e-07
}