{
    "C_60": 1184519.6769721438,
    "C_60_err": 7.753930360214316e-06,
    "C_99_103": 5637.2480458349,
    "C_99_103_err": 1.6084282767445185e-05,
    "O_Am241": 210.12374607985012,
    "O_Am241_err": 5.995298797264084e-07
}