{
    "C_60": 3050856.8651574343,
    "C_60_err": 3.094982105010524e-05,
    "C_99_103": 7195.848597802465,
    "C_99_103_err": 1.8257581035357548e-05,
    "O_Am241": 423.9745769649925,
    "O_Am241_err": 1.0757330374183138e-06
}