{
    "C_60": 1460868.897225737,
    "C_60_err": 9.776809581502066e-06,
    "C_99_103": 5954.4322728786865,
    "C_99_103_err": 1.3387407389183707e-05,
    "O_Am241": 245.3414247198207,
    "O_Am241_err": 5.516059302971486e-07
}