{
    "C_60": 1998327.5093188398,
    "C_60_err": 1.3871686592838509e-05,
    "C_99_103": 6464.997074527566,
    "C_99_103_err": 5.642704009235421e-06,
    "O_Am241": 309.0995225956647,
    "O_Am241_err": 2.6979320435825117e-07
}