{
    "C_60": 3386164.2807040666,
    "C_60_err": 3.390371197641018e-05,
    "C_99_103": 7334.125983438841,
    "C_99_103_err": 5.322933366392239e-06,
    "O_Am241": 461.69977013625754,
    "O_Am241_err": 3.3512254425295746e-07
}