{
    "C_60": 1622661.7270059292,
    "C_60_err": 1.1600625950264343e-05,
    "C_99_103": 6097.378642745832,
    "C_99_103_err": 3.2409830260971378e-06,
    "O_Am241": 266.1244810401337,
    "O_Am241_err": 1.4146783177861328e-07
}