{
    "C_60": 569491.3542320105,
    "C_60_err": 4.0703714465585225e-06,
    "C_99_103": 4595.664489454364,
    "C_99_103_err": 1.4632498315813592e-05,
    "O_Am241": 123.91926250030174,
    "O_Am241_err": 3.9455729907240454e-07
}