{
    "C_60": 2476991.582062689,
    "C_60_err": 2.460472010345008e-05,
    "C_99_103": 6824.384777750429,
    "C_99_103_err": 1.2029441213856984e-05,
    "O_Am241": 362.96188780832455,
    "O_Am241_err": 6.398082992950148e-07
}