{
    "C_60": 1095769.0743806015,
    "C_60_err": 6.885999744282029e-07,
    "C_99_103": 41847.01809089813,
    "C_99_103_err": 0.00013860460629991865,
    "O_Am241": 26.185117228673818,
    "O_Am241_err": 8.672966665958956e-08
}