{
    "C_60": 4619478.4837863855,
    "C_60_err": 4.6472447803053846e-05,
    "C_99_103": 8033.239632465717,
    "C_99_103_err": 1.3307675208622371e-05,
    "O_Am241": 575.0455227449111,
    "O_Am241_err": 9.526244087469302e-07
}