{
    "C_60": 632274.7211033097,
    "C_60_err": 4.063224440659097e-06,
    "C_99_103": 4801.513586681082,
    "C_99_103_err": 2.095574776769575e-06,
    "O_Am241": 131.68237675244248,
    "O_Am241_err": 5.7477746360461295e-08
}