{
    "C_60": 778957.4735027025,
    "C_60_err": 5.408065015485332e-06,
    "C_99_103": 5050.392687988125,
    "C_99_103_err": 1.604313155419524e-05,
    "O_Am241": 154.2370111843735,
    "O_Am241_err": 4.899521133633131e-07
}