{
    "C_60": 864698.2442408294,
    "C_60_err": 6.060080835488049e-06,
    "C_99_103": 5187.632437623695,
    "C_99_103_err": 5.700157747796653e-06,
    "O_Am241": 166.68456268596444,
    "O_Am241_err": 1.8315631239812507e-07
}