{
    "C_60": 2733127.294360213,
    "C_60_err": 1.9705223139841743e-05,
    "C_99_103": 6976.8065122350135,
    "C_99_103_err": 1.5269860649394944e-05,
    "O_Am241": 391.744745904478,
    "O_Am241_err": 8.574008932992513e-07
}