{
    "C_60": 4165943.4415683034,
    "C_60_err": 4.101384798961202e-05,
    "C_99_103": 7816.075672569238,
    "C_99_103_err": 1.3177275615777379e-05,
    "O_Am241": 532.9968152929753,
    "O_Am241_err": 8.986051289817624e-07
}