{
    "C_60": 960828.7006969962,
    "C_60_err": 6.829700956111594e-06,
    "C_99_103": 5351.916627290463,
    "C_99_103_err": 1.0901934769009684e-05,
    "O_Am241": 179.5298334427603,
    "O_Am241_err": 3.6570720091958446e-07
}