{
    "C_60": 3756683.3856092542,
    "C_60_err": 3.761057477518967e-05,
    "C_99_103": 7519.485163550935,
    "C_99_103_err": 2.8242074244456196e-06,
    "O_Am241": 499.59316414625806,
    "O_Am241_err": 1.8770645591016026e-07
}