{
    "C_60": 702102.2151175376,
    "C_60_err": 4.814094743559906e-06,
    "C_99_103": 4864.280570259746,
    "C_99_103_err": 7.670152232891223e-06,
    "O_Am241": 144.3383466427074,
    "O_Am241_err": 2.2759944508628454e-07
}