{
    "C_79": 52438.16610992033,
    "C_79_err": 67.38367456061702,
    "C_81": 651024.7792514617,
    "C_81_err": 836.5746766204905,
    "C_356": 1092125.9868656017,
    "C_356_err": 1902.369998987161,
    "C_161": 16271.326342202943,
    "C_161_err": 329.6182431459812,
    "C_223": 10468.252824613337,
    "C_223_err": 204.14499427627462,
    "C_276": 145088.4601227355,
    "C_276_err": 345.1890360308789,
    "C_303": 361134.4807552978,
    "C_303_err": 659.5119623280306,
    "C_383": 156217.62121915174,
    "C_383_err": 422.5253924231615,
    "O_Ba133": 0.6441225223294234,
    "O_Ba133_err": 0.0013599423412531456
}