{
    "C_79": 46033.80302441814,
    "C_79_err": 64.8910863227669,
    "C_81": 571514.0073597679,
    "C_81_err": 805.6289584977475,
    "C_356": 1059549.227884665,
    "C_356_err": 1738.065567821267,
    "C_161": 15783.630053643232,
    "C_161_err": 304.5006438579469,
    "C_223": 10324.665013083391,
    "C_223_err": 181.28899133877007,
    "C_276": 140491.66417148715,
    "C_276_err": 515.222004138657,
    "C_303": 350012.6560613351,
    "C_303_err": 481.73264723584066,
    "C_383": 151052.2142836796,
    "C_383_err": 314.6354363281736,
    "O_Ba133": 0.582840130625255,
    "O_Ba133_err": 0.0012231001187253245
}