{
    "C_79": 87767.49705868548,
    "C_79_err": 144.0470919663382,
    "C_81": 1089641.75593613,
    "C_81_err": 1788.3582361103875,
    "C_356": 1226474.533947099,
    "C_356_err": 3045.24371433279,
    "C_161": 20224.97455543943,
    "C_161_err": 279.91631223157196,
    "C_223": 12034.657334162132,
    "C_223_err": 184.75666567942773,
    "C_276": 162537.38772986468,
    "C_276_err": 421.8101235587815,
    "C_303": 405027.2946156519,
    "C_303_err": 772.2281853143002,
    "C_383": 177710.64554303972,
    "C_383_err": 1004.0428977760423,
    "O_Ba133": 0.959994863656582,
    "O_Ba133_err": 0.0027966871069238846
}