{
    "C_79": 67573.2930796829,
    "C_79_err": 92.86722193361686,
    "C_81": 838928.808423233,
    "C_81_err": 1152.9553213645263,
    "C_356": 1158193.9384998993,
    "C_356_err": 2350.5666139959567,
    "C_161": 18169.964495612337,
    "C_161_err": 389.71235607837883,
    "C_223": 11648.309742990947,
    "C_223_err": 244.0524529179872,
    "C_276": 153827.89912082275,
    "C_276_err": 441.972930314181,
    "C_303": 382998.7352303848,
    "C_303_err": 684.2409716462495,
    "C_383": 166648.7841412126,
    "C_383_err": 342.0532356761533,
    "O_Ba133": 0.782685931405429,
    "O_Ba133_err": 0.0018763363268194117
}