{
    "C_79": 67930.23147066681,
    "C_79_err": 89.60880766774709,
    "C_81": 843360.2322207298,
    "C_81_err": 1112.5018008561808,
    "C_356": 1159567.8405763407,
    "C_356_err": 2287.625023149606,
    "C_161": 18080.903117506707,
    "C_161_err": 223.83866725356887,
    "C_223": 11412.432237630122,
    "C_223_err": 228.91674514019985,
    "C_276": 153903.44529495947,
    "C_276_err": 382.47317130060634,
    "C_303": 383399.39652518556,
    "C_303_err": 646.8558512228293,
    "C_383": 166922.22718164645,
    "C_383_err": 515.0359436380611,
    "O_Ba133": 0.7858880108631311,
    "O_Ba133_err": 0.0018248952532164849
}