{
    "C_79": 98526.45097089092,
    "C_79_err": 211.98139891341478,
    "C_81": 1223215.1837518362,
    "C_81_err": 2631.7690657552253,
    "C_356": 1245039.4564613793,
    "C_356_err": 3206.080361008544,
    "C_161": 21421.877986518793,
    "C_161_err": 318.8930327951413,
    "C_223": 12292.935260420994,
    "C_223_err": 200.73069894919237,
    "C_276": 164783.0225089328,
    "C_276_err": 442.52518058826723,
    "C_303": 410503.6440748586,
    "C_303_err": 651.2896963149094,
    "C_383": 181531.7378360046,
    "C_383_err": 2905.5325853100976,
    "O_Ba133": 1.061606222889794,
    "O_Ba133_err": 0.0034598272552128573
}