{
    "C_79": 15547.86399939353,
    "C_79_err": 76.46706713711323,
    "C_81": 193028.19833209948,
    "C_81_err": 949.3458523815191,
    "C_356": 266068.8383567233,
    "C_356_err": 1131.5009599728944,
    "C_161": 4514.340196619121,
    "C_161_err": 216.45086837308105,
    "C_223": 2737.8675118517167,
    "C_223_err": 118.42457271020618,
    "C_276": 35059.76921789172,
    "C_276_err": 209.07138820977545,
    "C_303": 86133.80385500049,
    "C_303_err": 364.1421244148097,
    "C_383": 37945.56270798248,
    "C_383_err": 190.9922979254687,
    "O_Ba133": 0.783917664389737,
    "O_Ba133_err": 0.0048915593024516585
}