{
    "C_79": 77289.91094919691,
    "C_79_err": 96.17060240851559,
    "C_81": 959561.5359353437,
    "C_81_err": 1193.9671016000614,
    "C_356": 1193869.5639461123,
    "C_356_err": 2863.449052419146,
    "C_161": 18793.623616778266,
    "C_161_err": 296.2488386755391,
    "C_223": 12119.969296647178,
    "C_223_err": 232.94056043034962,
    "C_276": 158429.47727011755,
    "C_276_err": 465.8071069648496,
    "C_303": 394468.39330056787,
    "C_303_err": 625.1962474711331,
    "C_383": 172393.63538508755,
    "C_383_err": 594.3775921027624,
    "O_Ba133": 0.8684796716463918,
    "O_Ba133_err": 0.002312055490738558
}