{
    "C_79": 59651.74509275953,
    "C_79_err": 82.56887004393855,
    "C_81": 740582.0428497219,
    "C_81_err": 1025.100311111539,
    "C_356": 1125239.9158458572,
    "C_356_err": 2131.7588385925987,
    "C_161": 16999.701656532616,
    "C_161_err": 305.98785531277287,
    "C_223": 10936.509889641113,
    "C_223_err": 238.62426553380848,
    "C_276": 149520.60657479466,
    "C_276_err": 348.28973298868493,
    "C_303": 372260.42971539794,
    "C_303_err": 576.4147533996766,
    "C_383": 161493.17889011622,
    "C_383_err": 472.99154902652106,
    "O_Ba133": 0.7111672601313075,
    "O_Ba133_err": 0.0016280469654048227
}