{
    "C_79": 21426.706056247283,
    "C_79_err": 48.949804511907885,
    "C_81": 266014.57707566954,
    "C_81_err": 607.7164409214224,
    "C_356": 879714.1750785522,
    "C_356_err": 1157.6146540078792,
    "C_161": 12373.32713337772,
    "C_161_err": 225.80600946588066,
    "C_223": 8460.068392868525,
    "C_223_err": 109.51991687423074,
    "C_276": 116459.44123107432,
    "C_276_err": 387.50314369458664,
    "C_303": 289674.8205155655,
    "C_303_err": 576.1136497289522,
    "C_383": 124256.6469177385,
    "C_383_err": 445.1135904083968,
    "O_Ba133": 0.32674394851742655,
    "O_Ba133_err": 0.000815587847794137
}