{
    "cuspEmax_ctc": {
        "resolution": [
            0.20936371296520992,
            0.0013842240650505347,
            1.1007869604407292e-23
        ],
        "calibration": [
            0.05792222374543906,
            28.54418918862659
        ]
    }
}