{
    "C_60": 777234.6168669261,
    "C_60_err": 6.26103534256961e-05,
    "C_99_103": 5045.751644655667,
    "C_99_103_err": 5.630568210515815e-07,
    "O_Am241": 154.03743021917327,
    "O_Am241_err": 2.1199906431509653e-08
}