{
    "C_60": 750852.6884407391,
    "C_60_err": 8.496922484751979e-05,
    "C_99_103": 38494.69073801972,
    "C_99_103_err": 6.550246613171287e-05,
    "O_Am241": 19.505357077700868,
    "O_Am241_err": 3.3263581586686586e-08
}