{
    "C_60": 630003.3341115186,
    "C_60_err": 5.2095385968398134e-05,
    "C_99_103": 4759.457091091338,
    "C_99_103_err": 2.459843063571873e-07,
    "O_Am241": 132.36873913429054,
    "O_Am241_err": 1.2907753652953836e-08
}