{
    "C_60": 2214383.8773491317,
    "C_60_err": 0.00018098046572212478,
    "C_99_103": 6614.465706335432,
    "C_99_103_err": 4.468859840148611e-07,
    "O_Am241": 334.77894899782495,
    "O_Am241_err": 3.5499708193581935e-08
}