{
    "C_60": 753859.7696467972,
    "C_60_err": 1.5146025274248576e-05,
    "C_99_103": 38582.00038511059,
    "C_99_103_err": 0.0003030932913822282,
    "O_Am241": 19.539157174901792,
    "O_Am241_err": 1.5349662453605528e-07
}