{
    "C_60": 1617324.2547634465,
    "C_60_err": 0.00013326459236642774,
    "C_99_103": 6110.643859733036,
    "C_99_103_err": 3.445563539442465e-07,
    "O_Am241": 264.67329660971353,
    "O_Am241_err": 2.642610400961656e-08
}