{
    "C_60": 699905.6249910245,
    "C_60_err": 5.7618841002859966e-05,
    "C_99_103": 4885.996108622398,
    "C_99_103_err": 2.59148516265433e-07,
    "O_Am241": 143.24727433898062,
    "O_Am241_err": 1.4028242613194225e-08
}