{
    "C_60": 1795569.6496448794,
    "C_60_err": 0.00014666658214715356,
    "C_99_103": 6283.479401489073,
    "C_99_103_err": 4.2411866991152493e-07,
    "O_Am241": 285.7604099441086,
    "O_Am241_err": 3.027972336327834e-08
}