{
    "C_60": 1312317.9338499221,
    "C_60_err": 0.00010667024751540022,
    "C_99_103": 5787.400653027,
    "C_99_103_err": 3.862568780181033e-07,
    "O_Am241": 226.75429135246355,
    "O_Am241_err": 2.3848498012707982e-08
}