{
    "C_60": 4133620.990221754,
    "C_60_err": 0.00033683885363788857,
    "C_99_103": 7763.404468344412,
    "C_99_103_err": 4.748264702047556e-07,
    "O_Am241": 532.449520964257,
    "O_Am241_err": 5.4249883359020717e-08
}