{
    "C_60": 1456887.370447216,
    "C_60_err": 0.0001185810803519538,
    "C_99_103": 5939.085367224789,
    "C_99_103_err": 4.934668087241728e-07,
    "O_Am241": 245.30500579889616,
    "O_Am241_err": 2.8531946880597974e-08
}