{
    "C_60": 863118.239182978,
    "C_60_err": 7.021859555839116e-05,
    "C_99_103": 5182.182992767949,
    "C_99_103_err": 3.011080286087595e-07,
    "O_Am241": 166.55495191650158,
    "O_Am241_err": 1.6651074980030866e-08
}