{
    "C_60": 3725051.9767243043,
    "C_60_err": 0.0003019495559192231,
    "C_99_103": 7515.9205971580795,
    "C_99_103_err": 6.357904992147214e-07,
    "O_Am241": 495.6215181587763,
    "O_Am241_err": 5.8067041038233886e-08
}