{
    "C_60": 4581387.258512489,
    "C_60_err": 0.00037153501372400033,
    "C_99_103": 7965.4242385444895,
    "C_99_103_err": 5.815394519566698e-07,
    "O_Am241": 575.1592283488518,
    "O_Am241_err": 6.276045455231217e-08
}