{
    "C_60": 2725965.586444363,
    "C_60_err": 0.0002210151794992954,
    "C_99_103": 6944.724255917993,
    "C_99_103_err": 3.7327417657805236e-07,
    "O_Am241": 392.5232285675581,
    "O_Am241_err": 3.818303245898561e-08
}