{
    "C_60": 958635.2215323003,
    "C_60_err": 7.738743640364754e-05,
    "C_99_103": 5311.16495970474,
    "C_99_103_err": 3.8380679343383165e-07,
    "O_Am241": 180.4943414119815,
    "O_Am241_err": 1.9555879368557043e-08
}