{
    "C_60": 1181448.1059448912,
    "C_60_err": 9.437962118122312e-05,
    "C_99_103": 5635.522190070466,
    "C_99_103_err": 5.452436212417941e-07,
    "O_Am241": 209.64305810498786,
    "O_Am241_err": 2.630361476082538e-08
}