{
    "C_60": 1993242.2471993351,
    "C_60_err": 0.00016236163267513426,
    "C_99_103": 6468.098813209728,
    "C_99_103_err": 4.2354188396057416e-07,
    "O_Am241": 308.16508911839105,
    "O_Am241_err": 3.2207212019571245e-08
}