{
    "C_60": 2455003.383068715,
    "C_60_err": 0.00020116726784646932,
    "C_99_103": 6774.955984461923,
    "C_99_103_err": 2.909653893875836e-07,
    "O_Am241": 362.36447715662837,
    "O_Am241_err": 3.3523927867344264e-08
}