{
    "C_60": 3357373.46353981,
    "C_60_err": 0.00027407750187224966,
    "C_99_103": 7313.588330684057,
    "C_99_103_err": 5.416178718096586e-07,
    "O_Am241": 459.05967245298683,
    "O_Am241_err": 5.059774537020492e-08
}