{
    "C_60": 3024581.330406553,
    "C_60_err": 0.0002450254722546896,
    "C_99_103": 7137.0461380634,
    "C_99_103_err": 3.513399059423654e-07,
    "O_Am241": 423.78615352867223,
    "O_Am241_err": 4.0173054024043595e-08
}