{
    "C_60": 1064309.8715586097,
    "C_60_err": 8.626429749955533e-05,
    "C_99_103": 5492.8900162117325,
    "C_99_103_err": 3.0666028055716544e-07,
    "O_Am241": 193.7613657687305,
    "O_Am241_err": 1.906973670619029e-08
}