{
    "C_60": 567620.0071802093,
    "C_60_err": 4.592899379186888e-05,
    "C_99_103": 4607.668078606515,
    "C_99_103_err": 4.014706057054178e-07,
    "O_Am241": 123.19029875777707,
    "O_Am241_err": 1.4648279556763923e-08
}