{
    "C_79": 85497.20287603962,
    "C_79_err": 165.79809717297357,
    "C_81": 1061455.8394799083,
    "C_81_err": 2058.399017732389,
    "C_356": 1210796.6033377012,
    "C_356_err": 3143.566455544351,
    "C_161": 19963.51923071924,
    "C_161_err": 248.77955462874726,
    "C_223": 11984.471917188985,
    "C_223_err": 209.09401686634277,
    "C_276": 160856.86111861412,
    "C_276_err": 404.3571471384022,
    "C_303": 399929.6932818299,
    "C_303_err": 679.7021498552857,
    "C_383": 175252.9336534771,
    "C_383_err": 982.3617261962653,
    "O_Ba133": 0.9472714403015658,
    "O_Ba133_err": 0.0029928971977688152
}