{
    "C_79": 44931.421169067005,
    "C_79_err": 84.26928669390648,
    "C_81": 557827.8326272839,
    "C_81_err": 1046.2111442375558,
    "C_356": 1048731.2880774187,
    "C_356_err": 2003.7497237518191,
    "C_161": 15213.890561895243,
    "C_161_err": 225.27012087761557,
    "C_223": 10254.742551585854,
    "C_223_err": 216.4209041555225,
    "C_276": 139440.67511710757,
    "C_276_err": 479.2310200466009,
    "C_303": 346708.6450617091,
    "C_303_err": 656.3890226811828,
    "C_383": 149426.17598737517,
    "C_383_err": 372.04040481777645,
    "O_Ba133": 0.5747509020173854,
    "O_Ba133_err": 0.0014857908721426143
}