{
    "C_79": 75802.31932492129,
    "C_79_err": 138.2624321055726,
    "C_81": 941092.9455810597,
    "C_81_err": 1716.5411382163543,
    "C_356": 1183931.0408176668,
    "C_356_err": 2795.189511441365,
    "C_161": 19104.9341446393,
    "C_161_err": 274.5829666516035,
    "C_223": 11689.531484446843,
    "C_223_err": 189.76723825991755,
    "C_276": 157504.03837240287,
    "C_276_err": 425.5023148801277,
    "C_303": 391507.687237224,
    "C_303_err": 687.6110341315003,
    "C_383": 170784.21161276032,
    "C_383_err": 446.1249932448604,
    "O_Ba133": 0.8589142693679822,
    "O_Ba133_err": 0.002495576628051777
}