{
    "C_79": 67024.28471133768,
    "C_79_err": 107.3431327188844,
    "C_81": 832112.8177370189,
    "C_81_err": 1332.6751194155838,
    "C_356": 1151400.868899973,
    "C_356_err": 2619.517236055488,
    "C_161": 18151.450007544307,
    "C_161_err": 196.4022335747125,
    "C_223": 11310.705285459591,
    "C_223_err": 197.89251915244515,
    "C_276": 153149.51186066703,
    "C_276_err": 406.09216135668106,
    "C_303": 381061.36190358,
    "C_303_err": 730.3784194192795,
    "C_383": 165582.8665615429,
    "C_383_err": 421.76095767497355,
    "O_Ba133": 0.7809070904274854,
    "O_Ba133_err": 0.0021224339767616815
}