{
    "C_79": 19024.22781208775,
    "C_79_err": 98.60669724853065,
    "C_81": 236187.58302553734,
    "C_81_err": 1224.2114488591164,
    "C_356": 319312.55789971707,
    "C_356_err": 1500.3753089311683,
    "C_161": 5128.637488584272,
    "C_161_err": 150.34452243230004,
    "C_223": 3015.4098640616485,
    "C_223_err": 123.22454619646302,
    "C_276": 42113.9500570958,
    "C_276_err": 245.1477934157017,
    "C_303": 102241.59223790586,
    "C_303_err": 437.4817776347419,
    "C_383": 45276.43484337445,
    "C_383_err": 242.41142670478823,
    "O_Ba133": 0.7992539113284001,
    "O_Ba133_err": 0.0053756830998656835
}