{
    "C_79": 58658.88608186358,
    "C_79_err": 109.15274825130794,
    "C_81": 728255.6045634998,
    "C_81_err": 1355.1416669690684,
    "C_356": 1116315.6262455387,
    "C_356_err": 2306.4409787876175,
    "C_161": 16919.37000655899,
    "C_161_err": 276.67367249220877,
    "C_223": 10992.849181525791,
    "C_223_err": 212.31812231858262,
    "C_276": 148631.07045570147,
    "C_276_err": 379.43199122194784,
    "C_303": 369566.73887117946,
    "C_303_err": 603.2268308236764,
    "C_383": 160066.68809522982,
    "C_383_err": 462.8045716592994,
    "O_Ba133": 0.7049211460847883,
    "O_Ba133_err": 0.0018985425709254922
}