{
    "C_79": 95588.40931345303,
    "C_79_err": 223.16037885747883,
    "C_81": 1186739.119401006,
    "C_81_err": 2770.5571563815297,
    "C_356": 1222375.6361601127,
    "C_356_err": 3428.789201084375,
    "C_161": 20598.221394635097,
    "C_161_err": 267.20987287591174,
    "C_223": 11953.891127886984,
    "C_223_err": 150.71355740441683,
    "C_276": 162067.65771304365,
    "C_276_err": 477.76510289005387,
    "C_303": 403020.8047569241,
    "C_303_err": 701.0297585262265,
    "C_383": 177873.03210014888,
    "C_383_err": 2801.889158331525,
    "O_Ba133": 1.0490453922516612,
    "O_Ba133_err": 0.0037187862225609527
}