{
    "C_79": 51357.82726220157,
    "C_79_err": 97.24094004794279,
    "C_81": 637612.270538288,
    "C_81_err": 1207.2554443687993,
    "C_356": 1082298.8012825467,
    "C_356_err": 2156.3566109885924,
    "C_161": 16533.70879889576,
    "C_161_err": 233.8035968184308,
    "C_223": 10866.903411873473,
    "C_223_err": 222.12386743068672,
    "C_276": 143966.7874789201,
    "C_276_err": 363.26756692716145,
    "C_303": 358048.76473725867,
    "C_303_err": 635.9702789594235,
    "C_383": 154650.6752316891,
    "C_383_err": 403.0040457659514,
    "O_Ba133": 0.6365803020238456,
    "O_Ba133_err": 0.0016914286818155984
}