{
    "C_79": 20425.18977628411,
    "C_79_err": 53.406036675124845,
    "C_81": 253580.65797727322,
    "C_81_err": 663.0409836270218,
    "C_356": 866184.7423994002,
    "C_356_err": 1054.017732012907,
    "C_161": 11878.963311000847,
    "C_161_err": 196.9496196365248,
    "C_223": 8404.013319123165,
    "C_223_err": 207.01281954269564,
    "C_276": 114892.26009338746,
    "C_276_err": 315.5037958682348,
    "C_303": 285303.65152688534,
    "C_303_err": 513.7717262952103,
    "C_383": 122143.23316257841,
    "C_383_err": 316.5749407569495,
    "O_Ba133": 0.3163364976789356,
    "O_Ba133_err": 0.0008590255150581124
}