{
    "C_79": 69416.4761478747,
    "C_79_err": 123.41275726219509,
    "C_81": 861812.1001000246,
    "C_81_err": 1532.1810241231015,
    "C_356": 1161042.1276053814,
    "C_356_err": 2621.638852946243,
    "C_161": 18546.182788630103,
    "C_161_err": 253.1184046397623,
    "C_223": 11518.250160768954,
    "C_223_err": 172.23059515974,
    "C_276": 154397.9607163382,
    "C_276_err": 465.97152938765146,
    "C_303": 384100.39029133256,
    "C_303_err": 658.3088520344166,
    "C_383": 167055.23369618633,
    "C_383_err": 437.1841709396804,
    "O_Ba133": 0.8020626935979779,
    "O_Ba133_err": 0.0022433781040361173
}