{
    "C_79": 78356.385781335,
    "C_79_err": 140.4111717082489,
    "C_81": 972801.9215871,
    "C_81_err": 1743.2179430948638,
    "C_356": 1129968.8848858394,
    "C_356_err": 3043.69406135116,
    "C_161": 19485.776885721963,
    "C_161_err": 230.15798794795566,
    "C_223": 11818.195242105972,
    "C_223_err": 232.18048047522475,
    "C_276": 155055.82234261185,
    "C_276_err": 479.0760474402911,
    "C_303": 382150.11754634615,
    "C_303_err": 616.7656689870322,
    "C_383": 161955.37660392997,
    "C_383_err": 584.9975901553494,
    "O_Ba133": 0.9302542056055227,
    "O_Ba133_err": 0.0029451896636115828
}