{
    "C_79": 39956.961491089525,
    "C_79_err": 87.86857101534568,
    "C_81": 496069.446436526,
    "C_81_err": 1090.8965986433484,
    "C_356": 958723.8354482871,
    "C_356_err": 1811.8309837437698,
    "C_161": 14810.838320760531,
    "C_161_err": 223.99360068575916,
    "C_223": 9855.54651414107,
    "C_223_err": 185.3842297013539,
    "C_276": 131942.87206171002,
    "C_276_err": 378.1233168166173,
    "C_303": 323864.1586100018,
    "C_303_err": 625.7237743706867,
    "C_383": NaN,
    "C_383_err": NaN,
    "O_Ba133": 0.559104079932441,
    "O_Ba133_err": 0.0015554961402265055
}