{
    "C_79": 44315.970774501126,
    "C_79_err": 95.07940476741163,
    "C_81": 550186.9579173904,
    "C_81_err": 1180.4197799425822,
    "C_356": 983798.6713251839,
    "C_356_err": 1764.8982104692018,
    "C_161": 15372.282972044715,
    "C_161_err": 267.25450031562275,
    "C_223": 10040.212589994651,
    "C_223_err": 202.20245970484262,
    "C_276": 135189.83627834922,
    "C_276_err": 359.16559431754234,
    "C_303": 332622.28159290046,
    "C_303_err": 519.0368545428872,
    "C_383": 138716.2202334238,
    "C_383_err": 471.7373591454597,
    "O_Ba133": 0.6042932827822299,
    "O_Ba133_err": 0.0016199477922958243
}