{
    "C_79": 37941.39512067241,
    "C_79_err": 87.41651486216847,
    "C_81": 471045.9998000358,
    "C_81_err": 1085.2842788548464,
    "C_356": 946212.2399499536,
    "C_356_err": 1697.2984255628369,
    "C_161": 14693.140927392455,
    "C_161_err": 292.2436893981466,
    "C_223": 9779.746378231102,
    "C_223_err": 170.8261299804061,
    "C_276": 130221.98144285205,
    "C_276_err": 367.70021663129694,
    "C_303": 319794.0437601375,
    "C_303_err": 600.1070874612617,
    "C_383": 133158.7684731783,
    "C_383_err": 396.42472225898683,
    "O_Ba133": 0.5379209583545751,
    "O_Ba133_err": 0.0015017155944424322
}