{
    "C_79": 36041.27607062263,
    "C_79_err": 85.25289693409343,
    "C_81": 447455.8425371831,
    "C_81_err": 1058.422758162896,
    "C_356": 933890.6190524809,
    "C_356_err": 1504.831368651392,
    "C_161": 14372.26753474913,
    "C_161_err": 290.26110656578487,
    "C_223": 9458.566332927163,
    "C_223_err": 221.6413838706371,
    "C_276": 128370.20596818838,
    "C_276_err": 379.9096782904654,
    "C_303": 315595.07523684617,
    "C_303_err": 545.8900763824857,
    "C_383": 131302.17241653037,
    "C_383_err": 349.87055818469844,
    "O_Ba133": 0.5177234986023938,
    "O_Ba133_err": 0.0014102349456210695
}