{
    "C_79": 91289.71382942803,
    "C_79_err": 171.03171390194078,
    "C_81": 1133370.4094295239,
    "C_81_err": 2123.3748631599437,
    "C_356": 1168173.8415420644,
    "C_356_err": 3391.7455171804454,
    "C_161": 20544.28475653409,
    "C_161_err": 309.4974983109764,
    "C_223": 12300.68333873949,
    "C_223_err": 237.4188305991385,
    "C_276": 160167.7451998726,
    "C_276_err": 433.34531406234004,
    "C_303": 394452.19555568433,
    "C_303_err": 648.9154843364691,
    "C_383": 168172.62686697688,
    "C_383_err": 1144.57920855552,
    "O_Ba133": 1.0483543456531452,
    "O_Ba133_err": 0.0035483056707537974
}