{
    "C_79": 49172.76721043157,
    "C_79_err": 104.55182641397899,
    "C_81": 610484.5438578238,
    "C_81_err": 1298.0207883093994,
    "C_356": 1009167.1441073704,
    "C_356_err": 1988.430418809207,
    "C_161": 15918.357113328577,
    "C_161_err": 229.6912342330142,
    "C_223": 10430.382248153077,
    "C_223_err": 244.43237282511035,
    "C_276": 138676.07617611735,
    "C_276_err": 420.1119090791782,
    "C_303": 341591.1967715099,
    "C_303_err": 498.3797991314621,
    "C_383": 142698.65936639885,
    "C_383_err": 338.27132393276105,
    "O_Ba133": 0.6536650691811179,
    "O_Ba133_err": 0.0018231738255019385
}