{
    "C_79": 82503.90509229264,
    "C_79_err": 156.96278800884372,
    "C_81": 1024293.7651081017,
    "C_81_err": 1948.7078209399845,
    "C_356": 1143365.557040675,
    "C_356_err": 3314.5619533494064,
    "C_161": 19728.354208870445,
    "C_161_err": 262.6728839855626,
    "C_223": 11965.12540676862,
    "C_223_err": 222.8705657296589,
    "C_276": 157048.58596799686,
    "C_276_err": 358.0293647391196,
    "C_303": 386708.99882398755,
    "C_303_err": 738.9232037690986,
    "C_383": 164033.9585411694,
    "C_383_err": 646.1461661908767,
    "O_Ba133": 0.9680173269038049,
    "O_Ba133_err": 0.003286130343951938
}