{
    "C_79": 67073.09484180053,
    "C_79_err": 123.37705938114364,
    "C_81": 832718.800111408,
    "C_81_err": 1531.737831562123,
    "C_356": 1088968.4471535515,
    "C_356_err": 2706.6777281668765,
    "C_161": 18020.29677834694,
    "C_161_err": 218.7650994939291,
    "C_223": 11250.292126229411,
    "C_223_err": 190.83548375437616,
    "C_276": 149607.375896612,
    "C_276_err": 407.52404683439505,
    "C_303": 368502.93175609957,
    "C_303_err": 626.5748128382578,
    "C_383": 155372.72055973337,
    "C_383_err": 414.69716659968793,
    "O_Ba133": 0.8262791243448508,
    "O_Ba133_err": 0.0024918355400728944
}