{
    "C_79": 51752.090701376146,
    "C_79_err": 101.33097909716878,
    "C_81": 642507.0883302827,
    "C_81_err": 1258.0336650176805,
    "C_356": 1022109.6328094924,
    "C_356_err": 1908.8050591262152,
    "C_161": 16286.317873346481,
    "C_161_err": 195.22417537652464,
    "C_223": 10657.548680655977,
    "C_223_err": 196.3462043754827,
    "C_276": 140554.02356835335,
    "C_276_err": 369.1268224377619,
    "C_303": 345936.26349851285,
    "C_303_err": 699.8938249406633,
    "C_383": 144733.3248948623,
    "C_383_err": 449.26801708038954,
    "O_Ba133": 0.6792414010651043,
    "O_Ba133_err": 0.0017702609498243698
}