{
    "C_79": 95766.72226614978,
    "C_79_err": 203.18830975717094,
    "C_81": 1188952.8915307147,
    "C_81_err": 2522.602034343745,
    "C_356": 1177060.7746686868,
    "C_356_err": 3659.9007036620915,
    "C_161": 20876.91571185612,
    "C_161_err": 264.55013322911464,
    "C_223": 12328.90143318176,
    "C_223_err": 195.49482739125753,
    "C_276": 161102.96876549086,
    "C_276_err": 464.37270449841304,
    "C_303": 397255.29774754104,
    "C_303_err": 760.3503682914425,
    "C_383": 169868.06935409893,
    "C_383_err": 1730.7723143394157,
    "O_Ba133": 1.091464129503832,
    "O_Ba133_err": 0.004017508475361407
}