{
    "C_79": 60463.680080195234,
    "C_79_err": 100.68361250793284,
    "C_81": 750662.2923163692,
    "C_81_err": 1249.9965477399965,
    "C_356": 1062121.2453776835,
    "C_356_err": 2409.9211366974423,
    "C_161": 17221.13049680474,
    "C_161_err": 273.0969282012943,
    "C_223": 11106.507873821394,
    "C_223_err": 228.45158954413083,
    "C_276": 145948.30552653802,
    "C_276_err": 429.70106500435816,
    "C_303": 359362.71705739025,
    "C_303_err": 631.3212106859354,
    "C_383": NaN,
    "C_383_err": NaN,
    "O_Ba133": 0.7636849144356709,
    "O_Ba133_err": 0.0020967996222275432
}