{
    "C_79": 42075.98943466195,
    "C_79_err": 97.44152843754254,
    "C_81": 522377.37826428347,
    "C_81_err": 1209.745768149113,
    "C_356": 971135.9219535477,
    "C_356_err": 1762.432840267146,
    "C_161": 15079.25989078055,
    "C_161_err": 208.72558834987188,
    "C_223": 10002.790218711465,
    "C_223_err": 179.9499523192225,
    "C_276": 133367.96761405256,
    "C_276_err": 419.607110244455,
    "C_303": 328299.2066894152,
    "C_303_err": 640.0754917656659,
    "C_383": NaN,
    "C_383_err": NaN,
    "O_Ba133": 0.5812300368453932,
    "O_Ba133_err": 0.0016353890673014345
}