{
    "C_79": 63675.14994660213,
    "C_79_err": 101.785844757929,
    "C_81": 790532.9936766481,
    "C_81_err": 1263.6808651078734,
    "C_356": 1075536.3771455523,
    "C_356_err": 2491.1263200260855,
    "C_161": 17758.262080991448,
    "C_161_err": 227.285797703034,
    "C_223": 11180.24955804794,
    "C_223_err": 175.08808885363706,
    "C_276": 147861.10343687184,
    "C_276_err": 387.0894511674226,
    "C_303": 364000.02042549354,
    "C_303_err": 646.512175959509,
    "C_383": 153290.09938665488,
    "C_383_err": 396.2823879338622,
    "O_Ba133": 0.7942159482232467,
    "O_Ba133_err": 0.0021847943479176173
}