{
    "C_79": 74395.2167321632,
    "C_79_err": 130.4442169650779,
    "C_81": 923623.6341464777,
    "C_81_err": 1619.4772596796467,
    "C_356": 1116107.181486996,
    "C_356_err": 2896.324642651785,
    "C_161": 18866.799224674232,
    "C_161_err": 267.00877709443944,
    "C_223": 11777.206739612424,
    "C_223_err": 193.15411402130596,
    "C_276": 153254.26261714398,
    "C_276_err": 425.1015240933175,
    "C_303": 377656.1137701526,
    "C_303_err": 745.3196807298239,
    "C_383": 159827.8849747729,
    "C_383_err": 459.03108222450055,
    "O_Ba133": 0.8941962451571853,
    "O_Ba133_err": 0.0027392722422114654
}