{
    "C_79": 46648.12009824848,
    "C_79_err": 95.06710034996281,
    "C_81": 579140.8117858026,
    "C_81_err": 1180.2670194391608,
    "C_356": 996491.0666277877,
    "C_356_err": 1791.3726646734842,
    "C_161": 15625.786105052586,
    "C_161_err": 251.5822541314398,
    "C_223": 10466.792377017486,
    "C_223_err": 256.37051270313646,
    "C_276": 136956.03248681955,
    "C_276_err": 406.5953344408759,
    "C_303": 336973.04460291856,
    "C_303_err": 555.7796230544695,
    "C_383": 140751.22994496304,
    "C_383_err": 398.77896524680335,
    "O_Ba133": 0.6279925157801717,
    "O_Ba133_err": 0.0016390370401207289
}