{
    "C_79": 86853.90220573539,
    "C_79_err": 154.68686540523,
    "C_81": 1078299.3896485604,
    "C_81_err": 1920.4520271064407,
    "C_356": 1156350.288822921,
    "C_356_err": 3210.930596639149,
    "C_161": 20049.88023846654,
    "C_161_err": 191.5846994330375,
    "C_223": 12174.078568993693,
    "C_223_err": 188.30913112403763,
    "C_276": 158485.4236015753,
    "C_276_err": 403.235603469707,
    "C_303": 390817.31185000885,
    "C_303_err": 640.0052809889701,
    "C_383": 166142.62400923867,
    "C_383_err": 766.3409205000804,
    "O_Ba133": 1.0076127477257222,
    "O_Ba133_err": 0.003256449176290245
}