{
    "C_79": 99782.76624885818,
    "C_79_err": 229.17458359402363,
    "C_81": 1238812.4564480348,
    "C_81_err": 2845.2240755635385,
    "C_356": 1178943.126134738,
    "C_356_err": 3824.670307131884,
    "C_161": 20823.921810851632,
    "C_161_err": 270.24458970632963,
    "C_223": 12018.250701511366,
    "C_223_err": 215.07933990083757,
    "C_276": 161329.84527231427,
    "C_276_err": 375.84162794712034,
    "C_303": 397696.31024962506,
    "C_303_err": 746.0547695992369,
    "C_383": 170592.880245515,
    "C_383_err": 2663.13376595426,
    "O_Ba133": 1.1354196763380668,
    "O_Ba133_err": 0.004407960120796461
}