{
    "C_79": 57412.353761200626,
    "C_79_err": 96.84182134278377,
    "C_81": 712779.7882050803,
    "C_81_err": 1202.3003479915421,
    "C_356": 1048672.8090053785,
    "C_356_err": 2333.34801951441,
    "C_161": 17003.917918496405,
    "C_161_err": 241.36415509487696,
    "C_223": 10943.803325184936,
    "C_223_err": 163.21613623783327,
    "C_276": 144235.49596648815,
    "C_276_err": 337.4757971527684,
    "C_303": 354974.07290678774,
    "C_303_err": 637.0480580471447,
    "C_383": 148960.42164919875,
    "C_383_err": 410.0338615175767,
    "O_Ba133": 0.7344446574301621,
    "O_Ba133_err": 0.0019983773027599833
}