{
    "C_79": 65022.29560365864,
    "C_79_err": 102.05352145480451,
    "C_81": 807257.9340982385,
    "C_81_err": 1267.0040965521014,
    "C_356": 1080899.5648569707,
    "C_356_err": 2511.3681336883974,
    "C_161": 17368.28060998144,
    "C_161_err": 247.78922881292675,
    "C_223": 11088.884160026784,
    "C_223_err": 250.07485881428642,
    "C_276": 148501.3940573627,
    "C_276_err": 374.4579908094848,
    "C_303": 365895.7626158126,
    "C_303_err": 724.8252626872063,
    "C_383": 154153.85866679758,
    "C_383_err": 429.24097177004984,
    "O_Ba133": 0.8069947089092603,
    "O_Ba133_err": 0.002213243114714527
}