{
    "C_79": 70652.13181018874,
    "C_79_err": 135.0857897113524,
    "C_81": 877152.8817189264,
    "C_81_err": 1677.1028232088656,
    "C_356": 1102663.2599502876,
    "C_356_err": 2703.288456877239,
    "C_161": 18511.088620795137,
    "C_161_err": 238.5189806860165,
    "C_223": 11420.238869982753,
    "C_223_err": 225.69673964814982,
    "C_276": 151442.51437452558,
    "C_276_err": 449.5933916519788,
    "C_303": 373098.6339743828,
    "C_303_err": 690.1885908971102,
    "C_383": 157627.45314122335,
    "C_383_err": 443.51396520939727,
    "O_Ba133": 0.8595598021211353,
    "O_Ba133_err": 0.0026017329250939574
}