{
    "C_79": 54509.13098232145,
    "C_79_err": 92.25643998923509,
    "C_81": 676736.0035163525,
    "C_81_err": 1145.3724059040885,
    "C_356": 1035268.5004461656,
    "C_356_err": 2195.424411397383,
    "C_161": 16561.375998156458,
    "C_161_err": 253.35537020198757,
    "C_223": 10755.41621065332,
    "C_223_err": 234.29811905761994,
    "C_276": 142318.73192387854,
    "C_276_err": 412.2164538957702,
    "C_303": 350443.34147556743,
    "C_303_err": 509.5650786781617,
    "C_383": 146830.03526001636,
    "C_383_err": 357.6149688748258,
    "O_Ba133": 0.7063338005392148,
    "O_Ba133_err": 0.001864292550269598
}