{
    "cuspEmax_ctc": {
        "resolution": [
            0.2167291572772408,
            0.002499563365188861,
            5.299540160015538e-07
        ],
        "calibration": [
            0.07244875132275289,
            -0.08446457163978154
        ]
    }
}