{
    "FCCD": 1.0681862154974233,
    "FCCD_err_up": 0.053832345155900185,
    "FCCD_err_low": 0.0543753827132456,
    "FCCD_uncorr_err_up": 0.020732257187949577,
    "FCCD_uncorr_err_low": 0.020404749848053294,
    "FCCD_corr_err_up": 0.03310008796795083,
    "FCCD_corr_err_low": 0.033970632865192085,
    "O_Am241_data": 26.09115743868238,
    "O_Am241_data_err": 0.4154256767457723,
    "a": 59.653315556037235,
    "a_err": 1.5483673501187454
}