{
    "FCCD": 1.001000628041204,
    "FCCD_err_up": 0.04198281147367666,
    "FCCD_err_low": 0.042628082330419814,
    "FCCD_uncorr_err_up": 0.011364654057162804,
    "FCCD_uncorr_err_low": 0.011265393900808163,
    "FCCD_corr_err_up": 0.030618157416513858,
    "FCCD_corr_err_low": 0.03136268842961176,
    "O_Am241_data": 28.566933208192772,
    "O_Am241_data_err": 0.2505979566292137,
    "a": 62.07387874149428,
    "a_err": 1.4911536449661895
}