{
    "FCCD": 0.9721122929473955,
    "FCCD_err_up": 0.045713259061545664,
    "FCCD_err_low": 0.04646242306141113,
    "FCCD_uncorr_err_up": 0.012601119710011988,
    "FCCD_uncorr_err_low": 0.012479421856666173,
    "FCCD_corr_err_up": 0.033112139351533454,
    "FCCD_corr_err_low": 0.03398300120474518,
    "O_Am241_data": 28.113433276022054,
    "O_Am241_data_err": 0.2728243142655501,
    "a": 59.653315556037235,
    "a_err": 1.5483673501187454
}