{
    "FCCD": 1.1516018706805433,
    "FCCD_err_up": 0.04704075281344755,
    "FCCD_err_low": 0.047766580555124616,
    "FCCD_uncorr_err_up": 0.013861025197871246,
    "FCCD_uncorr_err_low": 0.0137142134892978,
    "FCCD_corr_err_up": 0.033179727615576304,
    "FCCD_corr_err_low": 0.03405236706582704,
    "O_Am241_data": 24.511902318229982,
    "O_Am241_data_err": 0.26099982651946757,
    "a": 59.653315556037235,
    "a_err": 1.5483673501187454
}