{
    "FCCD": 1.1864749176125493,
    "FCCD_err_up": 0.04591295968537379,
    "FCCD_err_low": 0.04665728096195676,
    "FCCD_uncorr_err_up": 0.012820455925241392,
    "FCCD_uncorr_err_low": 0.012694431772131809,
    "FCCD_corr_err_up": 0.0330925037601324,
    "FCCD_corr_err_low": 0.03396284918982495,
    "O_Am241_data": 23.802982308583793,
    "O_Am241_data_err": 0.23513345890695628,
    "a": 59.653315556037235,
    "a_err": 1.5483673501187454
}