{
    "FCCD": 1.1563119649561295,
    "FCCD_err_up": 0.04549996341088258,
    "FCCD_err_low": 0.04625083971899113,
    "FCCD_uncorr_err_up": 0.012436062361671718,
    "FCCD_uncorr_err_low": 0.012317345502258714,
    "FCCD_corr_err_up": 0.033063901049211086,
    "FCCD_corr_err_low": 0.033933494216732196,
    "O_Am241_data": 24.346614066294563,
    "O_Am241_data_err": 0.23352818761748984,
    "a": 59.653315556037235,
    "a_err": 1.5483673501187454
}