{
    "FCCD": 1.3138183918533803,
    "FCCD_err_up": 0.04572989815572859,
    "FCCD_err_low": 0.04646241100290749,
    "FCCD_uncorr_err_up": 0.012946530950060264,
    "FCCD_uncorr_err_low": 0.012816828776453626,
    "FCCD_corr_err_up": 0.0327833672056681,
    "FCCD_corr_err_low": 0.033645582226454085,
    "O_Am241_data": 21.361923717127027,
    "O_Am241_data_err": 0.2150838363489334,
    "a": 59.653315556037235,
    "a_err": 1.5483673501187454
}