{
    "FCCD": 1.0775633815127597,
    "FCCD_err_up": 0.04412612225498935,
    "FCCD_err_low": 0.04489920476154219,
    "FCCD_uncorr_err_up": 0.011115901285622565,
    "FCCD_uncorr_err_low": 0.011020802431161325,
    "FCCD_corr_err_up": 0.03301022096936701,
    "FCCD_corr_err_low": 0.03387840233038086,
    "O_Am241_data": 25.84367576698947,
    "O_Am241_data_err": 0.2220451385473707,
    "a": 59.653315556037235,
    "a_err": 1.5483673501187454
}