{
    "FCCD": 0.6263494561576082,
    "FCCD_err_up": 0.0451019017729406,
    "FCCD_err_low": 0.0458627578253048,
    "FCCD_uncorr_err_up": 0.011985138521309557,
    "FCCD_uncorr_err_low": 0.011875011110132117,
    "FCCD_corr_err_up": 0.033116763251631265,
    "FCCD_corr_err_low": 0.033987746715172684,
    "O_Am241_data": 36.741082539684825,
    "O_Am241_data_err": 0.33915485878979695,
    "a": 59.653315556037235,
    "a_err": 1.5483673501187454
}