{
    "FCCD": 0.9496971873739345,
    "FCCD_err_up": 0.04441633708331105,
    "FCCD_err_low": 0.04518634875582539,
    "FCCD_uncorr_err_up": 0.011364654057163137,
    "FCCD_uncorr_err_low": 0.011265393900807719,
    "FCCD_corr_err_up": 0.03305168302614814,
    "FCCD_corr_err_low": 0.03392095485501734,
    "O_Am241_data": 28.566933208192772,
    "O_Am241_data_err": 0.2505979566292137,
    "a": 59.653315556037235,
    "a_err": 1.5483673501187454
}