{
    "FCCD": 1.024516223971166,
    "FCCD_err_up": 0.046097354880318075,
    "FCCD_err_low": 0.04683420605346711,
    "FCCD_uncorr_err_up": 0.0130813923411508,
    "FCCD_uncorr_err_low": 0.012949911147817517,
    "FCCD_corr_err_up": 0.0330159625391675,
    "FCCD_corr_err_low": 0.03388429490564948,
    "O_Am241_data": 26.933835566657507,
    "O_Am241_data_err": 0.2720749357789468,
    "a": 59.653315556037235,
    "a_err": 1.5483673501187454
}