{
    "FCCD": -17.881575981124207,
    "FCCD_err_up": -8.753577441445852,
    "FCCD_err_low": -8.854552226396232,
    "FCCD_uncorr_err_up": -3.17665004757459,
    "FCCD_uncorr_err_low": -3.130949521881641,
    "FCCD_corr_err_up": -5.57692739387128,
    "FCCD_corr_err_low": -5.723602704514546,
    "O_Am241_data": 54.947993932633494,
    "O_Am241_data_err": 0.7962028344586486,
    "a": 59.653315556037235,
    "a_err": 1.5483673501187454
}