{
    "FCCD": 1.0863016440191113,
    "FCCD_err_up": 0.04565082963720046,
    "FCCD_err_low": 0.04640046585731006,
    "FCCD_uncorr_err_up": 0.012553467535566076,
    "FCCD_uncorr_err_low": 0.01243263054975463,
    "FCCD_corr_err_up": 0.033097362101634165,
    "FCCD_corr_err_low": 0.03396783530755565,
    "O_Am241_data": 25.726018006918054,
    "O_Am241_data_err": 0.24882684692901477,
    "a": 59.653315556037235,
    "a_err": 1.5483673501187454
}