{
    "FCCD": 0.9959288882531392,
    "FCCD_err_up": 0.04394913435223735,
    "FCCD_err_low": 0.0447342303272843,
    "FCCD_uncorr_err_up": 0.01074094861611008,
    "FCCD_uncorr_err_low": 0.01065265668151727,
    "FCCD_corr_err_up": 0.03320818573612727,
    "FCCD_corr_err_low": 0.03408157364576725,
    "O_Am241_data": 27.661605956338388,
    "O_Am241_data_err": 0.22831766202172393,
    "a": 59.653315556037235,
    "a_err": 1.5483673501187454
}