{
    "FCCD": 0.397281486046601,
    "FCCD_err_up": 0.01880977952485191,
    "FCCD_err_low": 0.01911394875440653,
    "FCCD_uncorr_err_up": 0.005267762005874754,
    "FCCD_uncorr_err_low": 0.005215771026401805,
    "FCCD_corr_err_up": 0.0135420175189771,
    "FCCD_corr_err_low": 0.013898177728004724,
    "O_Am241_data": 28.12873507322906,
    "O_Am241_data_err": 0.27899306551749653,
    "a": 59.653315556037235,
    "a_err": 1.5483673501187454
}