{
    "FCCD": 1.4573073630132825,
    "FCCD_err_up": 0.04694494957567219,
    "FCCD_err_low": 0.04770966488778727,
    "FCCD_uncorr_err_up": 0.013034650278177518,
    "FCCD_uncorr_err_low": 0.012907511827065399,
    "FCCD_corr_err_up": 0.033910299297494895,
    "FCCD_corr_err_low": 0.03480215306072165,
    "O_Am241_data": 19.832221064293428,
    "O_Am241_data_err": 0.1943860719417322,
    "a": 59.653315556037235,
    "a_err": 1.5483673501187454
}