{
    "FCCD": 0.7575110021947374,
    "FCCD_err_up": 0.04757369603262529,
    "FCCD_err_low": 0.048286324544478454,
    "FCCD_uncorr_err_up": 0.014427158574108256,
    "FCCD_uncorr_err_low": 0.014268020549459415,
    "FCCD_corr_err_up": 0.033146537458517034,
    "FCCD_corr_err_low": 0.03401830399501915,
    "O_Am241_data": 33.212702073826016,
    "O_Am241_data_err": 0.36837514810409805,
    "a": 59.653315556037235,
    "a_err": 1.5483673501187454
}