{
    "FCCD": 1.0830456445057886,
    "FCCD_err_up": 0.044492258175670374,
    "FCCD_err_low": 0.04526092243334334,
    "FCCD_uncorr_err_up": 0.011441058633794743,
    "FCCD_uncorr_err_low": 0.01134046377841802,
    "FCCD_corr_err_up": 0.03305119954187541,
    "FCCD_corr_err_low": 0.0339204586549251,
    "O_Am241_data": 25.76076445429276,
    "O_Am241_data_err": 0.22749723600082716,
    "a": 59.653315556037235,
    "a_err": 1.5483673501187454
}