{
    "FCCD": 1.007440386732285,
    "FCCD_err_up": 0.04747122824554362,
    "FCCD_err_low": 0.048183981670770426,
    "FCCD_uncorr_err_up": 0.014364731109268059,
    "FCCD_uncorr_err_low": 0.014206771073690061,
    "FCCD_corr_err_up": 0.03310649713627556,
    "FCCD_corr_err_low": 0.033977210597080365,
    "O_Am241_data": 27.351593604610272,
    "O_Am241_data_err": 0.3024251671650507,
    "a": 59.653315556037235,
    "a_err": 1.5483673501187454
}