{
    "FCCD": 1.044989665146236,
    "FCCD_err_up": 0.04586234191047356,
    "FCCD_err_low": 0.04660934609998835,
    "FCCD_uncorr_err_up": 0.012735590072160852,
    "FCCD_uncorr_err_low": 0.012611348094506925,
    "FCCD_corr_err_up": 0.03312675183831226,
    "FCCD_corr_err_low": 0.0339979980054812,
    "O_Am241_data": 26.58123729544217,
    "O_Am241_data_err": 0.2605800014726867,
    "a": 59.653315556037235,
    "a_err": 1.5483673501187454
}