{
    "FCCD": 1.0854469988541153,
    "FCCD_err_up": 0.04673670318054346,
    "FCCD_err_low": 0.047473094118615666,
    "FCCD_uncorr_err_up": 0.01347409406590705,
    "FCCD_uncorr_err_low": 0.013335665738793967,
    "FCCD_corr_err_up": 0.03326260911463663,
    "FCCD_corr_err_low": 0.034137428379821255,
    "O_Am241_data": 25.85074802373594,
    "O_Am241_data_err": 0.2669484715862837,
    "a": 59.653315556037235,
    "a_err": 1.5483673501187454
}