{
    "FCCD": 1.0254455877624167,
    "FCCD_err_up": 0.0459199664566865,
    "FCCD_err_low": 0.04664944379040581,
    "FCCD_uncorr_err_up": 0.013121141031288142,
    "FCCD_uncorr_err_low": 0.012987996787166445,
    "FCCD_corr_err_up": 0.03279882542539836,
    "FCCD_corr_err_low": 0.03366144700323914,
    "O_Am241_data": 26.77297589334778,
    "O_Am241_data_err": 0.27305427420448053,
    "a": 59.653315556037235,
    "a_err": 1.5483673501187454
}