{
    "FCCD": 0.608547698072481,
    "FCCD_err_up": 0.04868208163228693,
    "FCCD_err_low": 0.04937929856279932,
    "FCCD_uncorr_err_up": 0.015357276481796633,
    "FCCD_uncorr_err_low": 0.015178038367735902,
    "FCCD_corr_err_up": 0.03332480515049041,
    "FCCD_corr_err_low": 0.03420126019506342,
    "O_Am241_data": 37.36034136216282,
    "O_Am241_data_err": 0.4385900942940485,
    "a": 59.653315556037235,
    "a_err": 1.5483673501187454
}