{
    "FCCD": 1.211814918759766,
    "FCCD_err_up": 0.04509330171037229,
    "FCCD_err_low": 0.04585289507631618,
    "FCCD_uncorr_err_up": 0.012006175069194658,
    "FCCD_uncorr_err_low": 0.01189556442571904,
    "FCCD_corr_err_up": 0.03308712664117763,
    "FCCD_corr_err_low": 0.03395733065059714,
    "O_Am241_data": 23.336916928416958,
    "O_Am241_data_err": 0.21599051775306985,
    "a": 59.653315556037235,
    "a_err": 1.5483673501187454
}