{
    "FCCD": 1.4367575144434168,
    "FCCD_err_up": 0.04673745612163538,
    "FCCD_err_low": 0.04746732474195081,
    "FCCD_uncorr_err_up": 0.013602304895856898,
    "FCCD_uncorr_err_low": 0.0134607064419201,
    "FCCD_corr_err_up": 0.03313515122577848,
    "FCCD_corr_err_low": 0.03400661830003071,
    "O_Am241_data": 19.6374443026939,
    "O_Am241_data_err": 0.20548940176963318,
    "a": 59.653315556037235,
    "a_err": 1.5483673501187454
}