{
    "FCCD": 1.0848746098905515,
    "FCCD_err_up": 0.045308314002535655,
    "FCCD_err_low": 0.04607078669500542,
    "FCCD_uncorr_err_up": 0.012078900103855927,
    "FCCD_uncorr_err_low": 0.011967426577939921,
    "FCCD_corr_err_up": 0.03322941389867995,
    "FCCD_corr_err_low": 0.03410336011706572,
    "O_Am241_data": 25.840566121279025,
    "O_Am241_data_err": 0.23957902477282544,
    "a": 59.653315556037235,
    "a_err": 1.5483673501187454
}