{
    "FCCD": 1.1381254384346393,
    "FCCD_err_up": 0.04628482949910406,
    "FCCD_err_low": 0.04702612604026979,
    "FCCD_uncorr_err_up": 0.013105736927865097,
    "FCCD_uncorr_err_low": 0.012974410720687723,
    "FCCD_corr_err_up": 0.033179092571238966,
    "FCCD_corr_err_low": 0.03405171531958229,
    "O_Am241_data": 24.767936569594813,
    "O_Am241_data_err": 0.24943295795506193,
    "a": 59.653315556037235,
    "a_err": 1.5483673501187454
}