{
    "cuspEmax_ctc": {
        "resolution": [
            0.20711664095895715,
            0.0023924949782027183,
            4.0599840358797545e-23
        ],
        "calibration": [
            0.08619216984212669,
            0.2208059133414178
        ]
    }
}