{
    "cuspEmax_ctc": {
        "resolution": [
            0.20490015859837254,
            0.0016980627701421683
        ],
        "calibration": [
            0.05985967469716655,
            0.0
        ]
    }
}