{
    "C_79": 41392.73841949567,
    "C_79_err": 124.09617425519959,
    "C_81": 513894.7524533856,
    "C_81_err": 1540.6657105645536,
    "C_356": 623719.7976463763,
    "C_356_err": 1534.8775636184193,
    "C_161": 13598.945792481814,
    "C_161_err": 190.63560001408393,
    "C_223": 7542.441083481469,
    "C_223_err": 179.22811911103972,
    "C_276": 93636.12087123617,
    "C_276_err": 274.73429212681475,
    "C_303": 222448.59980441668,
    "C_303_err": 447.5293096123737,
    "C_383": 85275.00151417361,
    "C_383_err": 359.19245510811965,
    "O_Ba133": 0.8902835744003538,
    "O_Ba133_err": 0.003307706759581288
}