{
    "C_79": 54026.18820761909,
    "C_79_err": 147.2750800936986,
    "C_81": 670740.2234077948,
    "C_81_err": 1828.4340132387485,
    "C_356": 680014.6137354407,
    "C_356_err": 2018.0012820231814,
    "C_161": 14805.08142839381,
    "C_161_err": 222.3446985108628,
    "C_223": 8184.253097263343,
    "C_223_err": 155.59795486545852,
    "C_276": 101728.47675976668,
    "C_276_err": 358.3107158600143,
    "C_303": 242398.27786565444,
    "C_303_err": 520.0135510091391,
    "C_383": 93716.0835934985,
    "C_383_err": 301.87636571478066,
    "O_Ba133": 1.0658100531606869,
    "O_Ba133_err": 0.00415697711612332
}