{
    "C_79": 43634.870039090645,
    "C_79_err": 122.68406799173057,
    "C_81": 541731.0280324979,
    "C_81_err": 1523.1342780860134,
    "C_356": 634645.9853532629,
    "C_356_err": 1554.083019430334,
    "C_161": 13920.038493418906,
    "C_161_err": 229.269948952934,
    "C_223": 7743.7726126076495,
    "C_223_err": 168.4961169134488,
    "C_276": 95227.80549733645,
    "C_276_err": 291.5434717493826,
    "C_303": 226339.6396470118,
    "C_303_err": 517.4327294098352,
    "C_383": 86870.79766029284,
    "C_383_err": 293.35489732910474,
    "O_Ba133": 0.9223502733508294,
    "O_Ba133_err": 0.0033012881539634382
}