{
    "C_79": 51187.34679273003,
    "C_79_err": 147.75911414864407,
    "C_81": 635495.739426708,
    "C_81_err": 1834.443341694487,
    "C_356": 668475.6000811236,
    "C_356_err": 1783.2826510928107,
    "C_161": 14701.490237536938,
    "C_161_err": 170.55573375213086,
    "C_223": 7940.453624997435,
    "C_223_err": 154.82722304945375,
    "C_276": 100007.48065776803,
    "C_276_err": 363.3026728166064,
    "C_303": 238447.78825020243,
    "C_303_err": 485.9809787592415,
    "C_383": 91952.5846623178,
    "C_383_err": 277.43798954977945,
    "O_Ba133": 1.027237323450706,
    "O_Ba133_err": 0.0038844680439490014
}