{
    "C_79": 35258.933526112305,
    "C_79_err": 106.91116500168073,
    "C_81": 437742.98604118,
    "C_81_err": 1327.3121994548287,
    "C_356": 591371.3601544264,
    "C_356_err": 1407.2440055018853,
    "C_161": 12748.759112922562,
    "C_161_err": 178.1780729240922,
    "C_223": 7225.041882931851,
    "C_223_err": 146.17497937084926,
    "C_276": 88912.81051558992,
    "C_276_err": 324.3038610940173,
    "C_303": 211200.42093622565,
    "C_303_err": 534.8312050607341,
    "C_383": 80603.99258619873,
    "C_383_err": 282.06923335165783,
    "O_Ba133": 0.799839071414916,
    "O_Ba133_err": 0.0029483777301657715
}