{
    "C_79": 37163.863066851525,
    "C_79_err": 120.02782816844703,
    "C_81": 461392.865999768,
    "C_81_err": 1490.156810091286,
    "C_356": 602024.9708402252,
    "C_356_err": 1444.374003375441,
    "C_161": 12837.212681605728,
    "C_161_err": 173.104915274883,
    "C_223": 7222.488169852124,
    "C_223_err": 177.63403459608574,
    "C_276": 90502.01391420358,
    "C_276_err": 305.8735747541144,
    "C_303": 214864.37361021736,
    "C_303_err": 556.1562567287749,
    "C_383": 82146.48105092553,
    "C_383_err": 314.99206526853925,
    "O_Ba133": 0.8281329732399659,
    "O_Ba133_err": 0.0031802740232853744
}