{
    "C_79": 31685.46462192563,
    "C_79_err": 88.44671924234373,
    "C_81": 393378.03247597284,
    "C_81_err": 1098.0743634238147,
    "C_356": 570497.3406951331,
    "C_356_err": 1188.8989253978684,
    "C_161": 12333.126905789855,
    "C_161_err": 187.39752997571546,
    "C_223": 6726.485522914442,
    "C_223_err": 125.34008162476954,
    "C_276": 85932.7381980098,
    "C_276_err": 270.5668912446739,
    "C_303": 203873.36753706704,
    "C_303_err": 446.7154602306065,
    "C_383": 77621.58659182623,
    "C_383_err": 263.73564821646255,
    "O_Ba133": 0.7450753347596186,
    "O_Ba133_err": 0.002477838600717704
}