{
    "C_79": 48532.52824263294,
    "C_79_err": 142.0944251746668,
    "C_81": 602535.9166727031,
    "C_81_err": 1764.115693677939,
    "C_356": 656974.0490038787,
    "C_356_err": 1775.2785932290456,
    "C_161": 14394.422407282704,
    "C_161_err": 208.69001502870205,
    "C_223": 7957.69643811369,
    "C_223_err": 172.3766805076334,
    "C_276": 98296.06035410262,
    "C_276_err": 296.27759624582166,
    "C_303": 234362.60097400623,
    "C_303_err": 423.61162238779485,
    "C_383": NaN,
    "C_383_err": NaN,
    "O_Ba133": 0.9910109020325889,
    "O_Ba133_err": 0.0037984706262370826
}