{
    "C_79": 63410.79518286681,
    "C_79_err": 173.62866416371662,
    "C_81": 787251.004345759,
    "C_81_err": 2155.616245655199,
    "C_356": 715068.027430675,
    "C_356_err": 2252.0669783694484,
    "C_161": 16149.016789353582,
    "C_161_err": 202.24512909853453,
    "C_223": 8573.752381304019,
    "C_223_err": 150.38110062383535,
    "C_276": 106705.98214864178,
    "C_276_err": 298.6440652451779,
    "C_303": 254676.75229249834,
    "C_303_err": 541.9680608779476,
    "C_383": 99079.29160816684,
    "C_383_err": 253.37751380775393,
    "O_Ba133": 1.189623597890617,
    "O_Ba133_err": 0.004814971295584296
}