{
    "C_79": 70524.18424229581,
    "C_79_err": 186.37160603061892,
    "C_81": 875564.4005930119,
    "C_81_err": 2313.821071097118,
    "C_356": 738610.4031479087,
    "C_356_err": 2404.1825234061903,
    "C_161": 16874.821145509824,
    "C_161_err": 217.9106246593699,
    "C_223": 8594.022146029934,
    "C_223_err": 146.0797530011258,
    "C_276": 109955.72234301604,
    "C_276_err": 373.5226082449652,
    "C_303": 262842.83786631527,
    "C_303_err": 458.37962346531225,
    "C_383": NaN,
    "C_383_err": NaN,
    "O_Ba133": 1.280903411058307,
    "O_Ba133_err": 0.00522118376841518
}