{
    "C_79": 66884.22648295874,
    "C_79_err": 181.92706035617442,
    "C_81": 830373.9816186421,
    "C_81_err": 2258.6416172521276,
    "C_356": 726813.8917061577,
    "C_356_err": 2198.353471013972,
    "C_161": 16554.336142613978,
    "C_161_err": 218.19101285511698,
    "C_223": 8830.133639202637,
    "C_223_err": 152.3249369626442,
    "C_276": 108323.19002945481,
    "C_276_err": 251.8174109356786,
    "C_303": 258782.3788046494,
    "C_303_err": 557.2140034189545,
    "C_383": 100842.4676751531,
    "C_383_err": 301.9302345368301,
    "O_Ba133": 1.2345088864431775,
    "O_Ba133_err": 0.004864377783019024
}