{
    "C_79": 15915.589677775406,
    "C_79_err": 74.53239014495702,
    "C_81": 197593.5473203006,
    "C_81_err": 925.3266550072022,
    "C_356": 228650.08820097,
    "C_356_err": 1487.036546959277,
    "C_161": 5076.426919303718,
    "C_161_err": 94.4102826607755,
    "C_223": NaN,
    "C_223_err": NaN,
    "C_276": 34095.58443689788,
    "C_276_err": 240.3094683726348,
    "C_303": 80616.54480397452,
    "C_303_err": 496.3627328173545,
    "C_383": 31041.630917074763,
    "C_383_err": 235.75881324177573,
    "O_Ba133": 0.9337811267774977,
    "O_Ba133_err": 0.007305048284651475
}