{
    "C_79": 33423.884929268694,
    "C_79_err": 108.32883704395954,
    "C_81": 414960.6845935723,
    "C_81_err": 1344.9127316023657,
    "C_356": 580978.2536479672,
    "C_356_err": 1293.123888725693,
    "C_161": 12565.505056163815,
    "C_161_err": 212.07301291778413,
    "C_223": 6988.495948834862,
    "C_223_err": 163.78120766227292,
    "C_276": 87535.59253587977,
    "C_276_err": 305.1682683311602,
    "C_303": 207474.37915043253,
    "C_303_err": 451.8137362643308,
    "C_383": 79095.72569089243,
    "C_383_err": 272.29903712778525,
    "O_Ba133": 0.7717751339356173,
    "O_Ba133_err": 0.0028886664659526426
}