{
    "C_79": 74325.46807732462,
    "C_79_err": 201.03363204538996,
    "C_81": 922757.6980165538,
    "C_81_err": 2495.8515072805017,
    "C_356": 750475.9901288131,
    "C_356_err": 2583.2361341404508,
    "C_161": 17284.53647346268,
    "C_161_err": 239.13051315801013,
    "C_223": 9041.570467128482,
    "C_223_err": 167.75677842744562,
    "C_276": 111477.19231845971,
    "C_276_err": 383.38879329626576,
    "C_303": 266977.7269138027,
    "C_303_err": 531.2224392107199,
    "C_383": 104599.94504036251,
    "C_383_err": 426.70835200896835,
    "O_Ba133": 1.3286010201641991,
    "O_Ba133_err": 0.0056609452387823694
}