{
    "C_79": 56996.85630710294,
    "C_79_err": 155.24254760254536,
    "C_81": 707621.3481146203,
    "C_81_err": 1927.3508740089592,
    "C_356": 691548.0094058213,
    "C_356_err": 2080.642830696387,
    "C_161": 15486.87460897958,
    "C_161_err": 213.91151856549956,
    "C_223": 8336.587236835378,
    "C_223_err": 153.05713173504944,
    "C_276": 103385.18961137338,
    "C_276_err": 391.64315553950786,
    "C_303": 246474.85127249427,
    "C_303_err": 516.53141652843,
    "C_383": NaN,
    "C_383_err": NaN,
    "O_Ba133": 1.1056617820051047,
    "O_Ba133_err": 0.004345563947189313
}