{
    "C_79": 60122.57287859452,
    "C_79_err": 159.346082500998,
    "C_81": 746427.4142286085,
    "C_81_err": 1978.2966468991826,
    "C_356": 703244.2714293033,
    "C_356_err": 2155.9840072367138,
    "C_161": 15538.768262841395,
    "C_161_err": 164.58322548465284,
    "C_223": 8443.889922901044,
    "C_223_err": 173.28986043274654,
    "C_276": 105013.906044724,
    "C_276_err": 282.3619120948383,
    "C_303": 250454.26243471145,
    "C_303_err": 528.5354770441912,
    "C_383": 97265.01408805643,
    "C_383_err": 304.57502887209387,
    "O_Ba133": 1.146898766011896,
    "O_Ba133_err": 0.004508660130474436
}