{
    "C_79": 82399.9206436397,
    "C_79_err": 213.3255356587055,
    "C_81": 1023002.7883682328,
    "C_81_err": 2648.456650253363,
    "C_356": 773302.153484943,
    "C_356_err": 2646.9641911951467,
    "C_161": 17853.066594021628,
    "C_161_err": 205.26459637070366,
    "C_223": 9164.226908297485,
    "C_223_err": 182.50137185723335,
    "C_276": 114712.0624301364,
    "C_276_err": 337.4479340836955,
    "C_303": 274704.2377720082,
    "C_303_err": 591.7428254214994,
    "C_383": 108117.974294952,
    "C_383_err": 683.911608431606,
    "O_Ba133": 1.4294576887317512,
    "O_Ba133_err": 0.005978854550451954
}