{
    "C_79": 44331.035001404394,
    "C_79_err": 134.14365413627442,
    "C_81": 550373.981715536,
    "C_81_err": 1665.406121163558,
    "C_356": 637951.6820873981,
    "C_356_err": 1713.0832143054613,
    "C_161": 14172.14879219272,
    "C_161_err": 155.75425522477852,
    "C_223": 7631.227466323173,
    "C_223_err": 176.80138667578692,
    "C_276": 95788.5491699156,
    "C_276_err": 330.4553980861628,
    "C_303": 227579.11399410898,
    "C_303_err": 435.0227449396011,
    "C_383": 87342.60650919126,
    "C_383_err": 237.48789482718786,
    "O_Ba133": 0.9322101240818844,
    "O_Ba133_err": 0.003622908371127568
}