{
    "C_79": 78294.64558275089,
    "C_79_err": 214.80301350998133,
    "C_81": 972035.4111971983,
    "C_81_err": 2666.799677161655,
    "C_356": 762254.4036657995,
    "C_356_err": 2763.0872724050237,
    "C_161": 17522.785471329596,
    "C_161_err": 220.41051055305266,
    "C_223": 9069.590982027943,
    "C_223_err": 115.05750588058402,
    "C_276": 113042.08348649106,
    "C_276_err": 321.2014711251835,
    "C_303": 270981.3277933201,
    "C_303_err": 543.9326782264072,
    "C_383": 106379.39668746683,
    "C_383_err": 501.61780825622105,
    "O_Ba133": 1.3779258627155833,
    "O_Ba133_err": 0.006104727704527642
}