{
    "C_79": 46016.055700583696,
    "C_79_err": 140.12237533759924,
    "C_81": 571293.6726600623,
    "C_81_err": 1739.6325089083077,
    "C_356": 645583.9875333541,
    "C_356_err": 1678.1224941689557,
    "C_161": 14082.755546341461,
    "C_161_err": 150.77836576381847,
    "C_223": 7785.803624546654,
    "C_223_err": 153.15120126217477,
    "C_276": 96919.46496885757,
    "C_276_err": 271.86590596991226,
    "C_303": 230283.58701469877,
    "C_303_err": 466.4380400448636,
    "C_383": 88524.042737656,
    "C_383_err": 359.552849335868,
    "O_Ba133": 0.9562035928419813,
    "O_Ba133_err": 0.0036723633389266607
}