{
    "C_79": 86542.28243675709,
    "C_79_err": 243.04876823997733,
    "C_81": 1074430.6008186114,
    "C_81_err": 3017.473386828398,
    "C_356": 782828.9504137881,
    "C_356_err": 2785.123011663237,
    "C_161": 18294.35958244848,
    "C_161_err": 182.1503198551298,
    "C_223": 9378.822484387725,
    "C_223_err": 162.78550139025347,
    "C_276": 116024.0434521044,
    "C_276_err": 322.16536569563647,
    "C_303": 278065.8781166062,
    "C_303_err": 529.4785216509727,
    "C_383": 109728.26297705938,
    "C_383_err": 1060.0320336183736,
    "O_Ba133": 1.4830479667898089,
    "O_Ba133_err": 0.006541704859105399
}