{
    "C_79": 90589.61007149359,
    "C_79_err": 236.38043519182517,
    "C_81": 1124678.5552272212,
    "C_81_err": 2934.6854029475653,
    "C_356": 790789.9994849344,
    "C_356_err": 2945.722879937404,
    "C_161": 18558.827058951898,
    "C_161_err": 191.71286977188404,
    "C_223": 9568.23739040632,
    "C_223_err": 148.49845425297815,
    "C_276": 117026.41516569526,
    "C_276_err": 401.77756552191113,
    "C_303": 280332.5512745536,
    "C_303_err": 518.7917313979424,
    "C_383": 111167.2021480989,
    "C_383_err": 1673.1699191353257,
    "O_Ba133": 1.5367773569345287,
    "O_Ba133_err": 0.00682876205397214
}