{
    "C_79": 39228.60434878967,
    "C_79_err": 119.01301306321672,
    "C_81": 487026.8238019677,
    "C_81_err": 1477.5577848225773,
    "C_356": 612741.7917937972,
    "C_356_err": 1583.7015442164063,
    "C_161": 13161.768840613719,
    "C_161_err": 141.14127743965554,
    "C_223": 7453.510454553809,
    "C_223_err": 145.12412866186105,
    "C_276": 91995.9623533345,
    "C_276_err": 308.0848004401235,
    "C_303": 218645.15212429632,
    "C_303_err": 467.75277747832524,
    "C_383": 2425.5867519094786,
    "C_383_err": 2183741262.727745,
    "O_Ba133": 0.8588534929372917,
    "O_Ba133_err": 0.003283298749074005
}