{
    "C_60": 1101556.0857365371,
    "C_60_err": 3585.8839122240406,
    "C_99_103": 5256.730831908477,
    "C_99_103_err": 75.9473997025455,
    "O_Am241": 209.55154847382832,
    "O_Am241_err": 3.1034255973648466
}