{
    "C_60": 9078445.697625838,
    "C_60_err": 20521.33058760454,
    "C_99_103": 10256.957855873037,
    "C_99_103_err": 100.17378377367086,
    "O_Am241": 885.1011991267573,
    "O_Am241_err": 8.872786194978376
}