{
    "C_60": 5919973.645852278,
    "C_60_err": 12576.950763726227,
    "C_99_103": 16536.07599093485,
    "C_99_103_err": 163.65928404148778,
    "O_Am241": 358.0035341575374,
    "O_Am241_err": 3.6239113212021365
}