{
    "C_60": 7123384.322109374,
    "C_60_err": 18428.080185949617,
    "C_99_103": 9513.443587774498,
    "C_99_103_err": 92.90426194260978,
    "O_Am241": 748.7703328859244,
    "O_Am241_err": 7.564395410743277
}