{
    "C_60": 3655924.677874701,
    "C_60_err": 11159.80013389109,
    "C_99_103": 7646.642731609181,
    "C_99_103_err": 85.53944960999496,
    "O_Am241": 478.108472723864,
    "O_Am241_err": 5.543925141752736
}