{
    "C_60": 2628862.817922264,
    "C_60_err": 8269.911009615267,
    "C_99_103": 6891.035450637845,
    "C_99_103_err": 84.00026545660555,
    "O_Am241": 381.49024725724377,
    "O_Am241_err": 4.802643833131058
}