{
    "C_60": 1892443.9287230063,
    "C_60_err": 6392.345786886819,
    "C_99_103": 6215.269493157106,
    "C_99_103_err": 90.0517578873496,
    "O_Am241": 304.48300444679853,
    "O_Am241_err": 4.529893149071923
}