{
    "C_60": 1226911.9281493374,
    "C_60_err": 4077.800966646831,
    "C_99_103": 5430.606704669828,
    "C_99_103_err": 62.47272883477934,
    "O_Am241": 225.9253882433255,
    "O_Am241_err": 2.705303636553897
}