{
    "C_60": 8013547.275021712,
    "C_60_err": 20663.629298163378,
    "C_99_103": 9893.2781918734,
    "C_99_103_err": 123.24232425772547,
    "O_Am241": 809.9991852654312,
    "O_Am241_err": 10.304208037006108
}