{
    "C_60": 1366415.3765679689,
    "C_60_err": 4530.137814593552,
    "C_99_103": 5607.035291282888,
    "C_99_103_err": 62.81215332472317,
    "O_Am241": 243.69658929957146,
    "O_Am241_err": 2.8470278993269305
}