{
    "C_60": 5089491.047158786,
    "C_60_err": 14017.39248375793,
    "C_99_103": 8519.491106519592,
    "C_99_103_err": 114.13615047593441,
    "O_Am241": 597.3937860283723,
    "O_Am241_err": 8.17069606610767
}