{
    "C_60": 3275559.594897442,
    "C_60_err": 10633.519714619917,
    "C_99_103": 7411.024188499487,
    "C_99_103_err": 96.01576299384793,
    "O_Am241": 441.9847394345971,
    "O_Am241_err": 5.903291743077094
}