{
    "C_60": 2356200.4948791373,
    "C_60_err": 7522.56830824905,
    "C_99_103": 6654.2474118770315,
    "C_99_103_err": 76.59500663677423,
    "O_Am241": 354.08970376929517,
    "O_Am241_err": 4.229693254098341
}