{
    "C_60": 2933415.2730509317,
    "C_60_err": 9513.97935958422,
    "C_99_103": 7166.235573270703,
    "C_99_103_err": 67.03244694333173,
    "O_Am241": 409.3383817847489,
    "O_Am241_err": 4.0525538865087185
}