{
    "C_60": 2111571.7964437585,
    "C_60_err": 6968.145623622102,
    "C_99_103": 6431.120600283646,
    "C_99_103_err": 92.74730538964548,
    "O_Am241": 328.3365260403649,
    "O_Am241_err": 4.857534096221061
}