{
    "C_60": 1522486.9746694309,
    "C_60_err": 4908.754783881166,
    "C_99_103": 5787.369466724282,
    "C_99_103_err": 70.57275445353257,
    "O_Am241": 263.0706374326532,
    "O_Am241_err": 3.3181907863275453
}