{
    "C_60": 990253.6567648309,
    "C_60_err": 3473.3718616754923,
    "C_99_103": 5076.842502157177,
    "C_99_103_err": 66.51439220198412,
    "O_Am241": 195.05305834168917,
    "O_Am241_err": 2.6454903772455247
}