{
    "C_60": 6357458.620662696,
    "C_60_err": 16798.159109219334,
    "C_99_103": 9183.431585704242,
    "C_99_103_err": 117.2636233448555,
    "O_Am241": 692.2748388041883,
    "O_Am241_err": 9.02695741967736
}