{
    "C_60": 4082086.625513425,
    "C_60_err": 12362.978735531484,
    "C_99_103": 7931.3929300949985,
    "C_99_103_err": 101.98258056057738,
    "O_Am241": 514.6746178750385,
    "O_Am241_err": 6.798828460885777
}