{
    "C_60": 5685379.881714238,
    "C_60_err": 15519.408462683223,
    "C_99_103": 8830.890809806639,
    "C_99_103_err": 95.74971690328341,
    "O_Am241": 643.8059312658091,
    "O_Am241_err": 7.198343928220249
}