{
    "C_60": 1697823.5792619276,
    "C_60_err": 5867.095886455596,
    "C_99_103": 5980.058824513382,
    "C_99_103_err": 81.3807464729335,
    "O_Am241": 283.91419367017437,
    "O_Am241_err": 3.9863202496984043
}