{
    "C_60": 4558677.984811342,
    "C_60_err": 14026.986150969797,
    "C_99_103": 8225.177583869903,
    "C_99_103_err": 98.86162086791228,
    "O_Am241": 554.2345971655615,
    "O_Am241_err": 6.8763872529506616
}