{
    "cuspEmax_ctc": {
        "resolution": [
            0.4475051581961946,
            8.772749585488147e-18,
            1.2330650421681731e-05
        ],
        "calibration": [
            0.1142314249789065,
            -0.25354489025070304
        ]
    }
}