{
    "C_79": 61185.297561126026,
    "C_79_err": 101.97227725976654,
    "C_81": 759621.2414192358,
    "C_81_err": 1265.9954422061583,
    "C_356": 929825.874765743,
    "C_356_err": 1484.0027409346267,
    "C_161": 15464.800031111654,
    "C_161_err": 360.7175085135539,
    "C_223": 9296.798137254067,
    "C_223_err": 207.25630795449106,
    "C_276": 125648.54766447196,
    "C_276_err": 408.9227889725011,
    "C_303": 310049.5869540358,
    "C_303_err": 546.9407147983804,
    "C_383": 132889.1874732731,
    "C_383_err": 364.4779750858898,
    "O_Ba133": 0.8827529554252864,
    "O_Ba133_err": 0.0019623317984901996
}