{
    "C_79": 81660.7662760212,
    "C_79_err": 180.15160395291767,
    "C_81": 1013826.1171626594,
    "C_81_err": 2236.599158509808,
    "C_356": 993730.1889428667,
    "C_356_err": 2092.514479572709,
    "C_161": 17162.20536837072,
    "C_161_err": 286.49499439109553,
    "C_223": 9388.689673136329,
    "C_223_err": 216.84767805515287,
    "C_276": 133493.07564571375,
    "C_276_err": 407.03899127236957,
    "C_303": 330294.79161133093,
    "C_303_err": 494.57599963837356,
    "C_383": 143721.51074994646,
    "C_383_err": 2344.3119113364514,
    "O_Ba133": 1.1023987150919334,
    "O_Ba133_err": 0.0032383918438052555
}