{
    "C_79": 70771.66014019266,
    "C_79_err": 125.59427226218149,
    "C_81": 878636.8372122176,
    "C_81_err": 1559.2647386512344,
    "C_356": 966800.869935675,
    "C_356_err": 1969.7320006519287,
    "C_161": 16475.5069904986,
    "C_161_err": 302.39034691547556,
    "C_223": 9593.10874877548,
    "C_223_err": 239.79270862313828,
    "C_276": 130270.52829051022,
    "C_276_err": 354.040362518323,
    "C_303": 322165.75950374844,
    "C_303_err": 587.4619246807987,
    "C_383": 138644.8017155594,
    "C_383_err": 741.9881015612222,
    "O_Ba133": 0.9820103879463599,
    "O_Ba133_err": 0.0025731120468449062
}