{
    "C_79": 40197.61250219387,
    "C_79_err": 63.758370574337995,
    "C_81": 499057.1514423312,
    "C_81_err": 791.5661856210264,
    "C_356": 822138.1955278717,
    "C_356_err": 1224.4055282551176,
    "C_161": 12825.890507800852,
    "C_161_err": 271.77679453674244,
    "C_223": 8543.259780198156,
    "C_223_err": 226.97789099360367,
    "C_276": 111302.98826037123,
    "C_276_err": 287.1258969785885,
    "C_303": 274521.7329632645,
    "C_303_err": 489.05260440478554,
    "C_383": 116410.07324652479,
    "C_383_err": 345.4979902768807,
    "O_Ba133": 0.6559174198180694,
    "O_Ba133_err": 0.001373778990422539
}