{
    "C_79": 34999.1429112927,
    "C_79_err": 58.317381418941,
    "C_81": 434517.661049626,
    "C_81_err": 724.015791955909,
    "C_356": 788500.4750117325,
    "C_356_err": 1134.0784916049627,
    "C_161": 12433.24651582792,
    "C_161_err": 296.0795734470969,
    "C_223": 8220.71307467721,
    "C_223_err": 178.57430870886498,
    "C_276": 106767.86863595372,
    "C_276_err": 322.70044367300625,
    "C_303": 263142.80045549077,
    "C_303_err": 473.0142470316686,
    "C_383": 111300.97462798144,
    "C_383_err": 344.09581704009724,
    "O_Ba133": 0.5954553216393845,
    "O_Ba133_err": 0.0012578006953783108
}