{
    "C_79": 53091.61716192974,
    "C_79_err": 78.52858988231432,
    "C_81": 659137.4357084746,
    "C_81_err": 974.9398517464683,
    "C_356": 892858.9612255536,
    "C_356_err": 1472.6869560788898,
    "C_161": 14796.288517404833,
    "C_161_err": 257.8781623264541,
    "C_223": 9283.652116172318,
    "C_223_err": 230.98160510585112,
    "C_276": 120582.08923434083,
    "C_276_err": 340.3602081517271,
    "C_303": 297984.1739300009,
    "C_303_err": 603.576321216195,
    "C_383": 127088.54921290139,
    "C_383_err": 311.7057510541126,
    "O_Ba133": 0.7976949146512304,
    "O_Ba133_err": 0.0017120671841776057
}