{
    "C_79": 46186.24180732332,
    "C_79_err": 71.28654148142054,
    "C_81": 573406.5492305422,
    "C_81_err": 885.0291376372588,
    "C_356": 856711.3230891384,
    "C_356_err": 1386.4300690020684,
    "C_161": 13866.61156435171,
    "C_161_err": 291.41004542216206,
    "C_223": 8453.134873037603,
    "C_223_err": 218.7863380854949,
    "C_276": 115897.91425334214,
    "C_276_err": 379.4413558979834,
    "C_303": 285994.861684683,
    "C_303_err": 517.4713678476313,
    "C_383": 121646.50990917838,
    "C_383_err": 384.0332826763191,
    "O_Ba133": 0.7232223671373124,
    "O_Ba133_err": 0.0015633192367061509
}