{
    "C_79": 15364.529152276982,
    "C_79_err": 43.56566614408477,
    "C_81": 190752.07890940452,
    "C_81_err": 540.8718551473166,
    "C_356": 609399.7152259814,
    "C_356_err": 760.3175921632477,
    "C_161": 9140.697813468541,
    "C_161_err": 275.3071381528727,
    "C_223": 6054.795398053811,
    "C_223_err": 202.72875838024166,
    "C_276": 82967.24403652329,
    "C_276_err": 326.2708498746389,
    "C_303": 203248.72753109442,
    "C_303_err": 474.52278869422776,
    "C_383": 85287.73635220226,
    "C_383_err": 320.3162655584238,
    "O_Ba133": 0.3382289208737947,
    "O_Ba133_err": 0.0009853577636358794
}