{
    "C_79": 13633.873697721516,
    "C_79_err": 62.055584900927,
    "C_81": 169265.82817171558,
    "C_81_err": 770.4259408454711,
    "C_356": 241831.8068089952,
    "C_356_err": 1923.542565056561,
    "C_161": 3709.54976593165,
    "C_161_err": 152.06996866947733,
    "C_223": 2311.897946709845,
    "C_223_err": 130.0865766972572,
    "C_276": 32586.608402414942,
    "C_276_err": 268.61775902189424,
    "C_303": 79373.44978007293,
    "C_303_err": 654.1328300442154,
    "C_383": 33974.05427637161,
    "C_383_err": 362.40407751794896,
    "O_Ba133": 0.7563095371234432,
    "O_Ba133_err": 0.006812052893125542
}