{
    "C_79": 49111.447313340126,
    "C_79_err": 77.72742887950953,
    "C_81": 609723.2515505151,
    "C_81_err": 964.9933623154203,
    "C_356": 872592.8196180589,
    "C_356_err": 1474.4819548467574,
    "C_161": 13930.44471710408,
    "C_161_err": 283.8073285934528,
    "C_223": 8752.229293227278,
    "C_223_err": 172.5818285539831,
    "C_276": 117705.69818028282,
    "C_276_err": 331.55140178184587,
    "C_303": 291182.7302470351,
    "C_303_err": 529.9986970347492,
    "C_383": 123964.40769398812,
    "C_383_err": 370.7025787835074,
    "O_Ba133": 0.7550310798480242,
    "O_Ba133_err": 0.0016907609571184443
}