{
    "trapEmax": {
        "resolution": [
            0.16159743264455198,
            0.0017092596930846063,
            1.208215918974428e-07
        ],
        "calibration": [
            0.05998850639611422,
            0.03452769187606034
        ]
    }
}