{
    "cuspEmax_ctc": {
        "resolution": [
            0.12775973772018756,
            0.0017120995381238052,
            1.4543605253770044e-07
        ],
        "calibration": [
            0.059966499020666864,
            0.09260977863115667
        ]
    }
}