{
    "cuspEmax_ctc": {
        "resolution": [
            0.12342771816864252,
            0.0018237430087375017,
            9.538660442213494e-08
        ],
        "calibration": [
            0.059963282234977724,
            0.09144970822814087
        ]
    }
}