{
    "cuspEmax_ctc": {
        "resolution": [
            0.12492439765186163,
            0.0017289652879534717,
            4.190694521680351e-28
        ],
        "calibration": [
            0.059967282700361876,
            0.10747206974787128
        ]
    }
}