{
    "trapEmax": {
        "resolution": [
            0.16244464780153178,
            0.0016962859083748626,
            9.091618165322078e-23
        ],
        "calibration": [
            0.059988927560294884,
            0.0538562236254352
        ]
    }
}