{
    "trapEmax": {
        "resolution": [
            0.16354397330477563,
            0.0016816240422471173,
            2.052997622419789e-07
        ],
        "calibration": [
            0.05998809339932997,
            0.035090271991574856
        ]
    }
}