{
    "trapEmax": {
        "resolution": [
            0.1649542864978006,
            0.001697437680005531,
            3.4538601592676464e-21
        ],
        "calibration": [
            0.059987473231883,
            0.05907482473555489
        ]
    }
}