{
    "trapEmax": {
        "resolution": [
            0.1643159946965272,
            0.0016938031574940853,
            8.516221472837309e-34
        ],
        "calibration": [
            0.059987836354345236,
            0.05978857322377898
        ]
    }
}