{
    "cuspEmax_ctc": {
        "resolution": [
            0.12478080319607013,
            0.0017111271445365741,
            8.104867873805472e-27
        ],
        "calibration": [
            0.05996784866630697,
            0.10917408085676271
        ]
    }
}