{
    "C_60": 2810527.723352139,
    "C_60_err": 8872.154118174272,
    "C_99_103": 6493.339766014094,
    "C_99_103_err": 73.49434389163791,
    "O_Am241": 432.8323828151331,
    "O_Am241_err": 5.085950657652485
}