{
    "C_60": 7454300.263118512,
    "C_60_err": 18008.69734698544,
    "C_99_103": 8623.173766122542,
    "C_99_103_err": 88.27656556068203,
    "O_Am241": 864.449733392115,
    "O_Am241_err": 9.092570741036502
}