{
    "C_60": 1830727.1884332267,
    "C_60_err": 6630.761855625803,
    "C_99_103": 5704.943715713885,
    "C_99_103_err": 79.05512281566172,
    "O_Am241": 320.901884341227,
    "O_Am241_err": 4.596219731929944
}