{
    "C_60": 6706770.741353322,
    "C_60_err": 16689.3478263639,
    "C_99_103": 8363.492006056731,
    "C_99_103_err": 90.52690263699687,
    "O_Am241": 801.910342772656,
    "O_Am241_err": 8.906349901826573
}