{
    "C_60": 1332574.7102423655,
    "C_60_err": 4493.332880970897,
    "C_99_103": 5203.60922957551,
    "C_99_103_err": 73.96858516677952,
    "O_Am241": 256.0866220830867,
    "O_Am241_err": 3.741250466768773
}