{
    "C_60": 6011063.266719608,
    "C_60_err": 15065.535616900015,
    "C_99_103": 8068.961612635542,
    "C_99_103_err": 78.61162953122142,
    "O_Am241": 744.9611926901002,
    "O_Am241_err": 7.494076311719571
}