{
    "C_60": 1646447.159481226,
    "C_60_err": 5853.1703561273,
    "C_99_103": 5556.224098555174,
    "C_99_103_err": 72.5769332762077,
    "O_Am241": 296.3248296463355,
    "O_Am241_err": 4.011468867868133
}