{
    "C_60": 3488129.4500277825,
    "C_60_err": 10042.82162987546,
    "C_99_103": 6915.377422143853,
    "C_99_103_err": 77.40526848514672,
    "O_Am241": 504.4018911908381,
    "O_Am241_err": 5.829659656865169
}