{
    "C_60": 1199894.8978255896,
    "C_60_err": 4365.69160715461,
    "C_99_103": 5065.54306283825,
    "C_99_103_err": 68.00165302471206,
    "O_Am241": 236.87389149412982,
    "O_Am241_err": 3.294602057606355
}