{
    "C_60": 3130874.8948534057,
    "C_60_err": 9364.854976204326,
    "C_99_103": 6676.513925423029,
    "C_99_103_err": 73.65061265568191,
    "O_Am241": 468.9385703116063,
    "O_Am241_err": 5.359793278687539
}