{
    "C_60": 2523589.9860478393,
    "C_60_err": 7991.759806817679,
    "C_99_103": 6281.269942615456,
    "C_99_103_err": 83.64728398893223,
    "O_Am241": 401.764294339027,
    "O_Am241_err": 5.499470894228343
}