{
    "C_60": 4831737.125163457,
    "C_60_err": 12636.54479357158,
    "C_99_103": 7572.285570471118,
    "C_99_103_err": 88.53443403103333,
    "O_Am241": 638.0817363789471,
    "O_Am241_err": 7.644754960661639
}