{
    "C_60": 1481160.2053401833,
    "C_60_err": 5325.608601172559,
    "C_99_103": 5369.962083993169,
    "C_99_103_err": 88.69058824529553,
    "O_Am241": 275.82321479610425,
    "O_Am241_err": 4.662213282279942
}