{
    "C_60": 3888463.6016761665,
    "C_60_err": 11122.781003243595,
    "C_99_103": 7092.258925232239,
    "C_99_103_err": 83.7683318440362,
    "O_Am241": 548.2687029152474,
    "O_Am241_err": 6.662930396510118
}