{
    "C_60": 1081575.5255219224,
    "C_60_err": 3926.255239418298,
    "C_99_103": 4894.687828288363,
    "C_99_103_err": 72.72488555326741,
    "O_Am241": 220.9692555408874,
    "O_Am241_err": 3.379714706940198
}