{
    "C_60": 5388922.485389277,
    "C_60_err": 14232.55868340044,
    "C_99_103": 7811.025763662137,
    "C_99_103_err": 70.89333520441963,
    "O_Am241": 689.9122661276083,
    "O_Am241_err": 6.52140987025238
}