{
    "C_60": 2035929.3878744848,
    "C_60_err": 6418.572389332919,
    "C_99_103": 5896.327071443646,
    "C_99_103_err": 84.53955732632215,
    "O_Am241": 345.2877296672777,
    "O_Am241_err": 5.068887546541969
}