{
    "C_60": 975446.8382706053,
    "C_60_err": 3625.933779653815,
    "C_99_103": 4754.432379706293,
    "C_99_103_err": 67.4413844723163,
    "O_Am241": 205.1657822359993,
    "O_Am241_err": 3.0085335486738507
}