{
    "C_60": 2267611.581498071,
    "C_60_err": 7516.37578444636,
    "C_99_103": 6108.73404318389,
    "C_99_103_err": 77.55316790044702,
    "O_Am241": 371.20810391610786,
    "O_Am241_err": 4.870635537418252
}