{
    "C_60": 4334324.787882029,
    "C_60_err": 12272.494334911904,
    "C_99_103": 7320.943588111049,
    "C_99_103_err": 79.76879761106565,
    "O_Am241": 592.0445548741583,
    "O_Am241_err": 6.665154683630417
}