{
    "C_60": 880569.1526490928,
    "C_60_err": 3267.8788131411898,
    "C_99_103": 4630.032507342008,
    "C_99_103_err": 76.92833494304917,
    "O_Am241": 190.18638665122606,
    "O_Am241_err": 3.2378245161968686
}