{
    "C_60": 778972.2697279651,
    "C_60_err": 4.654051056509484e-05,
    "C_99_103": 4967.2841111138805,
    "C_99_103_err": 4.861905309872999e-05,
    "O_Am241": 156.82055874055607,
    "O_Am241_err": 1.5349653743311597e-06
}