{
    "C_60": 632169.9463824386,
    "C_60_err": 3.7629624420696534e-05,
    "C_99_103": 4759.469175792272,
    "C_99_103_err": 3.523371726409609e-05,
    "O_Am241": 132.82362444908705,
    "O_Am241_err": 9.83307410882798e-07
}