{
    "C_60": 3365319.182885168,
    "C_60_err": 0.00020116399271088992,
    "C_99_103": 7273.193988932751,
    "C_99_103_err": 1.8308445201678117e-05,
    "O_Am241": 462.7016944695828,
    "O_Am241_err": 1.1650640356964245e-06
}