{
    "C_60": 1799199.4691083352,
    "C_60_err": 0.00010747303389978258,
    "C_99_103": 6240.82607138933,
    "C_99_103_err": 2.501250465457797e-05,
    "O_Am241": 288.2950828187074,
    "O_Am241_err": 1.1555814674411113e-06
}