{
    "C_60": 569073.7232795607,
    "C_60_err": 3.383769231616804e-05,
    "C_99_103": 4595.330549888051,
    "C_99_103_err": 1.9252728296661732e-05,
    "O_Am241": 123.83738603818699,
    "O_Am241_err": 5.188849045525662e-07
}