{
    "C_60": 864780.0524926857,
    "C_60_err": 5.1624220636092844e-05,
    "C_99_103": 5170.631966288466,
    "C_99_103_err": 2.471175922088502e-05,
    "O_Am241": 167.24842497607384,
    "O_Am241_err": 7.993849174619423e-07
}