{
    "C_60": 1621132.496791963,
    "C_60_err": 9.712127128053138e-05,
    "C_99_103": 6096.523955286268,
    "C_99_103_err": 1.985677705219331e-05,
    "O_Am241": 265.9109533041835,
    "O_Am241_err": 8.662358565337064e-07
}