{
    "C_60": 2218038.7934653484,
    "C_60_err": 0.00013221201267829552,
    "C_99_103": 6618.457015389658,
    "C_99_103_err": 8.141235279728177e-05,
    "O_Am241": 335.12928894269817,
    "O_Am241_err": 4.122408618396807e-06
}