{
    "C_60": 2732285.362130766,
    "C_60_err": 0.0001630529865134095,
    "C_99_103": 6969.550418745478,
    "C_99_103_err": 9.86837031725497e-05,
    "O_Am241": 392.03179516169973,
    "O_Am241_err": 5.550930919216697e-06
}