{
    "C_60": 4143249.2549093287,
    "C_60_err": 0.0002480456294350064,
    "C_99_103": 7744.4333965938185,
    "C_99_103_err": 2.1969324889577683e-05,
    "O_Am241": 534.9970801907375,
    "O_Am241_err": 1.5180118603648674e-06
}