{
    "C_60": 1314934.6652411618,
    "C_60_err": 7.880931493661758e-05,
    "C_99_103": 5796.198029722001,
    "C_99_103_err": 4.5714737454094186e-08,
    "O_Am241": 226.86158383450353,
    "O_Am241_err": 1.3713949462077185e-08
}