{
    "C_60": 1997379.9915668461,
    "C_60_err": 0.00011973335159058685,
    "C_99_103": 6471.697412439644,
    "C_99_103_err": 7.352120391351443e-05,
    "O_Am241": 308.6330933407919,
    "O_Am241_err": 3.5062505303352143e-06
}