{
    "C_60": 4616579.209533128,
    "C_60_err": 0.0002783698499719822,
    "C_99_103": 7978.712367326827,
    "C_99_103_err": 8.900525667044893e-05,
    "O_Am241": 578.6120613193452,
    "O_Am241_err": 6.454709104532703e-06
}