{
    "C_60": 714233.6221523662,
    "C_60_err": 4.327599779210822e-05,
    "C_99_103": 36345.760885929725,
    "C_99_103_err": 1.7656650134708664e-07,
    "O_Am241": 19.65108460362051,
    "O_Am241_err": 1.1944961188239343e-09
}