{
    "C_60": 960480.418775497,
    "C_60_err": 5.731749540750786e-05,
    "C_99_103": 5272.937630777229,
    "C_99_103_err": 1.529538567998326e-05,
    "O_Am241": 182.15281234682888,
    "O_Am241_err": 5.284885271876578e-07
}