{
    "C_60": 3049260.277146803,
    "C_60_err": 0.0001839846821276997,
    "C_99_103": 7180.1509125583925,
    "C_99_103_err": 7.290101852467906e-05,
    "O_Am241": 424.6791347816264,
    "O_Am241_err": 4.3118993641028704e-06
}