{
    "C_60": 3754200.606416895,
    "C_60_err": 0.00022642783880241768,
    "C_99_103": 7468.372416316812,
    "C_99_103_err": 3.7801901239823004e-05,
    "O_Am241": 502.6798875501658,
    "O_Am241_err": 2.544544299100858e-06
}