{
    "C_60": 1067030.6360725428,
    "C_60_err": 6.372305463908656e-05,
    "C_99_103": 5435.067667808009,
    "C_99_103_err": 6.374137422474062e-05,
    "O_Am241": 196.3233397060688,
    "O_Am241_err": 2.302470267806232e-06
}