{
    "C_60": 701701.5326124273,
    "C_60_err": 4.1698020373931444e-05,
    "C_99_103": 4918.691437127527,
    "C_99_103_err": 6.780854064220112e-05,
    "O_Am241": 142.6602057847757,
    "O_Am241_err": 1.9667162201548043e-06
}