{
    "C_60": 1314934.6652411618,
    "C_60_err": 7.880931493661758e-05,
    "C_99_103": 5921.661447603366,
    "C_99_103_err": 2.6890972965082195e-05,
    "O_Am241": 226.86158383450353,
    "O_Am241_err": 1.3713949462077185e-08
}
