{
    "C_60": 2476259.797942293,
    "C_60_err": 0.0001492428811394192,
    "C_99_103": 6800.333425264759,
    "C_99_103_err": 2.7049816807413757e-05,
    "O_Am241": 364.13799781381806,
    "O_Am241_err": 1.4486049579147821e-06
}