{
    "C_60": 1184348.659093827,
    "C_60_err": 7.082418417604652e-05,
    "C_99_103": 5617.677058499189,
    "C_99_103_err": 3.871794780260874e-05,
    "O_Am241": 210.82533701398563,
    "O_Am241_err": 1.453097349230256e-06
}