{
    "C_1173": 70373.81952588768,
    "C_1173_err": 234.57130974579871,
    "C_1332": 63441.03870967279,
    "C_1332_err": 167.87511083655838
}