{
    "C_1173": 58227.56578874167,
    "C_1173_err": 241.865365216215,
    "C_1332": 52380.22991330345,
    "C_1332_err": 228.2516800975459
}