{
    "C_1173": 74631.25247183825,
    "C_1173_err": 235.50792876326616,
    "C_1332": 67245.60130273679,
    "C_1332_err": 258.76169605802573
}