{
    "C_1173": 74755.02743206103,
    "C_1173_err": 274.89212777590615,
    "C_1332": 67386.86808600288,
    "C_1332_err": 208.5648251804931
}