{
    "C_1173": 73682.86768205876,
    "C_1173_err": 303.8585133492862,
    "C_1332": 66403.25234273681,
    "C_1332_err": 179.3852698469465
}