{
    "cuspEmax_ctc": {
        "resolution": [
            0.43579783664196836,
            1.609995989103426e-16,
            5.851963222146148e-06
        ],
        "calibration": [
            0.05755203451090542,
            0.07626624018028025
        ]
    }
}