{
    "cuspEmax_ctc": {
        "resolution": [
            0.47507899076172294,
            1.3643727683558223e-05,
            4.132824328406534e-06
        ],
        "calibration": [
            0.15416743199556973,
            0.06173170645044615
        ]
    }
}