{
    "cuspEmax_ctc": {
        "resolution": [
            0.14027426051621728,
            0.0017060185723699957,
            4.692722504867653e-25
        ],
        "calibration": [
            0.09211186424069491,
            -0.3521586696567405
        ]
    }
}