{
    "cuspEmax_ctc": {
        "resolution": [
            0.13599972028338625,
            0.0017532010331623748,
            3.6867256633322943e-25
        ],
        "calibration": [
            0.09210976259299185,
            -0.347494948999745
        ]
    }
}