{
    "cuspEmax_ctc": {
        "resolution": [
            0.2213149821625959,
            0.0033418859619735704,
            1.7482777272874652e-16
        ],
        "calibration": [
            0.08458007264586281,
            0.1509206884005498
        ]
    }
}