{
    "C_60": 1799845.5583921913,
    "C_60_err": 0.010436996191836023,
    "C_99_103": 6290.69647110191,
    "C_99_103_err": 3.158547995854016e-05,
    "O_Am241": 286.1122876712125,
    "O_Am241_err": 2.1946264459014377e-06
}