{
    "C_60": 864889.2988013965,
    "C_60_err": 0.005237061213407834,
    "C_99_103": 5144.411244199689,
    "C_99_103_err": 5.568018902815387e-09,
    "O_Am241": 168.12211499937084,
    "O_Am241_err": 1.018009845728335e-06
}