{
    "C_60": 1460421.3871582136,
    "C_60_err": 0.0077909327633785,
    "C_99_103": 5932.97195306229,
    "C_99_103_err": 2.8775004981787425e-09,
    "O_Am241": 246.1534284523999,
    "O_Am241_err": 1.3131585413200548e-06
}