{
    "C_60": 1315002.7247692202,
    "C_60_err": 0.006388492354822972,
    "C_99_103": 5785.846702555992,
    "C_99_103_err": 7.610983615079187e-09,
    "O_Am241": 227.279219857017,
    "O_Am241_err": 1.1041586335484957e-06
}