{
    "C_60": 960697.0947497556,
    "C_60_err": 0.005055364742707624,
    "C_99_103": 5304.49094635978,
    "C_99_103_err": 6.4285492353470086e-09,
    "O_Am241": 181.11013940160203,
    "O_Am241_err": 9.530348770311447e-07
}