{
    "C_60": 1621587.0953658002,
    "C_60_err": 0.009109110596372538,
    "C_99_103": 6099.40892628751,
    "C_99_103_err": 6.486215381309445e-05,
    "O_Am241": 265.8597111561106,
    "O_Am241_err": 3.1974072511915093e-06
}