{
    "C_60": 2732071.2589051668,
    "C_60_err": 0.015034101049637982,
    "C_99_103": 6983.442238996599,
    "C_99_103_err": 1.2013017832247298e-08,
    "O_Am241": 391.2212867815913,
    "O_Am241_err": 2.1528210973479126e-06
}