{
    "C_60": 3031398.395974828,
    "C_60_err": 0.015897880685198373,
    "C_99_103": 7127.256943877572,
    "C_99_103_err": 8.554794550120413e-05,
    "O_Am241": 425.3246964217907,
    "O_Am241_err": 5.571169757897366e-06
}