{
    "C_60": 2231343.934069366,
    "C_60_err": 0.017520534115504915,
    "C_99_103": 6599.343725730769,
    "C_99_103_err": 7.258466902251376e-05,
    "O_Am241": 338.11603498835507,
    "O_Am241_err": 4.569285317514938e-06
}