{
    "C_60": 3384278.1967773256,
    "C_60_err": 0.027322572569437042,
    "C_99_103": 7344.171342073966,
    "C_99_103_err": 5.9773791201689274e-05,
    "O_Am241": 460.81144340807526,
    "O_Am241_err": 5.2827142794004425e-06
}