{
    "C_60": 569289.5705533985,
    "C_60_err": 0.003829032603703819,
    "C_99_103": 4622.943791030342,
    "C_99_103_err": 5.998697784854532e-05,
    "O_Am241": 123.14438511191969,
    "O_Am241_err": 1.7998196459001098e-06
}