{
    "C_60": 4616857.185177307,
    "C_60_err": 0.03761037732367356,
    "C_99_103": 7927.4055749989275,
    "C_99_103_err": 3.794711933603583e-05,
    "O_Am241": 582.3919492321334,
    "O_Am241_err": 5.5027927217501496e-06
}