{
    "C_60": 1997295.6119331457,
    "C_60_err": 0.00899368528405553,
    "C_99_103": 6464.556692454209,
    "C_99_103_err": 7.983793875672131e-05,
    "O_Am241": 308.96095539923107,
    "O_Am241_err": 4.061414006709942e-06
}