{
    "C_60": 1184434.175542611,
    "C_60_err": 0.006920780555077499,
    "C_99_103": 5589.21114939043,
    "C_99_103_err": 7.54799154495522e-09,
    "O_Am241": 211.9143728666947,
    "O_Am241_err": 1.2382392711489163e-06
}