{
    "C_60": 779011.2470530388,
    "C_60_err": 0.0044390396811611055,
    "C_99_103": 5014.160138740128,
    "C_99_103_err": 4.428235372034179e-08,
    "O_Am241": 155.3622591816095,
    "O_Am241_err": 8.853018032202316e-07
}