{
    "C_60": 632146.4970841663,
    "C_60_err": 0.0033339972730339618,
    "C_99_103": 4774.379233358916,
    "C_99_103_err": 4.912395300375042e-05,
    "O_Am241": 132.40391393027917,
    "O_Am241_err": 1.5308613345133892e-06
}