{
    "C_60": 1505628.7151848518,
    "C_60_err": 0.011123850096228516,
    "C_99_103": 41773.90344159536,
    "C_99_103_err": 9.311335076296766e-05,
    "O_Am241": 36.04232765295422,
    "O_Am241_err": 2.781419715875321e-07
}