{
    "C_60": 4142022.8398450217,
    "C_60_err": 0.023588492712374176,
    "C_99_103": 7755.443829635274,
    "C_99_103_err": 1.603435468642135e-08,
    "O_Am241": 534.0794067797168,
    "O_Am241_err": 3.0415402116271914e-06
}