{
    "C_60": 3753869.683307655,
    "C_60_err": 0.029745142158441595,
    "C_99_103": 7509.3268679077955,
    "C_99_103_err": 6.1402390911388335e-09,
    "O_Am241": 499.89429802960973,
    "O_Am241_err": 3.961093030047035e-06
}