{
    "C_60": 2461087.191556804,
    "C_60_err": 0.01464510023690746,
    "C_99_103": 6752.361392089758,
    "C_99_103_err": 2.3392649895835995e-09,
    "O_Am241": 364.4780023829757,
    "O_Am241_err": 2.1688857292032056e-06
}