{
    "C_60": 1066992.4185128876,
    "C_60_err": 0.005341843831512261,
    "C_99_103": 5471.88942352747,
    "C_99_103_err": 4.276095672498879e-05,
    "O_Am241": 194.99524495600053,
    "O_Am241_err": 1.8097140151693273e-06
}