{
    "C_60": 702037.124737993,
    "C_60_err": 0.0035925496599498175,
    "C_99_103": 4870.922573512255,
    "C_99_103_err": 4.2956460413112664e-09,
    "O_Am241": 144.12816343163058,
    "O_Am241_err": 7.375501579175821e-07
}