{
    "C_60": 2722301.3588206917,
    "C_60_err": 1.287094696933444e-05,
    "C_99_103": 6842.03409045588,
    "C_99_103_err": 4.5937938635866316e-06,
    "O_Am241": 397.8789527836607,
    "O_Am241_err": 2.671455863551367e-07
}