{
    "C_60": 1614789.4170924493,
    "C_60_err": 7.616301684505722e-06,
    "C_99_103": 5996.840482829376,
    "C_99_103_err": 5.252051028629967e-06,
    "O_Am241": 269.27336515220657,
    "O_Am241_err": 2.358338473280675e-07
}