{
    "C_60": 1450457.448003632,
    "C_60_err": 6.835651110391472e-06,
    "C_99_103": 5963.781968627923,
    "C_99_103_err": 1.2513858254127076e-05,
    "O_Am241": 243.2110120111142,
    "O_Am241_err": 5.103331782600501e-07
}