{
    "C_60": 954709.5646217642,
    "C_60_err": 4.494029020481183e-06,
    "C_99_103": 5268.543153454116,
    "C_99_103_err": 1.2034779209601533e-05,
    "O_Am241": 181.2094039688839,
    "O_Am241_err": 4.1393222649814196e-07
}