{
    "C_60": 776861.1312619027,
    "C_60_err": 3.6823075266062544e-06,
    "C_99_103": 4958.310940974499,
    "C_99_103_err": 1.2233275570225875e-05,
    "O_Am241": 156.6785827895698,
    "O_Am241_err": 3.865622465423398e-07
}