{
    "C_60": 1310328.2898658523,
    "C_60_err": 6.151602236423304e-06,
    "C_99_103": 5668.625537541705,
    "C_99_103_err": 5.395593308948898e-08,
    "O_Am241": 231.15449789158208,
    "O_Am241_err": 2.453279253607368e-09
}