{
    "C_60": 1986744.5275905265,
    "C_60_err": 9.354385876701732e-06,
    "C_99_103": 6330.852279476278,
    "C_99_103_err": 1.2206803441964717e-06,
    "O_Am241": 313.8194416621075,
    "O_Am241_err": 6.052698814880849e-08
}