{
    "C_60": 1180058.457949238,
    "C_60_err": 5.5740556271360875e-06,
    "C_99_103": 5562.96823300378,
    "C_99_103_err": 6.154639733598095e-05,
    "O_Am241": 212.12748455909366,
    "O_Am241_err": 2.3468916401511705e-06
}