{
    "C_60": 1048276.860488744,
    "C_60_err": 4.821311478386825e-06,
    "C_99_103": 5393.474445145163,
    "C_99_103_err": 6.396430915706422e-06,
    "O_Am241": 194.36021643382978,
    "O_Am241_err": 2.305046697778131e-07
}