{
    "C_60": 3726928.9630848756,
    "C_60_err": 1.7694755639827142e-05,
    "C_99_103": 7434.379034728789,
    "C_99_103_err": 1.3264203348392622e-05,
    "O_Am241": 501.3100550395648,
    "O_Am241_err": 8.944260203930196e-07
}