{
    "C_60": 1233949.8928567965,
    "C_60_err": 3.5320965566937312e-06,
    "C_99_103": 58567.307885054855,
    "C_99_103_err": 0.0008291761587221613,
    "O_Am241": 21.06891946064119,
    "O_Am241_err": 2.982866499199802e-07
}