{
    "C_60": 1792113.0860631,
    "C_60_err": 8.465191756422408e-06,
    "C_99_103": 6253.641919298505,
    "C_99_103_err": 4.546483990649011e-06,
    "O_Am241": 286.57110675504236,
    "O_Am241_err": 2.0834554740230389e-07
}