{
    "C_60": 4582258.63992834,
    "C_60_err": 2.1766025490380092e-05,
    "C_99_103": 7828.103480389842,
    "C_99_103_err": 4.968328327827759e-06,
    "O_Am241": 585.3599982942666,
    "O_Am241_err": 3.7152576206618776e-07
}