{
    "C_60": 1278102.1562341633,
    "C_60_err": 0.006414376589143345,
    "C_99_103": 46728.61752445502,
    "C_99_103_err": 0.00017131708078179134,
    "O_Am241": 27.351593604610272,
    "O_Am241_err": 1.699944943473803e-07
}