{
    "C_60": 860792.1184138187,
    "C_60_err": 4.063018315767636e-06,
    "C_99_103": 5086.882248465208,
    "C_99_103_err": 2.3745404358717012e-06,
    "O_Am241": 169.21801535184602,
    "O_Am241_err": 7.89944688545388e-08
}