{
    "C_60": 1278102.1562341633,
    "C_60_err": 1947.9459921749121,
    "C_99_103": 46728.61752445502,
    "C_99_103_err": 511.7439831465599,
    "O_Am241": 27.351593604610272,
    "O_Am241_err": 0.3024251671650507
}