{
    "C_60": 2451538.4846147103,
    "C_60_err": 1.1530196319872732e-05,
    "C_99_103": 6684.014821437909,
    "C_99_103_err": 4.452236468119666e-06,
    "O_Am241": 366.7763387884468,
    "O_Am241_err": 2.4431658828206474e-07
}