{
    "C_60": 3359146.3630009266,
    "C_60_err": 1.595543561799806e-05,
    "C_99_103": 7188.76708449335,
    "C_99_103_err": 1.4840503930113255e-05,
    "O_Am241": 467.2771176919655,
    "O_Am241_err": 9.646502905772745e-07
}