{
    "C_60": 699522.212791321,
    "C_60_err": 3.31129524083415e-06,
    "C_99_103": 4829.878983331748,
    "C_99_103_err": 9.785577488293298e-07,
    "O_Am241": 144.83224428715945,
    "O_Am241_err": 2.93517482736168e-08
}