{
    "C_60": 2212316.36617269,
    "C_60_err": 1.0521961405773883e-05,
    "C_99_103": 6508.8483737612505,
    "C_99_103_err": 3.7142197798194915e-06,
    "O_Am241": 339.8936707591891,
    "O_Am241_err": 1.939642114870599e-07
}