{
    "C_60": 3024270.4724986455,
    "C_60_err": 1.431622066970506e-05,
    "C_99_103": 7077.843626325537,
    "C_99_103_err": 8.193539954358224e-06,
    "O_Am241": 427.2869862863438,
    "O_Am241_err": 4.946453255668925e-07
}