{
    "C_60": 564990.0233435616,
    "C_60_err": 2.6506164875830796e-06,
    "C_99_103": 4523.954930376185,
    "C_99_103_err": 7.91520377745221e-06,
    "O_Am241": 124.8885172462539,
    "O_Am241_err": 2.1850828144003166e-07
}