{
    "C_60": 628285.8989053786,
    "C_60_err": 2.9310953561685615e-06,
    "C_99_103": 4711.034306250106,
    "C_99_103_err": 5.5800963556824635e-06,
    "O_Am241": 133.3647471154763,
    "O_Am241_err": 1.5796826412891138e-07
}