{
    "C_60": 4132815.829129126,
    "C_60_err": 1.9589311737455706e-05,
    "C_99_103": 7619.81605881415,
    "C_99_103_err": 9.401823803725784e-06,
    "O_Am241": 542.3773746281619,
    "O_Am241_err": 6.692253590450885e-07
}