{
    "C_79": 17050.298613297848,
    "C_79_err": 102.58373449641238,
    "C_81": 211681.0658028344,
    "C_81_err": 1273.5867414837612,
    "C_356": 239463.00040862072,
    "C_356_err": 584.2746960795279,
    "C_161": 4882.134811573529,
    "C_161_err": 142.78064365876872,
    "C_223": 3005.13663655458,
    "C_223_err": 112.91912948459306,
    "C_276": 35690.37134990592,
    "C_276_err": 234.01953937360773,
    "C_303": 83259.2515101813,
    "C_303_err": 302.57365535292035,
    "C_383": 31625.72015335664,
    "C_383_err": 199.3729430055967,
    "O_Ba133": 0.9551845755954951,
    "O_Ba133_err": 0.005822519717534353
}