{
    "C_79": 11775.688594223178,
    "C_79_err": 72.01708424002523,
    "C_81": 146196.284811303,
    "C_81_err": 894.0988949044641,
    "C_356": 160338.9210090681,
    "C_356_err": 447.57818730078657,
    "C_161": 3345.2496764344532,
    "C_161_err": 85.56372822321926,
    "C_223": 1982.8860199099581,
    "C_223_err": 67.486432275483,
    "C_276": 23823.27312386725,
    "C_276_err": 175.4575578650912,
    "C_303": 56711.60705048505,
    "C_303_err": 204.57036377247482,
    "C_383": 21858.73413647811,
    "C_383_err": 121.6740422833683,
    "O_Ba133": 0.9852378475004951,
    "O_Ba133_err": 0.0062338403378557165
}