{
    "C_79": 10082.29512537067,
    "C_79_err": 58.45009259859442,
    "C_81": 125172.64514139421,
    "C_81_err": 725.6634137712289,
    "C_356": 152875.68055661878,
    "C_356_err": 419.3943897010847,
    "C_161": 3230.4808738884494,
    "C_161_err": 79.89815120809072,
    "C_223": 1893.5446791250265,
    "C_223_err": 77.16211410608769,
    "C_276": 22750.39842318298,
    "C_276_err": 186.94339149885465,
    "C_303": 53977.62885884191,
    "C_303_err": 268.45394474067547,
    "C_383": 20773.610098601075,
    "C_383_err": 123.7350759285799,
    "O_Ba133": 0.8847381072928215,
    "O_Ba133_err": 0.005344996356019823
}