{
    "C_79": 16919.440016243094,
    "C_79_err": 106.32596059716897,
    "C_81": 210056.4439752502,
    "C_81_err": 1320.0468315648527,
    "C_356": 178918.26723745436,
    "C_356_err": 499.36246702131183,
    "C_161": 3634.819842367558,
    "C_161_err": 84.52290161863716,
    "C_223": 2280.0878011393165,
    "C_223_err": 82.71901835180515,
    "C_276": 26538.032917411372,
    "C_276_err": 165.63823854506688,
    "C_303": 63234.72438714159,
    "C_303_err": 232.11861429227724,
    "C_383": 24424.860613050205,
    "C_383_err": 153.68793570844474,
    "O_Ba133": 1.2686009511273573,
    "O_Ba133_err": 0.008205085651429939
}