{
    "C_79": 8622.764595322842,
    "C_79_err": 48.78172493293262,
    "C_81": 107052.43591929373,
    "C_81_err": 605.6297170918805,
    "C_356": 145635.80246898418,
    "C_356_err": 391.4445183089427,
    "C_161": 2898.668539438994,
    "C_161_err": 84.36771617269046,
    "C_223": 1751.0493555843827,
    "C_223_err": 76.17184301330919,
    "C_276": 21699.683480557454,
    "C_276_err": 163.01592201906146,
    "C_303": 51408.138980305084,
    "C_303_err": 234.48333538393516,
    "C_383": 19767.488737712352,
    "C_383_err": 116.85810191751241,
    "O_Ba133": 0.794277221353257,
    "O_Ba133_err": 0.004686494463666341
}