{
    "C_79": 7778.964051308486,
    "C_79_err": 43.902293198950936,
    "C_81": 96576.57256152766,
    "C_81_err": 545.0511117907494,
    "C_356": 140886.13667906227,
    "C_356_err": 390.3271755262786,
    "C_161": 2925.168427320681,
    "C_161_err": 86.1870882466796,
    "C_223": 817.6273981304619,
    "C_223_err": 0.0,
    "C_276": 21060.22998212874,
    "C_276_err": 167.28524264115237,
    "C_303": 49799.23156952621,
    "C_303_err": 225.70230298294123,
    "C_383": 19150.29238645334,
    "C_383_err": 121.52978045267209,
    "O_Ba133": 0.7407083413079699,
    "O_Ba133_err": 0.004390388076215219
}