{
    "C_79": 14495.130880801813,
    "C_79_err": 89.80328135636313,
    "C_81": 179958.41735033595,
    "C_81_err": 1114.9162100469232,
    "C_356": 170845.77997153837,
    "C_356_err": 423.1743656482007,
    "C_161": 3526.4470664917194,
    "C_161_err": 76.84175578060947,
    "C_223": 2049.626998089525,
    "C_223_err": 91.06514377197736,
    "C_276": 25315.385449409823,
    "C_276_err": 184.01961005515125,
    "C_303": 60361.62034938232,
    "C_303_err": 267.20999521626277,
    "C_383": 23363.616509732623,
    "C_383_err": 154.39225123780744,
    "O_Ba133": 1.1381817465057216,
    "O_Ba133_err": 0.007128191064212469
}