{
    "C_79": 17796.692655191644,
    "C_79_err": 114.20175174853483,
    "C_81": 220947.61824747987,
    "C_81_err": 1417.8255217082249,
    "C_356": 181432.42326380877,
    "C_356_err": 499.31152732426517,
    "C_161": 3762.34793814558,
    "C_161_err": 111.66412948646077,
    "C_223": 2138.3088816623945,
    "C_223_err": 99.88450789883888,
    "C_276": 26969.351508324024,
    "C_276_err": 205.79311207438653,
    "C_303": 64100.23837323142,
    "C_303_err": 279.8801064347417,
    "C_383": 24803.575594103197,
    "C_383_err": 162.7994669900928,
    "O_Ba133": 1.31588558763573,
    "O_Ba133_err": 0.008635909355155803
}