{
    "C_79": 11176.631351313545,
    "C_79_err": 69.69705022279028,
    "C_81": 138758.93262573838,
    "C_81_err": 865.2954537093586,
    "C_356": 157865.05822773548,
    "C_356_err": 414.1704495950721,
    "C_161": 3257.974874565041,
    "C_161_err": 100.07276069179008,
    "C_223": 2016.512479220623,
    "C_223_err": 73.99791518534424,
    "C_276": 23579.979842670975,
    "C_276_err": 171.61154566680713,
    "C_303": 55876.04101005305,
    "C_303_err": 239.87747463117267,
    "C_383": 21487.91243833887,
    "C_383_err": 134.90004481296089,
    "O_Ba133": 0.9497704283664565,
    "O_Ba133_err": 0.006037208070079356
}