{
    "C_79": 7006.776807549932,
    "C_79_err": 39.64204045182299,
    "C_81": 86989.79508240963,
    "C_81_err": 492.15967202451947,
    "C_356": 136357.33900307157,
    "C_356_err": 356.52688153579857,
    "C_161": 2612.3353760492446,
    "C_161_err": 102.12293583016557,
    "C_223": 1751.7199815552358,
    "C_223_err": 83.60849226253382,
    "C_276": 20347.87089357563,
    "C_276_err": 149.62003650924197,
    "C_303": 48256.720934363846,
    "C_303_err": 263.9656890475584,
    "C_383": 18503.743478058623,
    "C_383_err": 151.985466448249,
    "O_Ba133": 0.6893400280262305,
    "O_Ba133_err": 0.00404480212659503
}