{
    "C_79": 18648.076529710343,
    "C_79_err": 121.53479266515761,
    "C_81": 231517.629368863,
    "C_81_err": 1508.8659164844096,
    "C_356": 183461.11108054803,
    "C_356_err": 478.9901086763143,
    "C_161": 3830.1741274354617,
    "C_161_err": 137.43435796698105,
    "C_223": 2267.137948714271,
    "C_223_err": 87.933262455835,
    "C_276": 27289.853555874073,
    "C_276_err": 139.13871737316845,
    "C_303": 64827.83072447107,
    "C_303_err": 258.2014135133836,
    "C_383": 25077.26300837576,
    "C_383_err": 238.0397037107194,
    "O_Ba133": 1.363589833426545,
    "O_Ba133_err": 0.008986373118997398
}