{
    "C_79": 13768.27540183915,
    "C_79_err": 90.94084231847582,
    "C_81": 170934.43800774353,
    "C_81_err": 1129.0391367086243,
    "C_356": 168163.0087175417,
    "C_356_err": 597.0746433152397,
    "C_161": 3516.165428828764,
    "C_161_err": 107.45689039219798,
    "C_223": 2120.449056927732,
    "C_223_err": 70.6711009954811,
    "C_276": 25041.9689883603,
    "C_276_err": 153.4267876738891,
    "C_303": 59467.785873863984,
    "C_303_err": 271.90666311361247,
    "C_383": 22988.147568421427,
    "C_383_err": 141.6313984037375,
    "O_Ba133": 1.098355190110937,
    "O_Ba133_err": 0.007783187684363086
}