{
    "C_79": 13075.289545148937,
    "C_79_err": 81.53257499629,
    "C_81": 162330.95322090923,
    "C_81_err": 1012.2346103312983,
    "C_356": 165462.7386760858,
    "C_356_err": 412.36114248675904,
    "C_161": 3365.987636123008,
    "C_161_err": 101.64396634150685,
    "C_223": 2047.2749893183768,
    "C_223_err": 74.4384219286803,
    "C_276": 24547.67425443598,
    "C_276_err": 176.53193263263304,
    "C_303": 58569.17022834973,
    "C_303_err": 226.04503779530384,
    "C_383": 22594.12846397654,
    "C_383_err": 122.43504718345898,
    "O_Ba133": 1.0600951257638616,
    "O_Ba133_err": 0.006681889517295442
}