{
    "C_79": 10617.902906475325,
    "C_79_err": 64.10774390381303,
    "C_81": 131822.266272845,
    "C_81_err": 795.903688466207,
    "C_356": 155292.81015653766,
    "C_356_err": 406.4852983359785,
    "C_161": 3239.666724037828,
    "C_161_err": 118.62857956867157,
    "C_223": 1993.0020569155863,
    "C_223_err": 90.45423768166083,
    "C_276": 23089.66559593397,
    "C_276_err": 132.8667735919988,
    "C_303": 54892.72545888835,
    "C_303_err": 202.53038618309807,
    "C_383": 21144.124013358458,
    "C_383_err": 110.30214005919392,
    "O_Ba133": 0.9172360847597409,
    "O_Ba133_err": 0.005674700889362579
}