{
    "C_79": 12406.503007024927,
    "C_79_err": 75.10583835013782,
    "C_81": 154027.9052570306,
    "C_81_err": 932.4460685734092,
    "C_356": 162865.40227300927,
    "C_356_err": 398.43343142918883,
    "C_161": 3344.4547743721214,
    "C_161_err": 116.38960738795241,
    "C_223": 2020.6171944028283,
    "C_223_err": 63.51082035395612,
    "C_276": 24227.576839651483,
    "C_276_err": 168.27109813849376,
    "C_303": 57602.53937754334,
    "C_303_err": 249.3717801108087,
    "C_383": 22222.719341875807,
    "C_383_err": 118.57068446217912,
    "O_Ba133": 1.0219138376919585,
    "O_Ba133_err": 0.006264283613325303
}