{
    "C_79": 9090.037327145335,
    "C_79_err": 53.81852572218426,
    "C_81": 112853.67096720639,
    "C_81_err": 668.1620740603254,
    "C_356": 148021.85814323215,
    "C_356_err": 436.2365263542046,
    "C_161": 2972.1397455338824,
    "C_161_err": 81.95187294031999,
    "C_223": 1885.8279257348013,
    "C_223_err": 87.61898067828436,
    "C_276": 22005.244500519104,
    "C_276_err": 140.24875144513481,
    "C_303": 52238.92302541177,
    "C_303_err": 189.8400387563863,
    "C_383": 20099.337661970094,
    "C_383_err": 121.87319483864336,
    "O_Ba133": 0.8238223045163633,
    "O_Ba133_err": 0.005138339728434266
}