{
    "C_79": 16064.188646757504,
    "C_79_err": 101.0911366260742,
    "C_81": 199438.417538994,
    "C_81_err": 1255.055998112393,
    "C_356": 176340.41238497788,
    "C_356_err": 440.57764334432903,
    "C_161": 3673.646590480483,
    "C_161_err": 104.22477024525828,
    "C_223": 2176.72588640559,
    "C_223_err": 76.45620979023037,
    "C_276": 26105.955801567492,
    "C_276_err": 169.25951669764893,
    "C_303": 62340.74403554937,
    "C_303_err": 244.8597849021397,
    "C_383": 24062.62595540504,
    "C_383_err": 124.05230631458886,
    "O_Ba133": 1.2220829205915467,
    "O_Ba133_err": 0.007765718325268748
}