{
    "C_79": 16253.508187426614,
    "C_79_err": 99.19424021835432,
    "C_81": 201788.83749672576,
    "C_81_err": 1231.5058502580594,
    "C_356": 227261.23509381228,
    "C_356_err": 507.79255857774996,
    "C_161": 4637.912856261287,
    "C_161_err": 141.4800411112826,
    "C_223": 2844.3511092455265,
    "C_223_err": 110.25830999363582,
    "C_276": 33765.233530564736,
    "C_276_err": 234.93589050384688,
    "C_303": 78850.83484312463,
    "C_303_err": 297.25697877195876,
    "C_383": 29933.904812621244,
    "C_383_err": 188.50141900715565,
    "O_Ba133": 0.9594348353961272,
    "O_Ba133_err": 0.005843859983334303
}