{
    "C_79": 6661.422110419722,
    "C_79_err": 40.22011091936034,
    "C_81": 82702.18393690872,
    "C_81_err": 499.33647141394533,
    "C_356": 134057.77919063676,
    "C_356_err": 413.6236834917875,
    "C_161": 2622.11014375652,
    "C_161_err": 121.88920183967718,
    "C_223": 1615.016401763512,
    "C_223_err": 89.59995851365161,
    "C_276": 20007.453674478547,
    "C_276_err": 144.1726386471341,
    "C_303": 47424.67501091824,
    "C_303_err": 251.50793093654843,
    "C_383": 18195.79105337955,
    "C_383_err": 96.87756537960016,
    "O_Ba133": 0.6666051503079803,
    "O_Ba133_err": 0.004265474231502558
}