{
    "C_79": 7389.227003753667,
    "C_79_err": 40.587371996590285,
    "C_81": 91737.95034849395,
    "C_81_err": 503.89605233502664,
    "C_356": 138647.30090007032,
    "C_356_err": 400.93534706357616,
    "C_161": 2758.341130523435,
    "C_161_err": 82.74015167242234,
    "C_223": 1790.0553792229443,
    "C_223_err": 89.41921493826271,
    "C_276": 20676.425228930002,
    "C_276_err": 143.87080640949114,
    "C_303": 49008.61022338308,
    "C_303_err": 248.28094172343475,
    "C_383": 18792.41040125271,
    "C_383_err": 113.82865889812528,
    "O_Ba133": 0.7149593011096067,
    "O_Ba133_err": 0.004191526739575331
}