{
    "C_79": 8183.777341376988,
    "C_79_err": 49.56558042997543,
    "C_81": 101602.36774766192,
    "C_81_err": 615.3613570362987,
    "C_356": 143242.47778942584,
    "C_356_err": 371.121462424267,
    "C_161": 2850.592261120348,
    "C_161_err": 106.83715103224154,
    "C_223": 1778.972457878844,
    "C_223_err": 68.49543907416844,
    "C_276": 21368.636083187397,
    "C_276_err": 135.27274771813734,
    "C_303": 50555.93940229265,
    "C_303_err": 237.5617165499651,
    "C_383": 19463.959359026638,
    "C_383_err": 118.55187519751887,
    "O_Ba133": 0.766435674552003,
    "O_Ba133_err": 0.004745310271379682
}