{
    "C_79": 9562.730514573868,
    "C_79_err": 60.57489172720534,
    "C_81": 118722.20148282207,
    "C_81_err": 752.0429954056814,
    "C_356": 150405.52568905675,
    "C_356_err": 365.14548227452235,
    "C_161": 3135.968171679974,
    "C_161_err": 109.5441361083837,
    "C_223": 1919.3263406909875,
    "C_223_err": 63.67535023712264,
    "C_276": 22454.1471945335,
    "C_276_err": 133.5137107642966,
    "C_303": 53120.40850057555,
    "C_303_err": 214.17668688755856,
    "C_383": 20428.013064976985,
    "C_383_err": 115.9661626736317,
    "O_Ba133": 0.852926987952609,
    "O_Ba133_err": 0.005426873854101028
}