{
    "C_79": 15262.797916843552,
    "C_79_err": 102.36581183520815,
    "C_81": 189489.0760242028,
    "C_81_err": 1270.881211086169,
    "C_356": 173585.21405971903,
    "C_356_err": 439.8258539663804,
    "C_161": 3534.3855276753584,
    "C_161_err": 114.35050935811206,
    "C_223": 2234.026786004769,
    "C_223_err": 81.43980125545909,
    "C_276": 25801.403570232837,
    "C_276_err": 203.82344425886632,
    "C_303": 61309.49273766328,
    "C_303_err": 245.5225448228704,
    "C_383": 23725.057814149666,
    "C_383_err": 151.35984607354803,
    "O_Ba133": 1.1795467433683895,
    "O_Ba133_err": 0.007929852108815189
}