{
    "C_60": 3355656.8230592515,
    "C_60_err": 0.014248076946303811,
    "C_99_103": 7287.815294137922,
    "C_99_103_err": 1.2632426939077675e-08,
    "O_Am241": 460.4475672920019,
    "O_Am241_err": 1.955054780961527e-06
}