{
    "C_60": 1497993.4402687189,
    "C_60_err": 1634.9396879560077,
    "C_99_103": 40771.61958009006,
    "C_99_103_err": 373.7205951519837,
    "O_Am241": 36.741082539684825,
    "O_Am241_err": 0.33915485878979695
}