{
    "C_60": 1795831.253183501,
    "C_60_err": 0.008521753850319058,
    "C_99_103": 6253.415122185723,
    "C_99_103_err": 6.256957200828323e-05,
    "O_Am241": 287.176081884008,
    "O_Am241_err": 3.180157986652629e-06
}