{
    "C_60": 3723554.2295826413,
    "C_60_err": 0.015995701503621618,
    "C_99_103": 7476.501000766745,
    "C_99_103_err": 1.260426057054137e-08,
    "O_Am241": 498.0343384158948,
    "O_Am241_err": 2.1394637322624516e-06
}