{
    "C_60": 700610.8838334868,
    "C_60_err": 0.0031311955102353295,
    "C_99_103": 4852.519933125224,
    "C_99_103_err": 9.420687096374183e-09,
    "O_Am241": 144.3808358314696,
    "O_Am241_err": 6.452721160985616e-07
}