{
    "C_60": 1312002.0697871551,
    "C_60_err": 0.0050265206942468055,
    "C_99_103": 5759.768008556189,
    "C_99_103_err": 1.2188543697553775e-08,
    "O_Am241": 227.78731154417397,
    "O_Am241_err": 8.726951247949571e-07
}