{
    "C_60": 2212862.8752320157,
    "C_60_err": 0.0098115749034422,
    "C_99_103": 6566.008865265865,
    "C_99_103_err": 2.389438582555285e-05,
    "O_Am241": 337.01795423061986,
    "O_Am241_err": 1.933155432043872e-06
}