{
    "C_60": 4132778.9102279977,
    "C_60_err": 0.019441177782262287,
    "C_99_103": 7721.136738732182,
    "C_99_103_err": 2.0307706093891317e-08,
    "O_Am241": 535.255241562605,
    "O_Am241_err": 2.5179169180439515e-06
}