{
    "C_60": 568061.5278223661,
    "C_60_err": 0.0032337213818323107,
    "C_99_103": 4597.012413968971,
    "C_99_103_err": 1.7100517000732138e-09,
    "O_Am241": 123.57189336626413,
    "O_Am241_err": 7.034397773019649e-07
}