{
    "C_60": 862877.9691678012,
    "C_60_err": 0.004402268461995984,
    "C_99_103": 5120.794977258839,
    "C_99_103_err": 7.069069995166645e-05,
    "O_Am241": 168.50468979910218,
    "O_Am241_err": 2.4799215123919254e-06
}