{
    "C_60": 2726042.9598981123,
    "C_60_err": 0.012190803861598098,
    "C_99_103": 6949.441896286783,
    "C_99_103_err": 1.8216449275704086e-08,
    "O_Am241": 392.26789727599396,
    "O_Am241_err": 1.754213667484861e-06
}