{
    "C_60": 630757.3826426682,
    "C_60_err": 0.0027861111446325637,
    "C_99_103": 4734.408023855153,
    "C_99_103_err": 8.74658298580766e-06,
    "O_Am241": 133.22835282985443,
    "O_Am241_err": 6.378806369257166e-07
}