{
    "C_60": 3024661.8166980334,
    "C_60_err": 0.012798862291605317,
    "C_99_103": 7117.837708341786,
    "C_99_103_err": 9.360307002203375e-05,
    "O_Am241": 424.9411043965312,
    "O_Am241_err": 5.87035882493754e-06
}