{
    "C_60": 958651.1121384578,
    "C_60_err": 0.004234152290751858,
    "C_99_103": 5310.25272908934,
    "C_99_103_err": 3.2140758998053752e-09,
    "O_Am241": 180.5283403720142,
    "O_Am241_err": 7.97354202618965e-07
}