{
    "C_60": 4579585.698072696,
    "C_60_err": 0.019190918684905967,
    "C_99_103": 7915.224279357823,
    "C_99_103_err": 9.378955479043152e-09,
    "O_Am241": 578.5793979351708,
    "O_Am241_err": 2.424557886774608e-06
}