{
    "C_60": 2455635.455086367,
    "C_60_err": 0.012090517621401453,
    "C_99_103": 6719.402527606441,
    "C_99_103_err": 3.132370206365519e-09,
    "O_Am241": 365.4544351223893,
    "O_Am241_err": 1.7993441568532745e-06
}