{
    "C_60": 1497993.4402687189,
    "C_60_err": 0.01677561662901894,
    "C_99_103": 40771.619580090046,
    "C_99_103_err": 0.00044414845579439474,
    "O_Am241": 36.74108253968484,
    "O_Am241_err": 5.740096497264325e-07
}