{
    "C_60": 1618037.7492503906,
    "C_60_err": 0.00751230414049342,
    "C_99_103": 6064.585793478027,
    "C_99_103_err": 1.8611352111949012e-05,
    "O_Am241": 266.8010321480586,
    "O_Am241_err": 1.4848605514989555e-06
}