{
    "C_60": 777409.2408494613,
    "C_60_err": 0.003923687525630992,
    "C_99_103": 4991.487438710617,
    "C_99_103_err": 3.2990807631054266e-05,
    "O_Am241": 155.74700936245947,
    "O_Am241_err": 1.2952112958216403e-06
}