{
    "C_60": 1064852.777039904,
    "C_60_err": 0.004435602909071967,
    "C_99_103": 5432.711380734337,
    "C_99_103_err": 2.613382059243831e-06,
    "O_Am241": 196.00761064099973,
    "O_Am241_err": 8.218884909394795e-07
}