{
    "C_60": 1457342.8138729923,
    "C_60_err": 0.0065562336988334025,
    "C_99_103": 5898.715191002581,
    "C_99_103_err": 4.689768349580109e-09,
    "O_Am241": 247.0610576513177,
    "O_Am241_err": 1.1114681060066325e-06
}