{
    "C_60": 1992780.253946535,
    "C_60_err": 0.007085794745314011,
    "C_99_103": 6433.88155599619,
    "C_99_103_err": 6.058599132825873e-09,
    "O_Am241": 309.7321945706821,
    "O_Am241_err": 1.1013250604830197e-06
}