{
    "C_60": 1181680.61495887,
    "C_60_err": 0.005744445009434607,
    "C_99_103": 5593.737292833357,
    "C_99_103_err": 7.573004020395958e-05,
    "O_Am241": 211.25064569493242,
    "O_Am241_err": 3.0387727804288756e-06
}