{
    "C_1173": 76643.60817603164,
    "C_1173_err": 233.6572150956895,
    "C_1332": 69327.77002692281,
    "C_1332_err": 223.38317270884292
}