{
    "C_1173": 81035.86344879538,
    "C_1173_err": 248.93031402905598,
    "C_1332": 73165.3807971487,
    "C_1332_err": 260.9917485254924
}