{
    "C_1173": 25720.338894738412,
    "C_1173_err": 200.22407841912707,
    "C_1332": 22777.188501726014,
    "C_1332_err": 141.24752483453847
}