{
    "C_1173": 48885.36731717091,
    "C_1173_err": 214.4717758693055,
    "C_1332": 43971.491706735666,
    "C_1332_err": 194.32283452450667
}