{
    "C_1173": 25724.21818478196,
    "C_1173_err": 189.06054753907205,
    "C_1332": 22773.588111372515,
    "C_1332_err": 125.22624019446492
}