{
    "C_1173": 26215.955325668932,
    "C_1173_err": 208.43581222360515,
    "C_1332": 23216.411998078016,
    "C_1332_err": 151.54125714136097
}