{
    "C_1173": 65692.2244784137,
    "C_1173_err": 236.4448836857018,
    "C_1332": 59375.85566049295,
    "C_1332_err": 187.66345887229267
}