{
    "C_1173": 72688.13384917683,
    "C_1173_err": 254.4874714174355,
    "C_1332": 65760.46861519704,
    "C_1332_err": 242.62681409107034
}