{
    "C_1173": 62500.01143535903,
    "C_1173_err": 294.5779857193127,
    "C_1332": 56385.393720426364,
    "C_1332_err": 215.70022549737135
}