{
    "C_1173": 92005.46106627966,
    "C_1173_err": 312.4115873686606,
    "C_1332": 82977.54698783033,
    "C_1332_err": 247.99139616144137
}