{
    "C_1173": 64262.06851740195,
    "C_1173_err": 278.7722657215157,
    "C_1332": 58038.13027874918,
    "C_1332_err": 238.22829809818012
}