{
    "C_1173": 59587.80814770398,
    "C_1173_err": 247.19666605200754,
    "C_1332": 53632.00930450094,
    "C_1332_err": 254.73191796935103
}