{
    "C_1173": 26218.26434709472,
    "C_1173_err": 184.57539711310199,
    "C_1332": 23215.94469568546,
    "C_1332_err": 132.08551698619922
}