{
    "C_1173": 85924.97976941746,
    "C_1173_err": 292.3192469232775,
    "C_1332": 77501.6976155415,
    "C_1332_err": 212.31446978784967
}