{
    "C_1173": 69113.62300104517,
    "C_1173_err": 313.166041884631,
    "C_1332": 62447.97011430734,
    "C_1332_err": 199.7567108111622
}