{
    "C_60": 5289685.800405436,
    "C_60_err": 10840.22483560197,
    "C_99_103": 7256.070487883256,
    "C_99_103_err": 97.5401987164931,
    "O_Am241": 729.0014353138603,
    "O_Am241_err": 9.912871293384669
}