{
    "C_60": 874893.8583353146,
    "C_60_err": 2448.2502699332344,
    "C_99_103": 4153.300654858986,
    "C_99_103_err": 60.04469841263512,
    "O_Am241": 210.65025892401215,
    "O_Am241_err": 3.1019175388019735
}