{
    "C_60": 6830415.117687644,
    "C_60_err": 14498.271172985236,
    "C_99_103": 7781.726650288016,
    "C_99_103_err": 87.6955191448274,
    "O_Am241": 877.7505847541996,
    "O_Am241_err": 10.06566774577508
}