{
    "C_60": 5351105.44127136,
    "C_60_err": 9257.616492345882,
    "C_99_103": 13267.833858407135,
    "C_99_103_err": 165.32323062278587,
    "O_Am241": 403.31417308791845,
    "O_Am241_err": 5.07368493153563
}