{
    "C_60": 6830415.117687644,
    "C_60_err": 9.349948650962114e-05,
    "C_99_103": 7781.726650288016,
    "C_99_103_err": 1.4365557636070284e-05,
    "O_Am241": 877.7505847541996,
    "O_Am241_err": 1.620427423141451e-06
}