{
    "C_60": 4223623.4567133505,
    "C_60_err": 9169.90593120665,
    "C_99_103": 6751.9373943472965,
    "C_99_103_err": 82.52384928522255,
    "O_Am241": 625.5424495270582,
    "O_Am241_err": 7.765222131076582
}