{
    "C_60": 4717505.503009744,
    "C_60_err": 9970.986743060634,
    "C_99_103": 6983.806820729827,
    "C_99_103_err": 78.33813192876468,
    "O_Am241": 675.4919808215359,
    "O_Am241_err": 7.710406764523181
}