{
    "C_60": 1458300.832769758,
    "C_60_err": 3470.710844458393,
    "C_99_103": 4931.021328642998,
    "C_99_103_err": 73.44774201000196,
    "O_Am241": 295.7401186441589,
    "O_Am241_err": 4.460937136495758
}