{
    "C_60": 3787415.2092689397,
    "C_60_err": 7869.046033650286,
    "C_99_103": 6503.6350058990865,
    "C_99_103_err": 78.80124611819835,
    "O_Am241": 582.3535923885005,
    "O_Am241_err": 7.15906956132232
}