{
    "C_60": 1186105.1022188847,
    "C_60_err": 3152.9041456429663,
    "C_99_103": 4605.384030537431,
    "C_99_103_err": 67.20488983837672,
    "O_Am241": 257.5474910135715,
    "O_Am241_err": 3.8201534073674357
}