{
    "C_60": 966991.6472214079,
    "C_60_err": 2443.5365517676614,
    "C_99_103": 4339.488487786246,
    "C_99_103_err": 73.74901215309373,
    "O_Am241": 222.83539867499698,
    "O_Am241_err": 3.828691051796319
}