{
    "C_60": 3053962.550036842,
    "C_60_err": 6423.2565270745,
    "C_99_103": 6087.444034686385,
    "C_99_103_err": 88.95517518551821,
    "O_Am241": 501.68223849538475,
    "O_Am241_err": 7.406575815377523
}