{
    "C_60": 3400492.226982802,
    "C_60_err": 7623.978477063441,
    "C_99_103": 6315.775682470145,
    "C_99_103_err": 80.72289614035435,
    "O_Am241": 538.4124449544803,
    "O_Am241_err": 6.9866050700164
}