{
    "C_60": 5351105.44127136,
    "C_60_err": 0.04126944425510537,
    "C_99_103": 13267.833858407144,
    "C_99_103_err": 0.00017546723583761076,
    "O_Am241": 403.31417308791816,
    "O_Am241_err": 6.174538322574492e-06
}