{
    "C_60": 1618403.6209249035,
    "C_60_err": 3672.9640250932653,
    "C_99_103": 5102.563239799792,
    "C_99_103_err": 70.3828679224444,
    "O_Am241": 317.17463260453474,
    "O_Am241_err": 4.433811433870873
}