{
    "C_60": 1998278.5385165191,
    "C_60_err": 4303.152744026029,
    "C_99_103": 5412.343726015475,
    "C_99_103_err": 81.0540017878557,
    "O_Am241": 369.2076186720011,
    "O_Am241_err": 5.586037762677743
}