{
    "C_60": 791154.9771230144,
    "C_60_err": 2028.8098888371285,
    "C_99_103": 4025.527943757821,
    "C_99_103_err": 65.47696461955813,
    "O_Am241": 196.53446409428548,
    "O_Am241_err": 3.2362033147426295
}