{
    "C_60": 5972749.803763974,
    "C_60_err": 12858.278603680285,
    "C_99_103": 7511.356628300249,
    "C_99_103_err": 96.59431021406792,
    "O_Am241": 795.1625917028989,
    "O_Am241_err": 10.36790504677307
}