{
    "C_60": 2469069.854357341,
    "C_60_err": 5468.207665373446,
    "C_99_103": 5750.984498948466,
    "C_99_103_err": 76.54949198133893,
    "O_Am241": 429.3299442571608,
    "O_Am241_err": 5.793233254056416
}