{
    "C_60": 1315280.6749451582,
    "C_60_err": 3509.939774757717,
    "C_99_103": 4745.760705053038,
    "C_99_103_err": 79.5742761490997,
    "O_Am241": 277.1485451309663,
    "O_Am241_err": 4.705558925874872
}