{
    "C_60": 2220652.7660989817,
    "C_60_err": 4729.4518195987275,
    "C_99_103": 5565.723622138183,
    "C_99_103_err": 81.82746124960894,
    "O_Am241": 398.98725069030183,
    "O_Am241_err": 5.927152523271925
}