{
    "C_60": 1070995.5668118026,
    "C_60_err": 2765.443156036321,
    "C_99_103": 4414.671277185755,
    "C_99_103_err": 77.26338194832579,
    "O_Am241": 242.59916527568416,
    "O_Am241_err": 4.291811441481749
}