{
    "C_60": 2745784.3070793618,
    "C_60_err": 6042.687475422961,
    "C_99_103": 5881.70375796623,
    "C_99_103_err": 77.62407671343861,
    "O_Am241": 466.83485263269984,
    "O_Am241_err": 6.246146673582455
}