{
    "C_60": 1797875.319177258,
    "C_60_err": 4046.109511204567,
    "C_99_103": 5244.052775853153,
    "C_99_103_err": 70.20221084332724,
    "O_Am241": 342.8408133983286,
    "O_Am241_err": 4.654016835779518
}