{
    "C_79": 14771.54084644557,
    "C_79_err": 75.20120872519033,
    "C_81": 183390.0731502161,
    "C_81_err": 933.6301007768913,
    "C_356": 206326.27770117647,
    "C_356_err": 746.0980216882899,
    "C_161": 4391.61135640736,
    "C_161_err": 143.24728033650095,
    "C_223": 2358.31741531858,
    "C_223_err": 80.1808813748431,
    "C_276": 30552.737458521704,
    "C_276_err": 169.601159961149,
    "C_303": 72357.08870648043,
    "C_303_err": 307.01761481240993,
    "C_383": 27782.299598222555,
    "C_383_err": 174.07703405289982,
    "O_Ba133": 0.9604283865560754,
    "O_Ba133_err": 0.005715806652134274
}