{
    "C_79": 3465.3070745936416,
    "C_79_err": 25.42295841566475,
    "C_81": 43022.11424684098,
    "C_81_err": 315.62842712278126,
    "C_356": 50421.6136688026,
    "C_356_err": 199.74647390708634,
    "C_161": 1027.4226000799752,
    "C_161_err": 72.18500136088016,
    "C_223": 717.68001717119,
    "C_223_err": 54.914368410020394,
    "C_276": 7554.952698209025,
    "C_276_err": 98.85495369887995,
    "C_303": 17622.05298453278,
    "C_303_err": 145.65872376539411,
    "C_383": 6576.242542577297,
    "C_383_err": 102.61112123460089,
    "O_Ba133": 0.9219740888657401,
    "O_Ba133_err": 0.007264937755705599
}