{
    "C_79": 39107.14642576826,
    "C_79_err": 91.90471823255218,
    "C_81": 485518.9122293378,
    "C_81_err": 1141.0057471135724,
    "C_356": 834556.829265946,
    "C_356_err": 1643.8923716048726,
    "C_161": 13381.142685997469,
    "C_161_err": 194.17968501804822,
    "C_223": 8528.877707251953,
    "C_223_err": 152.0267861155944,
    "C_276": 113190.28389224916,
    "C_276_err": 314.7985462292229,
    "C_303": 279688.1371176968,
    "C_303_err": 533.3842750004426,
    "C_383": 117640.35314124354,
    "C_383_err": 394.1317651221816,
    "O_Ba133": 0.6286283213529665,
    "O_Ba133_err": 0.0018478762765902794
}