{
    "C_79": 74261.45155015842,
    "C_79_err": 172.70640266884598,
    "C_81": 921962.9267925342,
    "C_81_err": 2144.166282190578,
    "C_356": 977544.8818577684,
    "C_356_err": 2805.6645177157498,
    "C_161": 17098.461347670367,
    "C_161_err": 221.31802263236565,
    "C_223": 10279.955631910081,
    "C_223_err": 125.89258103162618,
    "C_276": 132484.36305630647,
    "C_276_err": 357.31302223941753,
    "C_303": 327523.17591544724,
    "C_303_err": 576.5712861752171,
    "C_383": 139834.37445138776,
    "C_383_err": 752.3077223149269,
    "O_Ba133": 1.0191085819501453,
    "O_Ba133_err": 0.0036602838173514147
}