{
    "C_79": 4402.237116789475,
    "C_79_err": 25.84418331198681,
    "C_81": 54654.18911032945,
    "C_81_err": 320.8579739488174,
    "C_356": 79154.25708501763,
    "C_356_err": 337.44686806457327,
    "C_161": 1184.1991324957035,
    "C_161_err": 66.74564550271924,
    "C_223": 751.0931499452821,
    "C_223_err": 41.90824558703856,
    "C_276": 10820.386528859195,
    "C_276_err": 119.16477211985409,
    "C_303": 25806.057189443658,
    "C_303_err": 178.114864996884,
    "C_383": 10831.891318858203,
    "C_383_err": 95.55355229661554,
    "O_Ba133": 0.7460928622409768,
    "O_Ba133_err": 0.005162849455916943
}