{
    "C_79": 57511.40435063119,
    "C_79_err": 131.69241554390058,
    "C_81": 714009.5106172885,
    "C_81_err": 1634.973762790313,
    "C_356": 920037.5344128372,
    "C_356_err": 2158.629650689099,
    "C_161": 15287.073354916052,
    "C_161_err": 244.0830904947307,
    "C_223": 9597.39847326658,
    "C_223_err": 184.7041483275595,
    "C_276": 124919.34578096775,
    "C_276_err": 280.7185983116824,
    "C_303": 308659.69202303473,
    "C_303_err": 625.1755404470103,
    "C_383": NaN,
    "C_383_err": NaN,
    "O_Ba133": 0.8385754777497203,
    "O_Ba133_err": 0.0026550956682263823
}