{
    "C_79": 18571.115076181068,
    "C_79_err": 58.590098683927906,
    "C_81": 230562.14566277553,
    "C_81_err": 727.4016025287654,
    "C_356": 683472.3097420944,
    "C_356_err": 1045.796602220536,
    "C_161": 10127.84442956882,
    "C_161_err": 229.5862076169015,
    "C_223": NaN,
    "C_223_err": NaN,
    "C_276": 92675.99210128035,
    "C_276_err": 346.4687053901857,
    "C_303": 228783.39553139813,
    "C_303_err": 536.0767113269198,
    "C_383": 95514.12891894692,
    "C_383_err": 307.6928264531823,
    "O_Ba133": 0.3645111253050852,
    "O_Ba133_err": 0.0012046197056620933
}