{
    "C_79": 65370.56719455775,
    "C_79_err": 147.4433814489399,
    "C_81": 811581.7587550392,
    "C_81_err": 1830.5234904415559,
    "C_356": 949136.8287000774,
    "C_356_err": 2461.091292099489,
    "C_161": 15988.74093438627,
    "C_161_err": 219.99771773048843,
    "C_223": 9713.751928726859,
    "C_223_err": 183.24360531067506,
    "C_276": 128690.09808292847,
    "C_276_err": 409.83376239010516,
    "C_303": 318212.5271809174,
    "C_303_err": 593.9404935102053,
    "C_383": 135261.1867145719,
    "C_383_err": 392.42728828919,
    "O_Ba133": 0.9239472112262853,
    "O_Ba133_err": 0.003079519852212333
}