{
    "C_79": 49259.052964104754,
    "C_79_err": 102.17428624585634,
    "C_81": 611555.7896298273,
    "C_81_err": 1268.5034028259145,
    "C_356": 885114.5000409484,
    "C_356_err": 1906.0853390058282,
    "C_161": 14197.748935237138,
    "C_161_err": 190.34597190257543,
    "C_223": 9026.656694896934,
    "C_223_err": 188.8486188376729,
    "C_276": 119994.55788106749,
    "C_276_err": 412.4776133191819,
    "C_303": 297009.37669967685,
    "C_303_err": 587.4694245567891,
    "C_383": NaN,
    "C_383_err": NaN,
    "O_Ba133": 0.7465868456152966,
    "O_Ba133_err": 0.00215688792251151
}