{
    "C_79": 83518.37175804685,
    "C_79_err": 210.46118358725204,
    "C_81": 1036888.4644678485,
    "C_81_err": 2612.8954490643746,
    "C_356": 997201.8209976928,
    "C_356_err": 3083.1159322130047,
    "C_161": 17811.21491795795,
    "C_161_err": 223.85283695119156,
    "C_223": 10278.41185477305,
    "C_223_err": 160.75595426314084,
    "C_276": 134807.94255426378,
    "C_276_err": 369.9844852264267,
    "C_303": 333509.56012683007,
    "C_303_err": 580.3557137008102,
    "C_383": 143258.20296758087,
    "C_383_err": 2024.5706499860914,
    "O_Ba133": 1.1235507322930247,
    "O_Ba133_err": 0.004356274119079278
}