{
    "C_79": 44448.180167112194,
    "C_79_err": 101.63997774398155,
    "C_81": 551828.3499992385,
    "C_81_err": 1261.8699123686765,
    "C_356": 862265.7218438524,
    "C_356_err": 1917.6936535433179,
    "C_161": 13818.199881881894,
    "C_161_err": 223.2838564991912,
    "C_223": 8919.270263849454,
    "C_223_err": 138.3377774940702,
    "C_276": 116978.4233732433,
    "C_276_err": 346.6448760499561,
    "C_303": 289189.18777218636,
    "C_303_err": 660.5384780466471,
    "C_383": 121821.7460703891,
    "C_383_err": 356.4634221415975,
    "O_Ba133": 0.6915229436365444,
    "O_Ba133_err": 0.0021262300375876004
}