{
    "C_79": 50541.08382927523,
    "C_79_err": 108.5920993406977,
    "C_81": 627472.3237672286,
    "C_81_err": 1348.1811578524357,
    "C_356": 890880.5115888842,
    "C_356_err": 2027.3097030368217,
    "C_161": 14532.357025852983,
    "C_161_err": 213.96892352122757,
    "C_223": 9309.606679792281,
    "C_223_err": 179.1201581634669,
    "C_276": 120746.67255339942,
    "C_276_err": 358.9114019655544,
    "C_303": 298974.2400872361,
    "C_303_err": 533.44943274005,
    "C_383": 126117.49053683046,
    "C_383_err": 402.41026934162596,
    "O_Ba133": 0.7610598714156042,
    "O_Ba133_err": 0.002303129573160564
}