{
    "C_60": 83026.40177473822,
    "C_60_err": 1.6629100341652514e-06,
    "C_99_103": 2943.2124833371818,
    "C_99_103_err": 2.763382430591637e-05,
    "O_Am241": 28.20944877231499,
    "O_Am241_err": 2.648591391951842e-07
}