{
    "C_60": 121709.98945348096,
    "C_60_err": 2.1361807969435187e-06,
    "C_99_103": 3176.7622093470413,
    "C_99_103_err": 1.1238408955876494e-05,
    "O_Am241": 38.31259044047162,
    "O_Am241_err": 1.3553984534935368e-07
}