{
    "C_60": 585487.264849881,
    "C_60_err": 1.1302384666884643e-05,
    "C_99_103": 4244.559861004461,
    "C_99_103_err": 4.767622028121411e-05,
    "O_Am241": 137.93827487953658,
    "O_Am241_err": 1.5493680160130906e-06
}