{
    "C_60": 2914860.768107214,
    "C_60_err": 5.183148933392279e-05,
    "C_99_103": 6706.720500409279,
    "C_99_103_err": 1.9370873990035433e-05,
    "O_Am241": 434.61789826030974,
    "O_Am241_err": 1.2553211499370048e-06
}