{
    "C_60": 777550.8023141499,
    "C_60_err": 1.5078179480139918e-05,
    "C_99_103": 4559.746080470927,
    "C_99_103_err": 3.423773815078724e-05,
    "O_Am241": 170.5250223569127,
    "O_Am241_err": 1.2804244865686013e-06
}