{
    "C_60": 3444372.8787068073,
    "C_60_err": 6.135998901000972e-05,
    "C_99_103": 7103.3826036828905,
    "C_99_103_err": 1.8669911620404314e-05,
    "O_Am241": 484.8919269702583,
    "O_Am241_err": 1.274476945986804e-06
}