{
    "C_60": 1289026.4121124458,
    "C_60_err": 2.319198384506064e-05,
    "C_99_103": 5211.2570158976205,
    "C_99_103_err": 6.230353354336435e-05,
    "O_Am241": 247.35421956355296,
    "O_Am241_err": 2.957263347285572e-06
}