{
    "C_60": 97834.22385368918,
    "C_60_err": 2.018691411799186e-06,
    "C_99_103": 3029.909655153273,
    "C_99_103_err": 3.305621569492856e-05,
    "O_Am241": 32.28948549251053,
    "O_Am241_err": 3.5227786553182437e-07
}