{
    "C_60": 3990030.695743545,
    "C_60_err": 7.268643940202754e-05,
    "C_99_103": 7490.199093157977,
    "C_99_103_err": 9.555289682690687e-05,
    "O_Am241": 532.700218795024,
    "O_Am241_err": 6.79569398770649e-06
}