{
    "C_60": 311741.37007133523,
    "C_60_err": 6.005069837131637e-06,
    "C_99_103": 3711.519912048428,
    "C_99_103_err": 3.269265284839135e-05,
    "O_Am241": 83.99291326966957,
    "O_Am241_err": 7.398472287637826e-07
}