{
    "C_60": 1616592.608928862,
    "C_60_err": 3.090682218883246e-05,
    "C_99_103": 5534.278192403734,
    "C_99_103_err": 3.8897397045493655e-05,
    "O_Am241": 292.10541153275824,
    "O_Am241_err": 2.0530558479644905e-06
}