{
    "C_60": 1225784.4665569805,
    "C_60_err": 2906.910066175291,
    "C_99_103": 43577.660473029784,
    "C_99_103_err": 419.6859291831113,
    "O_Am241": 28.12873507322906,
    "O_Am241_err": 0.27899306551749653
}