{
    "C_60": 1225784.4665569805,
    "C_60_err": 2.3356818237407068e-06,
    "C_99_103": 43577.66047302978,
    "C_99_103_err": 0.00022089304600833988,
    "O_Am241": 28.128735073229063,
    "O_Am241_err": 1.425832030045138e-07
}