{
    "C_60": 221492.56058123548,
    "C_60_err": 4.384547300254559e-06,
    "C_99_103": 3552.5462979396393,
    "C_99_103_err": 1.8338680528584595e-05,
    "O_Am241": 62.3475507440097,
    "O_Am241_err": 3.218480846518425e-07
}