{
    "C_60": 4570347.051305876,
    "C_60_err": 8.331474075974968e-05,
    "C_99_103": 7897.239343010863,
    "C_99_103_err": 6.449852638923363e-05,
    "O_Am241": 578.7271795618908,
    "O_Am241_err": 4.726606554752885e-06
}