{
    "C_60": 2428971.472666313,
    "C_60_err": 4.315048745399605e-05,
    "C_99_103": 6293.56877440813,
    "C_99_103_err": 6.282063519511638e-05,
    "O_Am241": 385.94501144459844,
    "O_Am241_err": 3.852400766055501e-06
}