{
    "C_60": 160195.00073407282,
    "C_60_err": 3.1034206162913226e-06,
    "C_99_103": 3344.8994272602804,
    "C_99_103_err": 9.269805387551249e-06,
    "O_Am241": 47.89232209151483,
    "O_Am241_err": 1.3272846074945753e-07
}