{
    "C_60": 1996608.868978724,
    "C_60_err": 3.7332409790731894e-05,
    "C_99_103": 5872.292427805589,
    "C_99_103_err": 3.355534631968797e-05,
    "O_Am241": 340.0050139745569,
    "O_Am241_err": 1.9428608527046454e-06
}