{
    "C_60": 55888.072607124275,
    "C_60_err": 1.0995459267165502e-06,
    "C_99_103": 2652.6713462822045,
    "C_99_103_err": 3.6755558373490846e-05,
    "O_Am241": 21.068600407454554,
    "O_Am241_err": 2.919279668120023e-07
}