{
    "C_60": 1010547.6032791544,
    "C_60_err": 1.8540473370552008e-05,
    "C_99_103": 4905.943874257036,
    "C_99_103_err": 6.815736988397362e-05,
    "O_Am241": 205.98433842298965,
    "O_Am241_err": 2.8617047700463515e-06
}