{
    "C_60": 432220.2220327054,
    "C_60_err": 8.448532546045115e-06,
    "C_99_103": 3989.778435658223,
    "C_99_103_err": 4.852262108755365e-05,
    "O_Am241": 108.33188584353027,
    "O_Am241_err": 1.3175052005171705e-06
}