{
    "C_60": 63114.79575258569,
    "C_60_err": 1.58308216761569e-06,
    "C_99_103": 2727.4957397464555,
    "C_99_103_err": 1.2476544133753216e-05,
    "O_Am241": 23.14019957312665,
    "O_Am241_err": 1.0585316679168544e-07
}