{
    "C_60": 72468.13463974322,
    "C_60_err": 1.6137170404098762e-06,
    "C_99_103": 2829.9522689163314,
    "C_99_103_err": 9.97914550867669e-06,
    "O_Am241": 25.60754661331914,
    "O_Am241_err": 9.030064985779336e-08
}