{
    "cuspEmax_ctc": {
        "resolution": [
            0.37954221646615816,
            0.0014059668294775453,
            5.405506234262268e-20
        ],
        "calibration": [
            0.11484115956319223,
            0.12247233678562827
        ]
    }
}